step,time,reward,cost,goal_error_norm,d_min,risk_global,beta,closest_link,safety_violation,collision,collision_any,collision_capsule_overlap,collision_pybullet_contact,termination_collision,termination_reason,unavoidable_collision,avoidable_collision,collision_avoidability_reason,safe_stop_infeasible_first_step,safe_stop_infeasible_last_step,safe_stop_h_drift_mps,safe_stop_drift_class,collision_contact_link_indices,collision_contact_link_names,collision_min_contact_distance,success,qdot_norm,acc_norm,jerk_norm,qdot_requested_norm,risk_speed_scale,risk_speed_h_min_m,recovery_active,recovery_triggered,recovery_success,recovery_initially_unsafe,recovery_initial_h_min_m,recovery_command_norm,safety_filter_status,safety_filter_reason,safety_filter_intervention_norm,safety_filter_safe_stop,safety_filter_active_constraints,safety_filter_constraint_count,safety_filter_active_constraint_categories,safety_filter_max_constraint_category,safety_filter_infeasible_constraint_categories,safety_filter_infeasibility_diagnostic_status,safety_filter_projection_iterations,safety_filter_fallback_used,safety_filter_qp_solver_used,safety_filter_qp_solver_status,safety_filter_fallback_stage,safety_filter_max_constraint_violation,predictive_risk_status,predictive_h_min_m,predictive_max_link_speed_bound_mps,predictive_link_velocity_norms_mps,predictive_h_by_link_m,predictive_distance_by_link_m,predictive_robust_distance_by_link_m,predictive_time_by_link_s,safety_jacobian_command_by_link_mps,safety_drift_by_link_mps,safety_constraint_residual_by_link_mps,filter_obstacle_position_m,filter_obstacle_velocity_mps,safety_filter_solve_time_s,safety_filter_predictive_risk_time_s,safety_filter_jacobian_workspace_time_s,safety_filter_projection_time_s
0,0.05,0.08769219440043542,0.0,0.3213043808937073,1.5,0.0,0.35,0,0,0,0,0,0,0,,0,0,,-1,-1,nan,not_applicable,,,nan,0,0.6665070652961731,13.330141067504883,266.6028137207031,0.6665070652961731,1.0,nan,0,0,0,0,nan,0.0,not_enabled,,nan,0,0,0,,,,,0,0,0,,,nan,not_enabled,nan,nan,,,,,,,,,,,nan,nan,nan,nan
1,0.1,0.4055824713888066,0.0,0.28911513090133667,1.5,0.0,0.35,0,0,0,0,0,0,0,,0,0,,-1,-1,nan,not_applicable,,,nan,0,1.057277798652649,8.154085159301758,128.41964721679688,1.057277798652649,1.0,nan,0,0,0,0,nan,0.0,not_enabled,,nan,0,0,0,,,,,0,0,0,,,nan,not_enabled,nan,nan,,,,,,,,,,,nan,nan,nan,nan
2,0.15000000000000002,0.6183435000333228,0.0,0.24768556654453278,1.5,0.0,0.35,0,0,0,0,0,0,0,,0,0,,-1,-1,nan,not_applicable,,,nan,0,1.299869418144226,6.850093364715576,104.69171905517578,1.299869418144226,1.0,nan,0,0,0,0,nan,0.0,not_enabled,,nan,0,0,0,,,,,0,0,0,,,nan,not_enabled,nan,nan,,,,,,,,,,,nan,nan,nan,nan
3,0.2,0.7461631627374176,0.0,0.20153306424617767,1.5,0.0,0.35,0,0,0,0,0,0,0,,0,0,,-1,-1,nan,not_applicable,,,nan,0,1.470840573310852,5.788546562194824,71.58692169189453,1.470840573310852,1.0,nan,0,0,0,0,nan,0.0,not_enabled,,nan,0,0,0,,,,,0,0,0,,,nan,not_enabled,nan,nan,,,,,,,,,,,nan,nan,nan,nan
4,0.25,0.7342486389686259,0.0,0.15778090059757233,1.5,0.0,0.35,0,0,0,0,0,0,0,,0,0,,-1,-1,nan,not_applicable,,,nan,0,1.5294857025146484,5.916656017303467,100.47386169433594,1.5294857025146484,1.0,nan,0,0,0,0,nan,0.0,not_enabled,,nan,0,0,0,,,,,0,0,0,,,nan,not_enabled,nan,nan,,,,,,,,,,,nan,nan,nan,nan
5,0.30000000000000004,0.6442008078560097,0.0,0.1201930120587349,1.5,0.0,0.35,0,0,0,0,0,0,0,,0,0,,-1,-1,nan,not_applicable,,,nan,0,1.5390974283218384,5.906323432922363,68.35541534423828,1.5390974283218384,1.0,nan,0,0,0,0,nan,0.0,not_enabled,,nan,0,0,0,,,,,0,0,0,,,nan,not_enabled,nan,nan,,,,,,,,,,,nan,nan,nan,nan
6,0.35000000000000003,0.5531060895094777,0.0,0.08842496573925018,1.5,0.0,0.35,0,0,0,0,0,0,0,,0,0,,-1,-1,nan,not_applicable,,,nan,0,1.5293169021606445,5.550490856170654,90.00892639160156,1.5293169021606445,1.0,nan,0,0,0,0,nan,0.0,not_enabled,,nan,0,0,0,,,,,0,0,0,,,nan,not_enabled,nan,nan,,,,,,,,,,,nan,nan,nan,nan
7,0.4,0.46457562791696744,0.0,0.062014658004045486,1.5,0.0,0.35,0,0,0,0,0,0,0,,0,0,,-1,-1,nan,not_applicable,,,nan,0,1.4968147277832031,5.584151744842529,65.92850494384766,1.4968147277832031,1.0,nan,0,0,0,0,nan,0.0,not_enabled,,nan,0,0,0,,,,,0,0,0,,,nan,not_enabled,nan,nan,,,,,,,,,,,nan,nan,nan,nan
8,0.45,20.3466216725869,0.0,0.04245805740356445,1.5,0.0,0.35,0,0,0,0,0,0,0,,0,0,,-1,-1,nan,not_applicable,,,nan,1,1.4351747035980225,4.232924461364746,49.21034240722656,1.4351747035980225,1.0,nan,0,0,0,0,nan,0.0,not_enabled,,nan,0,0,0,,,,,0,0,0,,,nan,not_enabled,nan,nan,,,,,,,,,,,nan,nan,nan,nan
