step,total_steps,episode,episode_length,latest_reward,latest_cost,episode_reward,episode_cost,risk_global,d_min,success,collision,collision_any,collision_capsule_overlap,collision_pybullet_contact,termination_collision,safety_filter_status,safety_filter_intervention_norm,safety_filter_safe_stop,safety_filter_max_constraint_violation,predictive_h_min_m,predictive_max_link_speed_bound_mps,predictive_link_velocity_norms_mps,safety_filter_solve_time_s,lambda,alpha,replay_size
240500,440000,12,84,-0.7061737702230269,0.10039150714874268,-30.925746149566205,13.365452468395233,0.10039150714874268,0.33199363946914673,0,0,0,0,0,0,not_enabled,nan,False,nan,nan,nan,,nan,0.0,0.005849509499967098,500
241000,440000,14,104,-0.5694155504947664,0.030399203300476074,-27.908141058408514,6.107201632112265,0.030399203300476074,0.5371383428573608,0,0,0,0,0,0,not_enabled,nan,False,nan,nan,nan,,nan,0.0,0.007132283877581358,1000
241500,440000,16,124,-0.6161037659735533,0.15472811460494995,-40.334762138632094,7.31591684371233,0.15472811460494995,0.45029523968696594,0,0,0,0,0,0,not_enabled,nan,False,nan,nan,nan,,nan,0.0,0.008360094390809536,1500
242000,440000,19,187,-1.7365191626777152,0.2716670334339142,-288.8753424465205,17.2753771468997,0.2716670334339142,0.5739632248878479,0,0,0,0,0,0,not_enabled,nan,False,nan,nan,nan,,nan,0.0,0.00939930509775877,2000
242500,440000,22,191,-0.6799060077102377,0.029933657497167587,-90.45819625317067,10.144547106698155,0.029933657497167587,0.5408066511154175,0,0,0,0,0,0,not_enabled,nan,False,nan,nan,nan,,nan,0.0,0.010736329481005669,2500
243000,440000,27,213,-0.10093556496096945,0.02197044901549816,-25.564741068896016,7.0431718695908785,0.02197044901549816,0.6792969703674316,0,0,0,0,0,0,not_enabled,nan,False,nan,nan,nan,,nan,0.0,0.012141509912908077,3000
243500,440000,30,182,-0.11163601712663879,0.04077472537755966,-26.175261480531482,11.579973720014095,0.04077472537755966,0.5024341940879822,0,0,0,0,0,0,not_enabled,nan,False,nan,nan,nan,,nan,0.0,0.013331558555364609,3500
244000,440000,33,104,-0.23673263453616641,0.020237840712070465,-9.949388264890025,3.518641419708729,0.020237840712070465,0.6655892133712769,0,0,0,0,0,0,not_enabled,nan,False,nan,nan,nan,,nan,0.0,0.014384071342647076,4000
244500,440000,36,19,20.23197476127592,0.04346631467342377,21.652021816646236,1.020347435027361,0.04346631467342377,0.46363741159439087,1,0,0,0,0,0,not_enabled,nan,False,nan,nan,nan,,nan,0.0,0.01542789675295353,4500
245000,440000,40,2,-0.4615894784196465,0.24930700659751892,-1.0695144305507671,0.42375315725803375,0.24930700659751892,0.3572337031364441,0,0,0,0,0,0,not_enabled,nan,False,nan,nan,nan,,nan,0.0,0.01628333143889904,5000
245500,440000,43,37,-0.15383020950355736,0.1140131726861,-4.397617296677359,5.750469788908958,0.1140131726861,0.31424522399902344,0,0,0,0,0,0,not_enabled,nan,False,nan,nan,nan,,nan,0.0,0.01683429256081581,5500
246000,440000,48,16,0.09876663863472565,0.03049587458372116,1.8089806480095014,0.44617902487516403,0.03049587458372116,0.6091663241386414,0,0,0,0,0,0,not_enabled,nan,False,nan,nan,nan,,nan,0.0,0.016957662999629974,6000
246500,440000,54,66,-0.24639318737366753,0.18472322821617126,-20.953598429572107,12.110555872321129,0.18472322821617126,0.2551891505718231,0,0,0,0,0,0,not_enabled,nan,False,nan,nan,nan,,nan,0.0,0.0167455542832613,6500
247000,440000,58,42,-0.016478601304575916,0.04700886085629463,0.367181706586172,2.0038534849882126,0.04700886085629463,0.5335710048675537,0,0,0,0,0,0,not_enabled,nan,False,nan,nan,nan,,nan,0.0,0.016590680927038193,7000
247500,440000,60,62,-0.41654958678978915,0.2983795702457428,-11.111378827688432,10.462488375604153,0.2983795702457428,0.2888147830963135,0,0,0,0,0,0,not_enabled,nan,False,nan,nan,nan,,nan,0.0,0.017110265791416168,7500
248000,440000,65,50,-0.28560816867984673,0.13868972659111023,-10.628889844247917,8.66094832867384,0.13868972659111023,0.2875578701496124,0,0,0,0,0,0,not_enabled,nan,False,nan,nan,nan,,nan,0.0,0.01731710135936737,8000
248500,440000,68,131,-0.2181468598905829,0.06760168075561523,-16.73509200160439,12.120578780770302,0.06760168075561523,0.3900775611400604,0,0,0,0,0,0,not_enabled,nan,False,nan,nan,nan,,nan,0.0,0.01658773049712181,8500
249000,440000,73,8,-0.0038629527576267697,0.19473157823085785,-0.7540161454601098,1.489092618227005,0.19473157823085785,0.3839995563030243,0,0,0,0,0,0,not_enabled,nan,False,nan,nan,nan,,nan,0.0,0.016342081129550934,9000
249500,440000,80,83,-3.7813011988375713,3.829637885093689,-56.11648263520853,46.07873297482729,0.829637885093689,0.0600074902176857,0,0,0,0,0,0,not_enabled,nan,False,nan,nan,nan,,nan,0.0,0.016886373981833458,9500
250000,440000,83,102,-0.16302111293917285,0.02687450498342514,-6.139283343620801,4.651466710492969,0.02687450498342514,0.5681819319725037,0,0,0,0,0,0,not_enabled,nan,False,nan,nan,nan,,nan,0.0,0.017348408699035645,10000
250500,440000,88,10,0.10272428528204472,0.0897311195731163,-1.1060073461061954,1.3264020308852196,0.0897311195731163,0.4362790882587433,0,0,0,0,0,0,not_enabled,nan,False,nan,nan,nan,,nan,0.0,0.017533423379063606,10500
251000,440000,91,15,0.09457217598322676,0.03447543457150459,2.6240185138230467,1.2282998375594616,0.03447543457150459,0.5090615749359131,0,0,0,0,0,0,not_enabled,nan,False,nan,nan,nan,,nan,0.0,0.017010897397994995,11000
251500,440000,95,186,-0.08462808596830435,0.1253792643547058,-11.97388617828055,12.164650054648519,0.1253792643547058,0.4517045319080353,0,0,0,0,0,0,not_enabled,nan,False,nan,nan,nan,,nan,0.0,0.017171960324048996,11500
252000,440000,100,146,-0.3105399329510386,0.0490187332034111,-35.34397170704777,6.567758921533823,0.0490187332034111,0.4741930365562439,0,0,0,0,0,0,not_enabled,nan,False,nan,nan,nan,,nan,0.0,0.017728786915540695,12000
252500,440000,105,89,-0.16185836666343342,0.10353068262338638,-22.19769014833939,7.25344555079937,0.10353068262338638,0.360410213470459,0,0,0,0,0,0,not_enabled,nan,False,nan,nan,nan,,nan,0.0,0.017889268696308136,12500
253000,440000,108,88,-4.160321906246544,3.8305092453956604,-33.02193489279196,27.909594990313053,0.8305092453956604,0.11763127893209457,0,0,0,0,0,0,not_enabled,nan,False,nan,nan,nan,,nan,0.0,0.017383327707648277,13000
253500,440000,111,181,-0.09176060794992312,0.042395081371068954,-17.004491858389446,12.096577111631632,0.042395081371068954,0.46822986006736755,0,0,0,0,0,0,not_enabled,nan,False,nan,nan,nan,,nan,0.0,0.01702594943344593,13500
254000,440000,113,201,-0.3043369727249024,0.27996641397476196,-64.13552843816406,56.63874889910221,0.27996641397476196,0.19617167115211487,0,0,0,0,0,0,not_enabled,nan,False,nan,nan,nan,,nan,0.0,0.01629624143242836,14000
254500,440000,117,192,-0.08186094848589874,0.0719682052731514,-30.81813537565338,14.392805326730013,0.0719682052731514,0.43383878469467163,0,0,0,0,0,0,not_enabled,nan,False,nan,nan,nan,,nan,0.0,0.016241008415818214,14500
255000,440000,120,192,-0.021729991948665275,0.08236765116453171,-32.794463099989116,23.443631395697594,0.08236765116453171,0.3873559534549713,0,0,0,0,0,0,not_enabled,nan,False,nan,nan,nan,,nan,0.0,0.015881557017564774,15000
255500,440000,124,156,-0.43331603545220454,0.3304687738418579,-71.62239301799767,33.748964082449675,0.3304687738418579,0.24901285767555237,0,0,0,0,0,0,not_enabled,nan,False,nan,nan,nan,,nan,0.0,0.015954067930579185,15500
256000,440000,126,205,0.0024962847264196585,0.019243983551859856,-30.515445407852162,7.456670794636011,0.019243983551859856,0.690500020980835,0,0,0,0,0,0,not_enabled,nan,False,nan,nan,nan,,nan,0.0,0.016242124140262604,16000
256500,440000,129,197,-0.19042106922081936,0.05388283729553223,-20.240772132994866,7.281174002215266,0.05388283729553223,0.5828154683113098,0,0,0,0,0,0,not_enabled,nan,False,nan,nan,nan,,nan,0.0,0.016128279268741608,16500
257000,440000,132,187,-0.6868319318057213,0.5348234176635742,-52.219765003776196,39.085537288337946,0.5348234176635742,0.14227375388145447,0,0,0,0,0,0,not_enabled,nan,False,nan,nan,nan,,nan,0.0,0.016172507777810097,17000
257500,440000,140,60,-0.39542272085560176,0.11148659139871597,-28.586466733003935,13.173673868179321,0.11148659139871597,0.3396172523498535,0,0,0,0,0,0,not_enabled,nan,False,nan,nan,nan,,nan,0.0,0.016022613272070885,17500
258000,440000,143,59,-0.08646504997272499,0.022725112736225128,-1.4073947317938917,2.114748040214181,0.022725112736225128,0.6194276213645935,0,0,0,0,0,0,not_enabled,nan,False,nan,nan,nan,,nan,0.0,0.016023369506001472,18000
258500,440000,146,75,-0.18827491857826317,0.11995279788970947,-6.0234000754268955,6.405327018350363,0.11995279788970947,0.3171475827693939,0,0,0,0,0,0,not_enabled,nan,False,nan,nan,nan,,nan,0.0,0.015855800360441208,18500
259000,440000,150,46,0.02763014149484616,0.04526778683066368,-1.5589260777693887,2.2453924883157015,0.04526778683066368,0.5606462359428406,0,0,0,0,0,0,not_enabled,nan,False,nan,nan,nan,,nan,0.0,0.015895072370767593,19000
259500,440000,152,66,-0.5444585680973253,0.04696093872189522,-18.048814376709483,10.805765073746443,0.04696093872189522,0.4497716426849365,0,0,0,0,0,0,not_enabled,nan,False,nan,nan,nan,,nan,0.0,0.016285568475723267,19500
260000,440000,154,86,-0.1105015377168988,0.07279983907938004,-12.465245107185043,9.813109815120697,0.07279983907938004,0.3867329955101013,0,0,0,0,0,0,not_enabled,nan,False,nan,nan,nan,,nan,0.0,0.016774965450167656,20000
260500,440000,160,50,-0.4161277921922161,0.04237385094165802,-2.2942479333791232,3.553697854280472,0.04237385094165802,0.46832266449928284,0,0,0,0,0,0,not_enabled,nan,False,nan,nan,nan,,nan,0.0,0.017198165878653526,20500
261000,440000,162,70,-0.21587312605250575,0.04106017202138901,0.018389777032026988,2.647981584072113,0.04106017202138901,0.5076766610145569,0,0,0,0,0,0,not_enabled,nan,False,nan,nan,nan,,nan,0.0,0.017097054049372673,21000
261500,440000,167,20,-0.11685126211671168,0.09091470390558243,-0.8592598165306655,2.2377130426466465,0.09091470390558243,0.34609878063201904,0,0,0,0,0,0,not_enabled,nan,False,nan,nan,nan,,nan,0.0,0.01711050234735012,21500
262000,440000,170,163,-0.03945842440666014,0.027833227068185806,-12.043227437019697,5.5250168815255165,0.027833227068185806,0.5746915936470032,0,0,0,0,0,0,not_enabled,nan,False,nan,nan,nan,,nan,0.0,0.01724928244948387,22000
262500,440000,174,90,-0.30285812071982043,0.060502517968416214,-21.207418046228966,10.182541269809008,0.060502517968416214,0.4074524939060211,0,0,0,0,0,0,not_enabled,nan,False,nan,nan,nan,,nan,0.0,0.01744508184492588,22500
263000,440000,179,38,-0.16195512340157625,0.04419948533177376,-2.0682980345025648,1.5493825376033783,0.04419948533177376,0.5455867052078247,0,0,0,0,0,0,not_enabled,nan,False,nan,nan,nan,,nan,0.0,0.017342641949653625,23000
263500,440000,182,234,-0.21543605127025167,0.18071317672729492,-43.14490498438608,32.10652029514313,0.18071317672729492,0.28207868337631226,0,0,0,0,0,0,not_enabled,nan,False,nan,nan,nan,,nan,0.0,0.017368439584970474,23500
264000,440000,186,213,-0.07693717248262105,0.023342357948422432,-40.66779364364585,8.832353293895721,0.023342357948422432,0.6102761030197144,0,0,0,0,0,0,not_enabled,nan,False,nan,nan,nan,,nan,0.0,0.01701764576137066,24000
264500,440000,192,87,-0.12176035128302987,0.12269453704357147,-15.506535590280345,12.539094254374504,0.12269453704357147,0.30416595935821533,0,0,0,0,0,0,not_enabled,nan,False,nan,nan,nan,,nan,0.0,0.01661604642868042,24500
265000,440000,194,217,-0.14427463774449734,0.07035113126039505,-19.632057334584736,15.446627207100391,0.07035113126039505,0.3839709162712097,0,0,0,0,0,0,not_enabled,nan,False,nan,nan,nan,,nan,0.0,0.016323499381542206,25000
265500,440000,197,199,0.2591951078545315,0.025912348181009293,-9.81378236217304,5.902327260002494,0.025912348181009293,0.6847154498100281,0,0,0,0,0,0,not_enabled,nan,False,nan,nan,nan,,nan,0.0,0.01620912365615368,25500
266000,440000,201,72,0.036304177345365854,0.06884602457284927,-6.259183481974684,5.322550296783447,0.06884602457284927,0.5936537981033325,0,0,0,0,0,0,not_enabled,nan,False,nan,nan,nan,,nan,0.0,0.016212990507483482,26000
266500,440000,205,39,-0.028261989738754323,0.09947418421506882,-0.8026013830315613,2.9540067315101624,0.09947418421506882,0.4302268922328949,0,0,0,0,0,0,not_enabled,nan,False,nan,nan,nan,,nan,0.0,0.0156128304079175,26500
267000,440000,208,19,-0.3051699654712232,0.08312195539474487,-4.5895892993465415,3.207710735499859,0.08312195539474487,0.3675861358642578,0,0,0,0,0,0,not_enabled,nan,False,nan,nan,nan,,nan,0.0,0.015569859184324741,27000
267500,440000,212,10,0.14361932001677752,0.050896719098091125,-3.9050145517744355,1.0534180514514446,0.050896719098091125,0.43586209416389465,0,0,0,0,0,0,not_enabled,nan,False,nan,nan,nan,,nan,0.0,0.015749072656035423,27500
268000,440000,214,125,-0.2552134460413408,0.08413120359182358,-31.967687137569907,16.73150834813714,0.08413120359182358,0.41153690218925476,0,0,0,0,0,0,not_enabled,nan,False,nan,nan,nan,,nan,0.0,0.015806913375854492,28000
268500,440000,221,48,-0.12297407243064395,0.1587432622909546,-7.413733166734273,7.596440821886063,0.1587432622909546,0.2952583432197571,0,0,0,0,0,0,not_enabled,nan,False,nan,nan,nan,,nan,0.0,0.015803875401616096,28500
269000,440000,223,68,-0.2048280316192633,0.053624775260686874,-10.567897645656602,5.1696160808205605,0.053624775260686874,0.4270873963832855,0,0,0,0,0,0,not_enabled,nan,False,nan,nan,nan,,nan,0.0,0.01564626954495907,29000
269500,440000,226,18,0.06937822435786983,0.20049111545085907,-0.11940901526995196,2.1995497159659863,0.20049111545085907,0.4128550589084625,0,0,0,0,0,0,not_enabled,nan,False,nan,nan,nan,,nan,0.0,0.01546135451644659,29500
270000,440000,229,16,0.09163957271706397,0.07281915843486786,2.4882521091687466,1.1450459137558937,0.07281915843486786,0.41718050837516785,0,0,0,0,0,0,not_enabled,nan,False,nan,nan,nan,,nan,0.0,0.01534100342541933,30000
270500,440000,231,36,0.10415786606413302,0.30500808358192444,-6.3181245795929035,7.177118241786957,0.30500808358192444,0.28979724645614624,0,0,0,0,0,0,not_enabled,nan,False,nan,nan,nan,,nan,0.0,0.015630759298801422,30500
271000,440000,234,139,-1.0930002694718235,0.018552400171756744,-81.1913223298223,8.401423264294863,0.018552400171756744,0.7114995121955872,0,0,0,0,0,0,not_enabled,nan,False,nan,nan,nan,,nan,0.0,0.01570032723248005,31000
271500,440000,236,159,-0.13803709448078735,0.07484588027000427,-14.903221064924558,12.558686956763268,0.07484588027000427,0.39947786927223206,0,0,0,0,0,0,not_enabled,nan,False,nan,nan,nan,,nan,0.0,0.015430251136422157,31500
272000,440000,239,49,0.07614108475582373,0.036552757024765015,0.8012232198325049,1.6559780649840832,0.036552757024765015,0.5496167540550232,0,0,0,0,0,0,not_enabled,nan,False,nan,nan,nan,,nan,0.0,0.015164105221629143,32000
272500,440000,244,162,-0.29456315735267624,0.1286603808403015,-38.465083286377364,29.068058781325817,0.1286603808403015,0.3144456744194031,0,0,0,0,0,0,not_enabled,nan,False,nan,nan,nan,,nan,0.0,0.01520148292183876,32500
273000,440000,252,18,0.11291176466696179,0.03599702939391136,-0.3892362340380076,2.376674823462963,0.03599702939391136,0.5000627636909485,0,0,0,0,0,0,not_enabled,nan,False,nan,nan,nan,,nan,0.0,0.015340645797550678,33000
273500,440000,257,16,0.06983858959129083,0.01869961991906166,3.654356106052216,0.3413042910397053,0.01869961991906166,0.7067111134529114,0,0,0,0,0,0,not_enabled,nan,False,nan,nan,nan,,nan,0.0,0.015138797461986542,33500
274000,440000,259,36,-0.1682857636896683,0.22773005068302155,-6.285310147858811,5.982580840587616,0.22773005068302155,0.3125631809234619,0,0,0,0,0,0,not_enabled,nan,False,nan,nan,nan,,nan,0.0,0.015092155896127224,34000
274500,440000,262,126,-0.5448206503544327,0.20945428311824799,-17.613802456445573,9.505944184958935,0.20945428311824799,0.4123862683773041,0,0,0,0,0,0,not_enabled,nan,False,nan,nan,nan,,nan,0.0,0.01526451762765646,34500
275000,440000,266,102,-0.17251283410580082,0.4798576533794403,-210.4700798102876,178.8248946815729,0.4798576533794403,0.21934662759304047,0,0,0,0,0,0,not_enabled,nan,False,nan,nan,nan,,nan,0.0,0.015377365984022617,35000
275500,440000,270,34,-0.3211893765668484,0.03982867673039436,-3.927774459441787,2.954607155174017,0.03982867673039436,0.4800046980381012,0,0,0,0,0,0,not_enabled,nan,False,nan,nan,nan,,nan,0.0,0.015437374822795391,35500
276000,440000,275,149,-0.2278755395468,0.14890135824680328,-39.80781370436338,29.484432972967625,0.14890135824680328,0.27804332971572876,0,0,0,0,0,0,not_enabled,nan,False,nan,nan,nan,,nan,0.0,0.015341479331254959,36000
276500,440000,282,28,-0.054076200840104324,0.04032408446073532,3.775864665376169,1.0148654375225306,0.04032408446073532,0.6753025650978088,0,0,0,0,0,0,not_enabled,nan,False,nan,nan,nan,,nan,0.0,0.015364943072199821,36500
277000,440000,285,2,0.38283839768848227,0.0606684647500515,0.5085302605438972,0.11796803027391434,0.0606684647500515,0.4271489977836609,0,0,0,0,0,0,not_enabled,nan,False,nan,nan,nan,,nan,0.0,0.015182982198894024,37000
277500,440000,288,6,-0.32361621239255783,0.1901535540819168,-2.497917144759694,0.9181714355945587,0.1901535540819168,0.3611992299556732,0,0,0,0,0,0,not_enabled,nan,False,nan,nan,nan,,nan,0.0,0.01479379739612341,37500
278000,440000,290,26,-0.25406156479661895,0.050495974719524384,-4.706917471142048,3.070317178964615,0.050495974719524384,0.45624202489852905,0,0,0,0,0,0,not_enabled,nan,False,nan,nan,nan,,nan,0.0,0.014816580340266228,38000
278500,440000,294,142,-0.24976007560005437,0.14363603293895721,-43.81634138245463,32.155147433280945,0.14363603293895721,0.28285494446754456,0,0,0,0,0,0,not_enabled,nan,False,nan,nan,nan,,nan,0.0,0.014787063002586365,38500
279000,440000,298,36,-0.32444691756432387,0.09229269623756409,-3.6291523826968417,4.1696140468120575,0.09229269623756409,0.34394189715385437,0,0,0,0,0,0,not_enabled,nan,False,nan,nan,nan,,nan,0.0,0.014813274145126343,39000
279500,440000,300,56,-0.13154459126417112,0.04224149137735367,-4.900841380198151,5.307689592242241,0.04224149137735367,0.46890294551849365,0,0,0,0,0,0,not_enabled,nan,False,nan,nan,nan,,nan,0.0,0.014455207623541355,39500
280000,440000,302,76,-0.2872320655053456,0.2535344660282135,-16.157790407938645,12.256083127111197,0.2535344660282135,0.29334381222724915,0,0,0,0,0,0,not_enabled,nan,False,nan,nan,nan,,nan,0.0,0.014445829205214977,40000
280500,440000,311,69,-0.73733428735128,0.06928188353776932,-15.37710010135439,9.227646745741367,0.06928188353776932,0.3863089680671692,0,0,0,0,0,0,not_enabled,nan,False,nan,nan,nan,,nan,0.0,0.014310356229543686,40500
281000,440000,315,199,-0.03344313250092568,0.045747969299554825,-41.796261805250595,16.27572400867939,0.045747969299554825,0.4544050395488739,0,0,0,0,0,0,not_enabled,nan,False,nan,nan,nan,,nan,0.0,0.014679155312478542,41000
281500,440000,319,129,-0.02704880116596655,0.035400111228227615,-4.110472593309087,5.116887835785747,0.035400111228227615,0.5346513986587524,0,0,0,0,0,0,not_enabled,nan,False,nan,nan,nan,,nan,0.0,0.015208762139081955,41500
282000,440000,324,135,-0.06717098266183825,0.024242382496595383,-10.90356182075635,6.213810378685594,0.024242382496595383,0.598070502281189,0,0,0,0,0,0,not_enabled,nan,False,nan,nan,nan,,nan,0.0,0.014769903384149075,42000
282500,440000,329,5,-0.005392675221593202,0.08848213404417038,0.687644044453996,0.30929266288876534,0.08848213404417038,0.47170689702033997,0,0,0,0,0,0,not_enabled,nan,False,nan,nan,nan,,nan,0.0,0.014774405397474766,42500
283000,440000,332,10,-0.07616031391055056,0.030100952833890915,0.656804231729892,0.49742616154253483,0.030100952833890915,0.5394755005836487,0,0,0,0,0,0,not_enabled,nan,False,nan,nan,nan,,nan,0.0,0.015040616504848003,43000
283500,440000,335,13,0.055582491493172986,0.11937050521373749,0.7380429009895969,1.8785573467612267,0.11937050521373749,0.3494192957878113,0,0,0,0,0,0,not_enabled,nan,False,nan,nan,nan,,nan,0.0,0.014798913151025772,43500
284000,440000,340,201,-0.6414353875766485,0.04224928468465805,-79.96625913304747,14.064484560862184,0.04224928468465805,0.47524768114089966,0,0,0,0,0,0,not_enabled,nan,False,nan,nan,nan,,nan,0.0,0.015167279168963432,44000
284500,440000,346,98,-0.1655503154750207,0.07141105830669403,-10.550138585879983,9.631434593349695,0.07141105830669403,0.38169732689857483,0,0,0,0,0,0,not_enabled,nan,False,nan,nan,nan,,nan,0.0,0.01522003673017025,44500
285000,440000,348,170,-0.18277480347316669,0.0446813590824604,-30.301789942098452,11.370610635727644,0.0446813590824604,0.6251170635223389,0,0,0,0,0,0,not_enabled,nan,False,nan,nan,nan,,nan,0.0,0.015304398722946644,45000
285500,440000,356,83,-0.5401954626157583,0.25371822714805603,-28.233321087520952,24.195914089679718,0.25371822714805603,0.20868679881095886,0,0,0,0,0,0,not_enabled,nan,False,nan,nan,nan,,nan,0.0,0.015470151789486408,45500
286000,440000,360,69,-0.5715126700640647,0.6006807684898376,-35.68320333783551,27.23283189535141,0.6006807684898376,0.16198673844337463,0,0,0,0,0,0,not_enabled,nan,False,nan,nan,nan,,nan,0.0,0.015717457979917526,46000
286500,440000,363,17,0.1074461280707637,0.0323115773499012,1.475896074016182,2.1465136855840683,0.0323115773499012,0.5231459140777588,0,0,0,0,0,0,not_enabled,nan,False,nan,nan,nan,,nan,0.0,0.015561278909444809,46500
287000,440000,365,37,-0.05525514910757054,0.1459421068429947,-0.4577322252870297,3.4245312213897705,0.1459421068429947,0.4907296597957611,0,0,0,0,0,0,not_enabled,nan,False,nan,nan,nan,,nan,0.0,0.01576376147568226,47000
287500,440000,374,57,-0.3731865242079494,0.171626016497612,-5.476433969372968,5.864077597856522,0.171626016497612,0.3441420793533325,0,0,0,0,0,0,not_enabled,nan,False,nan,nan,nan,,nan,0.0,0.015881193801760674,47500
288000,440000,379,46,-0.15140876996142033,0.08905596286058426,-8.316041853218698,6.223222471773624,0.08905596286058426,0.3718487620353699,0,0,0,0,0,0,not_enabled,nan,False,nan,nan,nan,,nan,0.0,0.015750395134091377,48000
288500,440000,381,66,-0.03360371639067871,0.0834946557879448,-3.2605722660259806,1.9559777826070786,0.0834946557879448,0.8236376047134399,0,0,0,0,0,0,not_enabled,nan,False,nan,nan,nan,,nan,0.0,0.015579416416585445,48500
289000,440000,384,51,-0.29819154790482344,0.04367131367325783,1.3519351769583772,1.426590820774436,0.04367131367325783,0.6111925840377808,0,0,0,0,0,0,not_enabled,nan,False,nan,nan,nan,,nan,0.0,0.015597204677760601,49000
289500,440000,387,13,19.887111736391685,0.2022407352924347,15.752132191327227,7.057652920484543,0.2022407352924347,0.23782461881637573,1,0,0,0,0,0,not_enabled,nan,False,nan,nan,nan,,nan,0.0,0.01587069407105446,49500
290000,440000,391,33,-0.7838219444498384,0.6840371489524841,-15.433068749743349,14.205881886184216,0.6840371489524841,0.13183800876140594,0,0,0,0,0,0,not_enabled,nan,False,nan,nan,nan,,nan,0.0,0.015702461823821068,50000
290500,440000,393,100,-0.3429637010375246,0.04071766883134842,-12.447109682117231,6.956356301903725,0.04071766883134842,0.47579386830329895,0,0,0,0,0,0,not_enabled,nan,False,nan,nan,nan,,nan,0.0,0.01583024300634861,50500
291000,440000,396,86,-0.3732950509635016,0.179536372423172,-41.9317211535256,29.91251802444458,0.179536372423172,0.2533305883407593,0,0,0,0,0,0,not_enabled,nan,False,nan,nan,nan,,nan,0.0,0.016156164929270744,51000
291500,440000,400,70,-0.20387888010189956,0.09497977048158646,-11.39413109909989,9.58091152459383,0.09497977048158646,0.3514256477355957,0,0,0,0,0,0,not_enabled,nan,False,nan,nan,nan,,nan,0.0,0.016151035204529762,51500
292000,440000,404,4,-0.5533388730736726,0.2132747620344162,-2.4842274605311907,0.5942081212997437,0.2132747620344162,0.5110540986061096,0,0,0,0,0,0,not_enabled,nan,False,nan,nan,nan,,nan,0.0,0.01602228544652462,52000
292500,440000,406,24,0.2248890230904282,0.04400710389018059,-0.512998238032387,1.1868074275553226,0.04400710389018059,0.461384117603302,0,0,0,0,0,0,not_enabled,nan,False,nan,nan,nan,,nan,0.0,0.015713592991232872,52500
293000,440000,408,44,-0.3144025290926351,0.02156989648938179,-4.476796332847874,2.7387672904878855,0.02156989648938179,0.6386920809745789,0,0,0,0,0,0,not_enabled,nan,False,nan,nan,nan,,nan,0.0,0.015713082626461983,53000
293500,440000,412,204,-0.8774307089586739,0.07929673790931702,-87.08152313326744,28.918412245810032,0.07929673790931702,0.4230923652648926,0,0,0,0,0,0,not_enabled,nan,False,nan,nan,nan,,nan,0.0,0.015774544328451157,53500
294000,440000,415,207,-0.215430289587856,0.034541815519332886,-28.55852801100385,13.058069482445717,0.034541815519332886,0.5086545944213867,0,0,0,0,0,0,not_enabled,nan,False,nan,nan,nan,,nan,0.0,0.015670493245124817,54000
294500,440000,418,192,-0.6822870689999174,0.2842821776866913,-116.98811259799527,84.88870310783386,0.2842821776866913,0.19423332810401917,0,0,0,0,0,0,not_enabled,nan,False,nan,nan,nan,,nan,0.0,0.015861229971051216,54500
295000,440000,423,72,-0.17581290833421293,0.24289776384830475,-31.530056693855308,27.074523583054543,0.24289776384830475,0.2169806957244873,0,0,0,0,0,0,not_enabled,nan,False,nan,nan,nan,,nan,0.0,0.015347390435636044,55000
295500,440000,429,114,-0.29394517868657777,0.042412545531988144,-22.2005766024391,10.922572281211615,0.042412545531988144,0.46815356612205505,0,0,0,0,0,0,not_enabled,nan,False,nan,nan,nan,,nan,0.0,0.01540132611989975,55500
296000,440000,433,94,-0.2158979377939605,0.28693169355392456,-19.224813416538375,13.227139577269554,0.28693169355392456,0.27263501286506653,0,0,0,0,0,0,not_enabled,nan,False,nan,nan,nan,,nan,0.0,0.015445275232195854,56000
296500,440000,438,44,0.0010406400367598476,0.02197844162583351,-0.9637515368557364,1.814740976318717,0.02197844162583351,0.6315204501152039,0,0,0,0,0,0,not_enabled,nan,False,nan,nan,nan,,nan,0.0,0.015177971683442593,56500
297000,440000,441,51,-0.35500670262535805,0.22332388162612915,-11.289067894602265,10.264060750603676,0.22332388162612915,0.2403278797864914,0,0,0,0,0,0,not_enabled,nan,False,nan,nan,nan,,nan,0.0,0.015038078650832176,57000
297500,440000,443,71,-0.21007979539747365,0.08460602909326553,-21.43723563629121,23.22438272461295,0.08460602909326553,0.3565007448196411,0,0,0,0,0,0,not_enabled,nan,False,nan,nan,nan,,nan,0.0,0.015032128430902958,57500
298000,440000,453,2,-0.21164792729921322,0.1592378318309784,-0.5879146224095297,0.32477661967277527,0.1592378318309784,0.26912420988082886,0,0,0,0,0,0,not_enabled,nan,False,nan,nan,nan,,nan,0.0,0.014577191323041916,58000
298500,440000,456,181,-0.9310086410258444,0.03494977578520775,-75.88162041848356,21.37778999656439,0.03494977578520775,0.5352482199668884,0,0,0,0,0,0,not_enabled,nan,False,nan,nan,nan,,nan,0.0,0.014542803168296814,58500
299000,440000,461,126,-0.18764445746821296,0.07392066717147827,-21.90587532790252,15.876978881657124,0.07392066717147827,0.42346563935279846,0,0,0,0,0,0,not_enabled,nan,False,nan,nan,nan,,nan,0.0,0.014404374174773693,59000
299500,440000,463,146,-0.1275336920238436,0.06644369661808014,-19.06457747712688,18.273285999894142,0.06644369661808014,0.3927454948425293,0,0,0,0,0,0,not_enabled,nan,False,nan,nan,nan,,nan,0.0,0.014247464016079903,59500
300000,440000,465,166,-0.06372228558122517,0.06927596032619476,-19.426012334491954,14.804749000817537,0.06927596032619476,0.3863220512866974,0,0,0,0,0,0,not_enabled,nan,False,nan,nan,nan,,nan,0.0,0.013963608071208,60000
300500,440000,468,175,-1.8250133361063048,0.023853939026594162,-72.18268075147668,6.5999374855309725,0.023853939026594162,0.6189484000205994,0,0,0,0,0,0,not_enabled,nan,False,nan,nan,nan,,nan,0.0,0.01383624505251646,60500
301000,440000,477,52,-0.2089290181661049,0.05411043018102646,-7.133405648389292,3.592118415981531,0.05411043018102646,0.4255904257297516,0,0,0,0,0,0,not_enabled,nan,False,nan,nan,nan,,nan,0.0,0.01371629536151886,61000
301500,440000,482,7,-0.10863828380204836,0.05886063352227211,-2.591281691201071,0.6108531914651394,0.05886063352227211,0.4118562638759613,0,0,0,0,0,0,not_enabled,nan,False,nan,nan,nan,,nan,0.0,0.013862515799701214,61500
302000,440000,488,98,-0.18507692489940059,0.07511340081691742,-12.773351114281667,9.819895826280117,0.07511340081691742,0.37407758831977844,0,0,0,0,0,0,not_enabled,nan,False,nan,nan,nan,,nan,0.0,0.013991246931254864,62000
302500,440000,493,176,-0.09201264732700978,0.05199963226914406,-25.89285913118384,8.453738896176219,0.05199963226914406,0.5061568021774292,0,0,0,0,0,0,not_enabled,nan,False,nan,nan,nan,,nan,0.0,0.013519519940018654,62500
303000,440000,498,74,-0.13075345245436398,0.07552634179592133,-8.15163465625893,4.730843368917704,0.07552634179592133,0.517725944519043,0,0,0,0,0,0,not_enabled,nan,False,nan,nan,nan,,nan,0.0,0.013552023097872734,63000
303500,440000,507,179,-0.0996429003538758,0.03202405944466591,-12.916470721694385,5.431588675826788,0.03202405944466591,0.6733059883117676,0,0,0,0,0,0,not_enabled,nan,False,nan,nan,nan,,nan,0.0,0.013624384067952633,63500
304000,440000,514,70,-0.3197968880193259,0.042459405958652496,-17.366516989249632,3.6441242806613445,0.042459405958652496,0.4679490923881531,0,0,0,0,0,0,not_enabled,nan,False,nan,nan,nan,,nan,0.0,0.013987832702696323,64000
304500,440000,518,20,0.005758022736342933,0.026813872158527374,-1.4988392622405395,1.2664022780954838,0.026813872158527374,0.5687929391860962,0,0,0,0,0,0,not_enabled,nan,False,nan,nan,nan,,nan,0.0,0.013768075034022331,64500
305000,440000,523,213,-0.2735487745530771,0.17431876063346863,-70.15918175445427,37.50088743120432,0.17431876063346863,0.26970982551574707,0,0,0,0,0,0,not_enabled,nan,False,nan,nan,nan,,nan,0.0,0.013843695633113384,65000
305500,440000,527,205,-0.25539047630752976,0.023803913965821266,-27.922013971656163,6.912535550072789,0.023803913965821266,0.6038618683815002,0,0,0,0,0,0,not_enabled,nan,False,nan,nan,nan,,nan,0.0,0.013951195403933525,65500
306000,440000,529,225,-0.6303007202207176,0.3389143943786621,-133.03494255466572,67.62313737720251,0.3389143943786621,0.17207179963588715,0,0,0,0,0,0,not_enabled,nan,False,nan,nan,nan,,nan,0.0,0.013902140781283379,66000
306500,440000,538,81,-0.0848694450927622,0.035513777285814285,-4.229067666818401,2.7911573220044374,0.035513777285814285,0.5468839406967163,0,0,0,0,0,0,not_enabled,nan,False,nan,nan,nan,,nan,0.0,0.013819187879562378,66500
307000,440000,541,198,-0.13441151439359608,0.030943239107728004,-45.54575662583967,9.464761639013886,0.030943239107728004,0.5413751602172852,0,0,0,0,0,0,not_enabled,nan,False,nan,nan,nan,,nan,0.0,0.013674775138497353,67000
307500,440000,543,218,-0.5594358263166299,0.06348072737455368,-55.6292510450158,31.84312918037176,0.06348072737455368,0.39985498785972595,0,0,0,0,0,0,not_enabled,nan,False,nan,nan,nan,,nan,0.0,0.013579113408923149,67500
308000,440000,551,120,-0.46296226962685133,0.12439875304698944,-37.01614555253265,14.477138955146074,0.12439875304698944,0.30228298902511597,0,0,0,0,0,0,not_enabled,nan,False,nan,nan,nan,,nan,0.0,0.01318227406591177,68000
308500,440000,555,120,-0.5012232957859044,0.41200125217437744,-56.204757010263094,34.352271758019924,0.41200125217437744,0.22430680692195892,0,0,0,0,0,0,not_enabled,nan,False,nan,nan,nan,,nan,0.0,0.013537361286580563,68500
309000,440000,557,140,-0.09122160593269486,0.1925744265317917,-14.975916934037764,13.314408760517836,0.1925744265317917,0.2998558580875397,0,0,0,0,0,0,not_enabled,nan,False,nan,nan,nan,,nan,0.0,0.013602092862129211,69000
309500,440000,560,180,-0.35552203117419545,0.02997196838259697,-39.65557739924876,6.669117936864495,0.02997196838259697,0.5405005216598511,0,0,0,0,0,0,not_enabled,nan,False,nan,nan,nan,,nan,0.0,0.013330274261534214,69500
310000,440000,565,161,-0.3691183110089208,0.12633386254310608,-43.60208625302258,37.95431224256754,0.12633386254310608,0.3001801073551178,0,0,0,0,0,0,not_enabled,nan,False,nan,nan,nan,,nan,0.0,0.013358271680772305,70000
310500,440000,569,121,-0.018387542337057302,0.044579148292541504,-11.698810525454682,6.618541585281491,0.044579148292541504,0.4692656099796295,0,0,0,0,0,0,not_enabled,nan,False,nan,nan,nan,,nan,0.0,0.013156539760529995,70500
311000,440000,575,36,-0.23691578937278593,0.25905975699424744,-4.6174844234415735,6.606271021068096,0.25905975699424744,0.27030840516090393,0,0,0,0,0,0,not_enabled,nan,False,nan,nan,nan,,nan,0.0,0.013172334060072899,71000
311500,440000,587,24,0.08464159726921008,0.09284953027963638,0.032039922597900755,2.1311944760382175,0.09284953027963638,0.5171122550964355,0,0,0,0,0,0,not_enabled,nan,False,nan,nan,nan,,nan,0.0,0.0129550751298666,71500
312000,440000,591,6,0.5236912027531297,0.049259595572948456,1.2646258549522775,0.4253470189869404,0.049259595572948456,0.4414534270763397,0,0,0,0,0,0,not_enabled,nan,False,nan,nan,nan,,nan,0.0,0.012876852415502071,72000
312500,440000,596,173,-0.1728010901441003,0.3405362367630005,-27.738572068231715,15.293425366282463,0.3405362367630005,0.32178831100463867,0,0,0,0,0,0,not_enabled,nan,False,nan,nan,nan,,nan,0.0,0.012755739502608776,72500
313000,440000,599,178,-0.12626718604366705,0.026361601427197456,-11.042722508059423,5.590495929121971,0.026361601427197456,0.5734514594078064,0,0,0,0,0,0,not_enabled,nan,False,nan,nan,nan,,nan,0.0,0.012607552111148834,73000
313500,440000,603,156,-0.33578998353431533,0.12366049736738205,-50.20130701113027,20.74070607125759,0.12366049736738205,0.30649423599243164,0,0,0,0,0,0,not_enabled,nan,False,nan,nan,nan,,nan,0.0,0.01258539967238903,73500
314000,440000,614,10,-0.4430176536916795,0.12071524560451508,-2.9157145703310277,1.7651048302650452,0.12071524560451508,0.30639058351516724,0,0,0,0,0,0,not_enabled,nan,False,nan,nan,nan,,nan,0.0,0.012430272996425629,74000
314500,440000,618,1,-0.2389728682431007,0.1659431904554367,-0.2389728682431007,0.1659431904554367,0.1659431904554367,0.3731940984725952,0,0,0,0,0,0,not_enabled,nan,False,nan,nan,nan,,nan,0.0,0.012355620041489601,74500
315000,440000,622,4,-0.049385796916094765,0.049056585878133774,-1.371631662465819,0.22291839495301247,0.049056585878133774,0.4421652853488922,0,0,0,0,0,0,not_enabled,nan,False,nan,nan,nan,,nan,0.0,0.012126928195357323,75000
315500,440000,629,195,-0.17402351512339073,0.04507126659154892,-13.707311076231692,5.24174690246582,0.04507126659154892,0.7419684529304504,0,0,0,0,0,0,not_enabled,nan,False,nan,nan,nan,,nan,0.0,0.012288637459278107,75500
316000,440000,636,63,-0.03124140474931867,0.06443177163600922,-6.2047875278696365,6.316249392926693,0.06443177163600922,0.3975268006324768,0,0,0,0,0,0,not_enabled,nan,False,nan,nan,nan,,nan,0.0,0.012585705146193504,76000
316500,440000,641,5,0.2842594826639731,0.04787134751677513,0.28989328844367046,0.4743523374199867,0.04787134751677513,0.44640782475471497,0,0,0,0,0,0,not_enabled,nan,False,nan,nan,nan,,nan,0.0,0.012364630587399006,76500
317000,440000,645,96,0.0115526972536132,0.06489276885986328,-5.820957661676225,5.649771682918072,0.06489276885986328,0.40006208419799805,0,0,0,0,0,0,not_enabled,nan,False,nan,nan,nan,,nan,0.0,0.012203976511955261,77000
317500,440000,647,116,-0.18176297987576928,0.20924124121665955,-29.78244853858239,28.08102399110794,0.20924124121665955,0.23752902448177338,0,0,0,0,0,0,not_enabled,nan,False,nan,nan,nan,,nan,0.0,0.012114161625504494,77500
318000,440000,650,29,-0.12258625280916463,0.33735015988349915,-7.536736120563435,5.80018013715744,0.33735015988349915,0.3098885416984558,0,0,0,0,0,0,not_enabled,nan,False,nan,nan,nan,,nan,0.0,0.012312526814639568,78000
318500,440000,652,226,-0.5236947515832446,0.31448712944984436,-107.32424484964216,65.8739265203476,0.31448712944984436,0.181478813290596,0,0,0,0,0,0,not_enabled,nan,False,nan,nan,nan,,nan,0.0,0.012153233401477337,78500
319000,440000,657,28,-0.10774552890897013,0.10692249238491058,-4.783037089330064,4.497529581189156,0.10692249238491058,0.3304853141307831,0,0,0,0,0,0,not_enabled,nan,False,nan,nan,nan,,nan,0.0,0.011981274001300335,79000
319500,440000,663,194,-0.24728486667162833,0.04134641960263252,-20.530254624078847,13.468226935714483,0.04134641960263252,0.47290247678756714,0,0,0,0,0,0,not_enabled,nan,False,nan,nan,nan,,nan,0.0,0.011783677153289318,79500
320000,440000,665,214,-0.34331313230268734,0.042808737605810165,-14.908603128395518,11.642059858888388,0.042808737605810165,0.47586193680763245,0,0,0,0,0,0,not_enabled,nan,False,nan,nan,nan,,nan,0.0,0.011954925954341888,80000
320500,440000,670,192,-0.38941305619954875,0.26981472969055176,-72.36369416169936,58.235155299305916,0.26981472969055176,0.249738410115242,0,0,0,0,0,0,not_enabled,nan,False,nan,nan,nan,,nan,0.0,0.011910270899534225,80500
321000,440000,678,49,-0.23182370798179158,0.22399550676345825,-11.774177386603878,12.272920556366444,0.22399550676345825,0.2296188622713089,0,0,0,0,0,0,not_enabled,nan,False,nan,nan,nan,,nan,0.0,0.011862700805068016,81000
321500,440000,681,4,0.2529430667867921,0.1445915848016739,-0.381048545492255,0.7408032864332199,0.1445915848016739,0.3303302228450775,0,0,0,0,0,0,not_enabled,nan,False,nan,nan,nan,,nan,0.0,0.01218414306640625,81500
322000,440000,688,47,-0.037780307326611584,0.052613336592912674,-0.9026586265689798,3.6630703173577785,0.052613336592912674,0.43026629090309143,0,0,0,0,0,0,not_enabled,nan,False,nan,nan,nan,,nan,0.0,0.012110777199268341,82000
322500,440000,694,64,-0.26593226774146644,0.1398458480834961,-12.69973614112584,13.199508607387543,0.1398458480834961,0.28644201159477234,0,0,0,0,0,0,not_enabled,nan,False,nan,nan,nan,,nan,0.0,0.011916276067495346,82500
323000,440000,696,84,-0.11650919574814794,0.07767731696367264,-8.355445663763945,6.520209565758705,0.07767731696367264,0.4219070076942444,0,0,0,0,0,0,not_enabled,nan,False,nan,nan,nan,,nan,0.0,0.011992569081485271,83000
323500,440000,702,76,-0.2598484158071438,0.10475374013185501,-17.439250721168463,12.1111766025424,0.10475374013185501,0.3260192275047302,0,0,0,0,0,0,not_enabled,nan,False,nan,nan,nan,,nan,0.0,0.011764593422412872,83500
324000,440000,706,238,-0.07029789415795792,0.03389839082956314,-21.174418759552335,11.865436371415854,0.03389839082956314,0.5126588344573975,0,0,0,0,0,0,not_enabled,nan,False,nan,nan,nan,,nan,0.0,0.012011810205876827,84000
324500,440000,713,185,-0.12171329411115153,0.06882227957248688,-24.766721690155414,12.839381709694862,0.06882227957248688,0.3873281180858612,0,0,0,0,0,0,not_enabled,nan,False,nan,nan,nan,,nan,0.0,0.011898662894964218,84500
325000,440000,715,205,-0.35419498330659976,0.3545503616333008,-64.50595685557897,46.86442220956087,0.3545503616333008,0.21457286179065704,0,0,0,0,0,0,not_enabled,nan,False,nan,nan,nan,,nan,0.0,0.01181880198419094,85000
325500,440000,722,20,0.2133009525384737,0.07907579839229584,2.3111380022468326,1.4269355852156878,0.07907579839229584,0.5524715185165405,0,0,0,0,0,0,not_enabled,nan,False,nan,nan,nan,,nan,0.0,0.011681921780109406,85500
326000,440000,726,212,-0.3248098530479163,0.10305581241846085,-59.478956608767234,39.881319150328636,0.10305581241846085,0.32830944657325745,0,0,0,0,0,0,not_enabled,nan,False,nan,nan,nan,,nan,0.0,0.01152130588889122,86000
326500,440000,737,11,-0.010747241292073995,0.37042948603630066,0.562300040911101,2.7010434679687023,0.37042948603630066,0.3923979699611664,0,0,0,0,0,0,not_enabled,nan,False,nan,nan,nan,,nan,0.0,0.011497466824948788,86500
327000,440000,740,15,0.06098677568479713,0.03604309633374214,0.9423940914442414,0.5848935842514038,0.03604309633374214,0.5046533942222595,0,0,0,0,0,0,not_enabled,nan,False,nan,nan,nan,,nan,0.0,0.011421779170632362,87000
327500,440000,746,67,-0.19881406204320695,0.08536184579133987,-3.5684020682716944,5.256962843239307,0.08536184579133987,0.404043585062027,0,0,0,0,0,0,not_enabled,nan,False,nan,nan,nan,,nan,0.0,0.011587072163820267,87500
328000,440000,755,18,0.07920319939400429,0.024286895990371704,1.535599226287043,1.7131134420633316,0.024286895990371704,0.5974978804588318,0,0,0,0,0,0,not_enabled,nan,False,nan,nan,nan,,nan,0.0,0.011282113380730152,88000
328500,440000,757,225,-0.43507690596780896,0.023082304745912552,-62.20733440893523,17.137628270313144,0.023082304745912552,0.6140470504760742,0,0,0,0,0,0,not_enabled,nan,False,nan,nan,nan,,nan,0.0,0.011229265481233597,88500
329000,440000,762,3,-0.16416380235301403,0.20502886176109314,-1.0520482571455025,0.43110933154821396,0.20502886176109314,0.4714925289154053,0,0,0,0,0,0,not_enabled,nan,False,nan,nan,nan,,nan,0.0,0.011144226416945457,89000
329500,440000,766,139,-0.0938534554012621,0.10256437957286835,-19.210370236955015,13.136095866560936,0.10256437957286835,0.35843807458877563,0,0,0,0,0,0,not_enabled,nan,False,nan,nan,nan,,nan,0.0,0.011112800799310207,89500
330000,440000,770,48,-0.2494049382266752,0.09432757645845413,-9.945514859508366,6.366302534937859,0.09432757645845413,0.35215893387794495,0,0,0,0,0,0,not_enabled,nan,False,nan,nan,nan,,nan,0.0,0.01127471961081028,90000
330500,440000,773,226,-0.21956861432092986,0.16396567225456238,-46.09597182685265,40.695056192576885,0.16396567225456238,0.2773585617542267,0,0,0,0,0,0,not_enabled,nan,False,nan,nan,nan,,nan,0.0,0.011101975105702877,90500
331000,440000,784,104,-0.23941575889896854,0.13277088105678558,-17.864339767878626,15.380723468959332,0.13277088105678558,0.29343897104263306,0,0,0,0,0,0,not_enabled,nan,False,nan,nan,nan,,nan,0.0,0.0110422782599926,91000
331500,440000,786,218,-0.11752128750588127,0.03104449063539505,-9.091283526971768,7.960997134447098,0.03104449063539505,0.5362306237220764,0,0,0,0,0,0,not_enabled,nan,False,nan,nan,nan,,nan,0.0,0.010898825712502003,91500
332000,440000,791,115,-0.22032022794345296,0.13428762555122375,-12.049580390867266,10.288922803476453,0.13428762555122375,0.39333540201187134,0,0,0,0,0,0,not_enabled,nan,False,nan,nan,nan,,nan,0.0,0.011050891131162643,92000
332500,440000,796,33,-0.012117221512467188,0.02207736298441887,1.3472215716116707,0.8321900889277458,0.02207736298441887,0.6298465728759766,0,0,0,0,0,0,not_enabled,nan,False,nan,nan,nan,,nan,0.0,0.010875952430069447,92500
333000,440000,806,96,-0.18337666979822045,0.03390415012836456,-4.59141654654109,4.207598693668842,0.03390415012836456,0.522899866104126,0,0,0,0,0,0,not_enabled,nan,False,nan,nan,nan,,nan,0.0,0.01102545764297247,93000
333500,440000,812,17,-0.06636946403648039,0.0978732630610466,-1.5025219928775617,3.0429710671305656,0.0978732630610466,0.33558300137519836,0,0,0,0,0,0,not_enabled,nan,False,nan,nan,nan,,nan,0.0,0.010851754806935787,93500
334000,440000,819,7,20.4387169752769,0.19734548032283783,22.165290119912257,1.4487540870904922,0.19734548032283783,0.24100255966186523,1,0,0,0,0,0,not_enabled,nan,False,nan,nan,nan,,nan,0.0,0.010991930030286312,94000
334500,440000,827,88,-0.2415618241729857,0.18497079610824585,-29.965102716323123,24.736637979745865,0.18497079610824585,0.24943268299102783,0,0,0,0,0,0,not_enabled,nan,False,nan,nan,nan,,nan,0.0,0.01104814000427723,94500
335000,440000,837,137,-0.4864429532052089,0.10746163129806519,-101.93584855773345,76.33572731912136,0.10746163129806519,0.3224548399448395,0,0,0,0,0,0,not_enabled,nan,False,nan,nan,nan,,nan,0.0,0.011406718753278255,95000
335500,440000,844,205,-0.14205135395055046,0.03038807585835457,-19.611402763386597,7.246468098834157,0.03038807585835457,0.5372247099876404,0,0,0,0,0,0,not_enabled,nan,False,nan,nan,nan,,nan,0.0,0.01117035374045372,95500
336000,440000,852,17,-0.10607705540503105,0.08892553299665451,-1.7654706103771944,2.969675861299038,0.08892553299665451,0.34928232431411743,0,0,0,0,0,0,not_enabled,nan,False,nan,nan,nan,,nan,0.0,0.011065992526710033,96000
336500,440000,856,24,0.023826983694833603,0.030430901795625687,3.6510574883987004,1.0877680219709873,0.030430901795625687,0.6336206793785095,0,0,0,0,0,0,not_enabled,nan,False,nan,nan,nan,,nan,0.0,0.011059483513236046,96500
337000,440000,860,3,0.032020963939205505,0.23014916479587555,-0.6468694239310666,0.857929065823555,0.23014916479587555,0.22115755081176758,0,0,0,0,0,0,not_enabled,nan,False,nan,nan,nan,,nan,0.0,0.011374184861779213,97000
337500,440000,863,227,-0.1309050646004155,0.015986738726496696,-37.67002052198692,6.192651962861419,0.015986738726496696,0.8598275184631348,0,0,0,0,0,0,not_enabled,nan,False,nan,nan,nan,,nan,0.0,0.011529138311743736,97500
338000,440000,871,57,-0.25790364415926315,0.19145803153514862,-10.282609148388312,11.688640348613262,0.19145803153514862,0.24493958055973053,0,0,0,0,0,0,not_enabled,nan,False,nan,nan,nan,,nan,0.0,0.01135208923369646,98000
338500,440000,874,53,-0.06861810158487588,0.08412103354930878,-4.911935345030983,4.43901602178812,0.08412103354930878,0.36710432171821594,0,0,0,0,0,0,not_enabled,nan,False,nan,nan,nan,,nan,0.0,0.01122505683451891,98500
339000,440000,876,197,-0.599209189313466,0.14650826156139374,-93.55788784541342,58.46349090337753,0.14650826156139374,0.2802063226699829,0,0,0,0,0,0,not_enabled,nan,False,nan,nan,nan,,nan,0.0,0.011376344598829746,99000
339500,440000,886,62,-0.08069229634097048,0.13263599574565887,-3.9064271059300335,7.689036078751087,0.13263599574565887,0.30386680364608765,0,0,0,0,0,0,not_enabled,nan,False,nan,nan,nan,,nan,0.0,0.011429842561483383,99500
340000,440000,892,7,-0.17347852039672382,0.27604585886001587,-1.4910238386663872,1.482811376452446,0.27604585886001587,0.3648265302181244,0,0,0,0,0,0,not_enabled,nan,False,nan,nan,nan,,nan,0.0,0.011358668096363544,100000
340500,440000,896,186,-0.1462492877378085,0.1095995381474495,-33.32651643607095,25.25584926456213,0.1095995381474495,0.31971365213394165,0,0,0,0,0,0,not_enabled,nan,False,nan,nan,nan,,nan,0.0,0.011204729788005352,100500
341000,440000,900,174,-0.2676958365930034,0.17999178171157837,-57.5672781890589,28.568988271057606,0.17999178171157837,0.353193074464798,0,0,0,0,0,0,not_enabled,nan,False,nan,nan,nan,,nan,0.0,0.011399172246456146,101000
341500,440000,908,204,-0.39972413103422993,0.13463209569454193,-48.603839628250455,30.018137134611607,0.13463209569454193,0.2915583848953247,0,0,0,0,0,0,not_enabled,nan,False,nan,nan,nan,,nan,0.0,0.011445905081927776,101500
342000,440000,911,211,-1.0796998436662397,0.027170782908797264,-88.34464087144868,50.66152206249535,0.027170782908797264,0.565240204334259,0,0,0,0,0,0,not_enabled,nan,False,nan,nan,nan,,nan,0.0,0.01155410148203373,102000
342500,440000,913,231,-0.01308666996235047,0.027489513158798218,-12.831608718191275,8.548207754269242,0.027489513158798218,0.5621540546417236,0,0,0,0,0,0,not_enabled,nan,False,nan,nan,nan,,nan,0.0,0.011616941541433334,102500
343000,440000,917,140,0.08029950920955507,0.025522880256175995,-5.376937087103186,4.930576028302312,0.025522880256175995,0.582600474357605,0,0,0,0,0,0,not_enabled,nan,False,nan,nan,nan,,nan,0.0,0.0113984989002347,103000
343500,440000,925,66,-0.14411038893556025,0.05437824875116348,-3.307853882257658,5.06492331251502,0.05437824875116348,0.42477282881736755,0,0,0,0,0,0,not_enabled,nan,False,nan,nan,nan,,nan,0.0,0.011411387473344803,103500
344000,440000,931,4,-0.20440301269613947,0.10122515261173248,-1.460371638958895,0.4707709923386574,0.10122515261173248,0.3308286666870117,0,0,0,0,0,0,not_enabled,nan,False,nan,nan,nan,,nan,0.0,0.011486217379570007,104000
344500,440000,936,148,-0.24321860677783705,0.18947403132915497,-42.400234719089255,38.14325790852308,0.18947403132915497,0.24629592895507812,0,0,0,0,0,0,not_enabled,nan,False,nan,nan,nan,,nan,0.0,0.011657855473458767,104500
345000,440000,943,6,-0.165637847534419,0.2731623351573944,-1.5934325896033887,1.3139836490154266,0.2731623351573944,0.47191640734672546,0,0,0,0,0,0,not_enabled,nan,False,nan,nan,nan,,nan,0.0,0.011519773863255978,105000
345500,440000,946,229,-0.16021870080305944,0.035339780151844025,-23.756830254033765,10.409373445436358,0.035339780151844025,0.5038672685623169,0,0,0,0,0,0,not_enabled,nan,False,nan,nan,nan,,nan,0.0,0.01119306217879057,105500
346000,440000,950,230,-0.18818623499200954,0.2060888260602951,-50.50208522188281,45.54004964604974,0.2060888260602951,0.2353842556476593,0,0,0,0,0,0,not_enabled,nan,False,nan,nan,nan,,nan,0.0,0.011260375380516052,106000
346500,440000,954,227,0.029290909530929082,0.05309927091002464,-13.220865887608188,7.169737262651324,0.05309927091002464,0.6338385939598083,0,0,0,0,0,0,not_enabled,nan,False,nan,nan,nan,,nan,0.0,0.011177749373018742,106500
347000,440000,962,122,19.95778336663928,0.1359996348619461,5.606389356227359,14.086659822613,0.1359996348619461,0.29464292526245117,1,0,0,0,0,0,not_enabled,nan,False,nan,nan,nan,,nan,0.0,0.011420859023928642,107000
347500,440000,967,2,-0.14813816485452952,0.1124485433101654,-0.42366064624567473,0.17779672890901566,0.1124485433101654,0.4887354075908661,0,0,0,0,0,0,not_enabled,nan,False,nan,nan,nan,,nan,0.0,0.01150007639080286,107500
348000,440000,978,23,-0.24635468567687555,0.1437864452600479,-2.6882789910605314,4.92643877863884,0.1437864452600479,0.2827147841453552,0,0,0,0,0,0,not_enabled,nan,False,nan,nan,nan,,nan,0.0,0.011487514711916447,108000
348500,440000,987,151,-0.6328547738188895,0.45725464820861816,-54.98759331992998,34.79027829319239,0.45725464820861816,0.2013561725616455,0,0,0,0,0,0,not_enabled,nan,False,nan,nan,nan,,nan,0.0,0.011341333389282227,108500
349000,440000,993,21,-0.0393053224081536,0.15150368213653564,-0.540934706945362,3.155457481741905,0.15150368213653564,0.3475567102432251,0,0,0,0,0,0,not_enabled,nan,False,nan,nan,nan,,nan,0.0,0.011366096325218678,109000
349500,440000,999,180,-0.020435491095080416,0.1996905654668808,-43.483310387707675,22.621171485632658,0.1996905654668808,0.4086836278438568,0,0,0,0,0,0,not_enabled,nan,False,nan,nan,nan,,nan,0.0,0.011379252187907696,109500
350000,440000,1010,32,-0.05079802047993673,0.20020431280136108,-5.946832955918181,5.656161904335022,0.20020431280136108,0.26831862330436707,0,0,0,0,0,0,not_enabled,nan,False,nan,nan,nan,,nan,0.0,0.011426889337599277,110000
350500,440000,1013,27,-0.07668677006307129,0.08357124775648117,1.4829335678854798,2.3788646683096886,0.08357124775648117,0.3582964241504669,0,0,0,0,0,0,not_enabled,nan,False,nan,nan,nan,,nan,0.0,0.011289002373814583,110500
351000,440000,1016,29,-0.06468396680593998,0.1396055519580841,-0.9558234444844368,3.741275377571583,0.1396055519580841,0.37515100836753845,0,0,0,0,0,0,not_enabled,nan,False,nan,nan,nan,,nan,0.0,0.011300948448479176,111000
351500,440000,1020,19,-0.04069581490689332,0.0964130163192749,-1.039864285524588,1.5816890709102154,0.0964130163192749,0.40454497933387756,0,0,0,0,0,0,not_enabled,nan,False,nan,nan,nan,,nan,0.0,0.0112967723980546,111500
352000,440000,1024,212,-0.051538817785294955,0.03162489831447601,-13.827219596885234,8.16895223222673,0.03162489831447601,0.5903016328811646,0,0,0,0,0,0,not_enabled,nan,False,nan,nan,nan,,nan,0.0,0.011237100698053837,112000
352500,440000,1027,163,-0.4952632952532724,0.41776496171951294,-60.4348092383193,45.88525277376175,0.41776496171951294,0.18830813467502594,0,0,0,0,0,0,not_enabled,nan,False,nan,nan,nan,,nan,0.0,0.011329506523907185,112500
353000,440000,1030,166,-0.18310900732310179,0.026263803243637085,-9.734173659952074,6.634806834161282,0.026263803243637085,0.5744830369949341,0,0,0,0,0,0,not_enabled,nan,False,nan,nan,nan,,nan,0.0,0.010995290242135525,113000
353500,440000,1034,15,-0.044276269876637436,0.12558695673942566,0.1620430778545453,1.3077729679644108,0.12558695673942566,0.4236813187599182,0,0,0,0,0,0,not_enabled,nan,False,nan,nan,nan,,nan,0.0,0.01121803093701601,113500
354000,440000,1039,203,0.014124009516283537,0.21918094158172607,-20.21745844147166,17.078984782099724,0.21918094158172607,0.47407686710357666,0,0,0,0,0,0,not_enabled,nan,False,nan,nan,nan,,nan,0.0,0.0112956203520298,114000
354500,440000,1047,145,-1.1299053116968438,0.31559592485427856,-105.41001470896218,56.19845608249307,0.31559592485427856,0.18103544414043427,0,0,0,0,0,0,not_enabled,nan,False,nan,nan,nan,,nan,0.0,0.011179571971297264,114500
355000,440000,1054,86,0.041166377944766575,0.09157311171293259,-10.186671046516496,8.540181785821915,0.09157311171293259,0.34909290075302124,0,0,0,0,0,0,not_enabled,nan,False,nan,nan,nan,,nan,0.0,0.010934462770819664,115000
355500,440000,1060,16,0.1704234859023444,0.10124362260103226,1.0957374217262859,3.1321921199560165,0.10124362260103226,0.33821019530296326,0,0,0,0,0,0,not_enabled,nan,False,nan,nan,nan,,nan,0.0,0.011129925027489662,115500
356000,440000,1064,76,-0.2340420298887097,0.06891435384750366,-4.5285082461620965,5.317059010267258,0.06891435384750366,0.3904950022697449,0,0,0,0,0,0,not_enabled,nan,False,nan,nan,nan,,nan,0.0,0.011208572424948215,116000
356500,440000,1066,96,-0.1837480294081011,0.14480727910995483,-17.410385858751756,17.457005500793457,0.14480727910995483,0.2817678153514862,0,0,0,0,0,0,not_enabled,nan,False,nan,nan,nan,,nan,0.0,0.01107699517160654,116500
357000,440000,1072,35,-0.21880171808833965,0.17313522100448608,-7.921106841618432,8.22761806100607,0.17313522100448608,0.25809043645858765,0,0,0,0,0,0,not_enabled,nan,False,nan,nan,nan,,nan,0.0,0.01126149669289589,117000
357500,440000,1074,221,-0.4260178412441485,0.06416765600442886,-66.81502502786738,24.20552946999669,0.06416765600442886,0.5385367274284363,0,0,0,0,0,0,not_enabled,nan,False,nan,nan,nan,,nan,0.0,0.011509566567838192,117500
358000,440000,1077,1,-0.341706925083081,0.04956987500190735,-0.341706925083081,0.04956987500190735,0.04956987500190735,0.4403735101222992,0,0,0,0,0,0,not_enabled,nan,False,nan,nan,nan,,nan,0.0,0.01138384360820055,118000
358500,440000,1080,216,-0.06420857202257822,0.05064716935157776,-20.133619079259635,13.540655806660652,0.05064716935157776,0.43669775128364563,0,0,0,0,0,0,not_enabled,nan,False,nan,nan,nan,,nan,0.0,0.011353605426847935,118500
359000,440000,1091,6,0.1282168634265237,0.06468648463487625,0.6059595240611213,0.39970162510871887,0.06468648463487625,0.3969108462333679,0,0,0,0,0,0,not_enabled,nan,False,nan,nan,nan,,nan,0.0,0.011244552209973335,119000
359500,440000,1094,15,0.35291866615059814,0.03927445784211159,1.7747186150881626,0.7342039532959461,0.03927445784211159,0.48270663619041443,0,0,0,0,0,0,not_enabled,nan,False,nan,nan,nan,,nan,0.0,0.01125871017575264,119500
360000,440000,1101,128,-0.29226482312760105,0.18862153589725494,-29.537297570204302,24.449274104088545,0.18862153589725494,0.24688349664211273,0,0,0,0,0,0,not_enabled,nan,False,nan,nan,nan,,nan,0.0,0.011299902573227882,120000
360500,440000,1112,90,-0.20577786050214655,0.022513048723340034,-9.131725505540956,3.3668921757489443,0.022513048723340034,0.6227400302886963,0,0,0,0,0,0,not_enabled,nan,False,nan,nan,nan,,nan,0.0,0.011617971584200859,120500
361000,440000,1114,110,-0.06845346978753827,0.037261947989463806,-7.025988406005299,5.7130288779735565,0.037261947989463806,0.5040973424911499,0,0,0,0,0,0,not_enabled,nan,False,nan,nan,nan,,nan,0.0,0.01134029496461153,121000
361500,440000,1116,130,-0.2921442864502255,0.2242833971977234,-49.03279486310938,43.29554437100887,0.2242833971977234,0.22447364032268524,0,0,0,0,0,0,not_enabled,nan,False,nan,nan,nan,,nan,0.0,0.011354162357747555,121500
362000,440000,1125,2,0.06180800911977763,0.037621915340423584,0.032827130591611395,0.07572812959551811,0.037621915340423584,0.4911442995071411,0,0,0,0,0,0,not_enabled,nan,False,nan,nan,nan,,nan,0.0,0.011328588239848614,122000
362500,440000,1127,22,-0.5982886356784503,0.14586275815963745,-12.64770443914695,4.632354654371738,0.14586275815963745,0.29324910044670105,0,0,0,0,0,0,not_enabled,nan,False,nan,nan,nan,,nan,0.0,0.011261786334216595,122500
363000,440000,1130,21,19.938745223774404,0.2303735613822937,20.590315371281953,4.435829170048237,0.2303735613822937,0.3277410864830017,1,0,0,0,0,0,not_enabled,nan,False,nan,nan,nan,,nan,0.0,0.011321691796183586,123000
363500,440000,1134,9,-0.0048313168978641186,0.21603618562221527,0.9751081813156881,1.35531847178936,0.21603618562221527,0.5934078097343445,0,0,0,0,0,0,not_enabled,nan,False,nan,nan,nan,,nan,0.0,0.01133075449615717,123500
364000,440000,1137,144,-0.12142420695026089,0.052670445293188095,-16.49195082848239,8.055822215974331,0.052670445293188095,0.4420152008533478,0,0,0,0,0,0,not_enabled,nan,False,nan,nan,nan,,nan,0.0,0.011352858506143093,124000
364500,440000,1144,98,-0.14377440771374067,0.11173567175865173,-26.755542674225012,22.601863749325275,0.11173567175865173,0.3191443085670471,0,0,0,0,0,0,not_enabled,nan,False,nan,nan,nan,,nan,0.0,0.011190863326191902,124500
365000,440000,1151,213,-0.33129351533149476,0.1468200385570526,-74.8652109239095,52.66631320118904,0.1468200385570526,0.2799223065376282,0,0,0,0,0,0,not_enabled,nan,False,nan,nan,nan,,nan,0.0,0.011187939904630184,125000
365500,440000,1158,234,-0.36109719930686,0.14002904295921326,-67.7913249008925,37.00522484630346,0.14002904295921326,0.28626614809036255,0,0,0,0,0,0,not_enabled,nan,False,nan,nan,nan,,nan,0.0,0.010949316434562206,125500
366000,440000,1172,2,-0.3708424474811364,0.2156156301498413,-0.9419633433722313,0.332480788230896,0.2156156301498413,0.537254810333252,0,0,0,0,0,0,not_enabled,nan,False,nan,nan,nan,,nan,0.0,0.011287366040050983,126000
366500,440000,1177,81,-0.23294470472806242,0.08572414517402649,-15.566689521460976,12.820424862205982,0.08572414517402649,0.35459017753601074,0,0,0,0,0,0,not_enabled,nan,False,nan,nan,nan,,nan,0.0,0.01124284602701664,126500
367000,440000,1188,149,-0.22956758650097045,0.13824471831321716,-33.87927068454357,27.963646069169044,0.13824471831321716,0.28799015283584595,0,0,0,0,0,0,not_enabled,nan,False,nan,nan,nan,,nan,0.0,0.010991128161549568,127000
367500,440000,1193,100,-0.7851121515577577,0.376415491104126,-46.72501798278876,39.071813121438026,0.376415491104126,0.17340533435344696,0,0,0,0,0,0,not_enabled,nan,False,nan,nan,nan,,nan,0.0,0.010938561521470547,127500
368000,440000,1199,118,-0.357351448113646,0.020115986466407776,-6.0962721041251395,5.240862125530839,0.020115986466407776,0.6683794856071472,0,0,0,0,0,0,not_enabled,nan,False,nan,nan,nan,,nan,0.0,0.010893276892602444,128000
368500,440000,1207,43,-0.2088654045244031,0.1404302567243576,-6.117179662511977,6.336582653224468,0.1404302567243576,0.2858818769454956,0,0,0,0,0,0,not_enabled,nan,False,nan,nan,nan,,nan,0.0,0.010842310264706612,128500
369000,440000,1210,204,-0.34893797975031504,0.030491959303617477,-30.337051282345435,20.293506709858775,0.030491959303617477,0.5364206433296204,0,0,0,0,0,0,not_enabled,nan,False,nan,nan,nan,,nan,0.0,0.011201390996575356,129000
369500,440000,1213,206,-0.10735155292596602,0.14403720200061798,-35.30344028154913,27.73759624361992,0.14403720200061798,0.2972017526626587,0,0,0,0,0,0,not_enabled,nan,False,nan,nan,nan,,nan,0.0,0.010889273136854172,129500
370000,440000,1219,171,-0.45490474585581187,0.23519788682460785,-76.5257542610241,35.10335844755173,0.23519788682460785,0.21837496757507324,0,0,0,0,0,0,not_enabled,nan,False,nan,nan,nan,,nan,0.0,0.011011187918484211,130000
370500,440000,1223,160,-0.3942670294536703,0.11059574037790298,-81.5421468906007,21.97128141671419,0.11059574037790298,0.3317415714263916,0,0,0,0,0,0,not_enabled,nan,False,nan,nan,nan,,nan,0.0,0.011079340241849422,130500
371000,440000,1229,96,-0.0627364640094777,0.07976759225130081,-12.173103775726533,7.143221490085125,0.07976759225130081,0.4521261751651764,0,0,0,0,0,0,not_enabled,nan,False,nan,nan,nan,,nan,0.0,0.011124427430331707,131000
371500,440000,1234,85,-0.074399697836729,0.02139207534492016,-1.6226239624363332,2.918816551566124,0.02139207534492016,0.641952633857727,0,0,0,0,0,0,not_enabled,nan,False,nan,nan,nan,,nan,0.0,0.011021547019481659,131500
372000,440000,1239,24,-0.06479845981985022,0.11218784004449844,-4.166198606493204,3.8611841574311256,0.11218784004449844,0.31647664308547974,0,0,0,0,0,0,not_enabled,nan,False,nan,nan,nan,,nan,0.0,0.010842729359865189,132000
372500,440000,1245,3,-0.40935813915618635,0.2891545295715332,-1.668455115697682,0.729022353887558,0.2891545295715332,0.26716142892837524,0,0,0,0,0,0,not_enabled,nan,False,nan,nan,nan,,nan,0.0,0.01099518034607172,132500
373000,440000,1249,192,-0.19628720311777337,0.036209963262081146,-8.875966239300531,5.850519059225917,0.036209963262081146,0.6662358045578003,0,0,0,0,0,0,not_enabled,nan,False,nan,nan,nan,,nan,0.0,0.011013294570147991,133000
373500,440000,1261,202,-0.22596230311963894,0.22349192202091217,-79.26900841832745,52.875407844781876,0.22349192202091217,0.29397815465927124,0,0,0,0,0,0,not_enabled,nan,False,nan,nan,nan,,nan,0.0,0.010624258778989315,133500
374000,440000,1268,69,-0.1774426288156231,0.13596652448177338,-7.864496424644617,8.444670625030994,0.13596652448177338,0.3036649525165558,0,0,0,0,0,0,not_enabled,nan,False,nan,nan,nan,,nan,0.0,0.01094103418290615,134000
374500,440000,1270,89,-0.44817845541958207,0.362104207277298,-29.927222316399522,26.86996166408062,0.362104207277298,0.25208669900894165,0,0,0,0,0,0,not_enabled,nan,False,nan,nan,nan,,nan,0.0,0.010793213732540607,134500
375000,440000,1275,28,-0.3623731321931075,0.29075494408607483,-8.798593634895726,5.516376078128815,0.29075494408607483,0.25445979833602905,0,0,0,0,0,0,not_enabled,nan,False,nan,nan,nan,,nan,0.0,0.010721580125391483,135000
375500,440000,1280,3,0.0850541758222601,0.11612445116043091,0.02071107772972186,0.3770359456539154,0.11612445116043091,0.31171494722366333,0,0,0,0,0,0,not_enabled,nan,False,nan,nan,nan,,nan,0.0,0.010577884502708912,135500
376000,440000,1284,138,-0.31092150535018775,0.15077292919158936,-33.36509684069042,26.67572019994259,0.15077292919158936,0.27637845277786255,0,0,0,0,0,0,not_enabled,nan,False,nan,nan,nan,,nan,0.0,0.01063917949795723,136000
376500,440000,1296,14,0.27019108300828265,0.019403865560889244,4.3231123190522105,0.5003049746155739,0.019403865560889244,0.6861269474029541,0,0,0,0,0,0,not_enabled,nan,False,nan,nan,nan,,nan,0.0,0.010641000233590603,136500
377000,440000,1308,74,-0.2358510905280108,0.15114477276802063,-6.240688389514061,6.8545176461339,0.15114477276802063,0.33303123712539673,0,0,0,0,0,0,not_enabled,nan,False,nan,nan,nan,,nan,0.0,0.01067483238875866,137000
377500,440000,1318,5,0.19774842388699398,0.1348472237586975,0.4358871336522763,0.9357408136129379,0.1348472237586975,0.2913428843021393,0,0,0,0,0,0,not_enabled,nan,False,nan,nan,nan,,nan,0.0,0.01065980177372694,137500
378000,440000,1321,13,-0.01455350617892947,0.03305868059396744,2.513588130419404,1.0041523166000843,0.03305868059396744,0.5180940628051758,0,0,0,0,0,0,not_enabled,nan,False,nan,nan,nan,,nan,0.0,0.010645400732755661,138000
378500,440000,1333,2,-0.12669480454947185,0.05247264355421066,-0.43862331346944056,0.10753316804766655,0.05247264355421066,0.4307152330875397,0,0,0,0,0,0,not_enabled,nan,False,nan,nan,nan,,nan,0.0,0.010588089004158974,138500
379000,440000,1337,213,-0.38214860617380725,0.15170136094093323,-75.84557335764775,63.36371845752001,0.15170136094093323,0.27556106448173523,0,0,0,0,0,0,not_enabled,nan,False,nan,nan,nan,,nan,0.0,0.010508302599191666,139000
379500,440000,1343,162,-0.19322299119248848,0.17744137346744537,-35.480197687546365,34.32986479997635,0.17744137346744537,0.2548677325248718,0,0,0,0,0,0,not_enabled,nan,False,nan,nan,nan,,nan,0.0,0.010685419663786888,139500
380000,440000,1346,180,-4.048297372684764,3.829882860183716,-115.14260921233719,104.36624124646187,0.8298828601837158,0.11754948645830154,0,0,0,0,0,0,not_enabled,nan,False,nan,nan,nan,,nan,0.0,0.01031874306499958,140000
380500,440000,1354,65,-0.24949494195105573,0.37747490406036377,-12.234879782798767,11.623879820108414,0.37747490406036377,0.27263733744621277,0,0,0,0,0,0,not_enabled,nan,False,nan,nan,nan,,nan,0.0,0.010443602688610554,140500
381000,440000,1362,1,-0.10385010522784598,0.1119779720902443,-0.10385010522784598,0.1119779720902443,0.1119779720902443,0.4005623161792755,0,0,0,0,0,0,not_enabled,nan,False,nan,nan,nan,,nan,0.0,0.010272245854139328,141000
381500,440000,1370,102,-0.18738129914136864,0.02275400049984455,-9.360322474001348,3.5498133040964603,0.02275400049984455,0.6189833879470825,0,0,0,0,0,0,not_enabled,nan,False,nan,nan,nan,,nan,0.0,0.010438808239996433,141500
382000,440000,1372,212,-0.20294823125304226,0.19215628504753113,-79.62269162684989,52.54914979636669,0.19215628504753113,0.2760128378868103,0,0,0,0,0,0,not_enabled,nan,False,nan,nan,nan,,nan,0.0,0.010374466888606548,142000
382500,440000,1379,101,0.05545502421358732,0.029444871470332146,-4.664688119056379,4.4438635017722845,0.029444871470332146,0.5447827577590942,0,0,0,0,0,0,not_enabled,nan,False,nan,nan,nan,,nan,0.0,0.010650178417563438,142500
383000,440000,1383,211,-0.38290894718330326,0.30227354168891907,-65.77007809989483,57.903834633529186,0.30227354168891907,0.18885019421577454,0,0,0,0,0,0,not_enabled,nan,False,nan,nan,nan,,nan,0.0,0.01058470644056797,143000
383500,440000,1394,67,-0.11353300218979832,0.028522910550236702,-3.611660844374019,2.818225048482418,0.028522910550236702,0.5590294003486633,0,0,0,0,0,0,not_enabled,nan,False,nan,nan,nan,,nan,0.0,0.010735985822975636,143500
384000,440000,1396,87,-0.38583593349032996,0.24299229681491852,-18.303835982837217,15.733395203948021,0.24299229681491852,0.2142019271850586,0,0,0,0,0,0,not_enabled,nan,False,nan,nan,nan,,nan,0.0,0.010785980150103569,144000
384500,440000,1409,89,-0.24029545076328937,0.11027871817350388,-14.733290731431866,15.701668787747622,0.11027871817350388,0.31885576248168945,0,0,0,0,0,0,not_enabled,nan,False,nan,nan,nan,,nan,0.0,0.010525528341531754,144500
385000,440000,1411,127,-0.6441302855878033,0.06697357445955276,-52.1563039664699,11.996887244284153,0.06697357445955276,0.437351793050766,0,0,0,0,0,0,not_enabled,nan,False,nan,nan,nan,,nan,0.0,0.010577158071100712,145000
385500,440000,1421,41,-0.017250594846191777,0.0893978625535965,-1.0777256782274904,4.731203280389309,0.0893978625535965,0.36371558904647827,0,0,0,0,0,0,not_enabled,nan,False,nan,nan,nan,,nan,0.0,0.010619441978633404,145500
386000,440000,1423,133,-0.3011624164233311,0.2586924433708191,-47.009075115998876,30.122264593839645,0.2586924433708191,0.2401001900434494,0,0,0,0,0,0,not_enabled,nan,False,nan,nan,nan,,nan,0.0,0.01068219542503357,146000
386500,440000,1428,237,-0.4805803254547054,0.2627757787704468,-85.73694658355511,71.28902290016413,0.2627757787704468,0.20421913266181946,0,0,0,0,0,0,not_enabled,nan,False,nan,nan,nan,,nan,0.0,0.010538817383348942,146500
387000,440000,1437,40,0.007245307909734142,0.05879683420062065,1.7498929047739045,2.157594297081232,0.05879683420062065,0.5237902402877808,0,0,0,0,0,0,not_enabled,nan,False,nan,nan,nan,,nan,0.0,0.010647512041032314,147000
387500,440000,1444,2,0.09715678078522616,0.24222350120544434,0.06998883295342972,0.38998933136463165,0.24222350120544434,0.3896379768848419,0,0,0,0,0,0,not_enabled,nan,False,nan,nan,nan,,nan,0.0,0.010922377929091454,147500
388000,440000,1450,201,-0.7206777732366666,0.033527519553899765,-85.56503636441117,27.977003518491983,0.033527519553899765,0.5150290727615356,0,0,0,0,0,0,not_enabled,nan,False,nan,nan,nan,,nan,0.0,0.010987596586346626,148000
388500,440000,1463,52,-0.32584009901402117,0.33599114418029785,-15.483297438594349,11.366153337061405,0.33599114418029785,0.20404575765132904,0,0,0,0,0,0,not_enabled,nan,False,nan,nan,nan,,nan,0.0,0.010724964551627636,148500
389000,440000,1469,194,-0.8038880288918563,0.06209709867835045,-169.21839620573874,26.320300590246916,0.06209709867835045,0.4033249616622925,0,0,0,0,0,0,not_enabled,nan,False,nan,nan,nan,,nan,0.0,0.010645375587046146,149000
389500,440000,1481,10,0.28741711838740597,0.06420151144266129,1.248222507421943,1.0378208756446838,0.06420151144266129,0.3980863392353058,0,0,0,0,0,0,not_enabled,nan,False,nan,nan,nan,,nan,0.0,0.010502110235393047,149500
390000,440000,1487,49,-0.08772584154719455,0.05233718827366829,-6.953200543812823,4.292132180184126,0.05233718827366829,0.4615972340106964,0,0,0,0,0,0,not_enabled,nan,False,nan,nan,nan,,nan,0.0,0.01059577614068985,150000
390500,440000,1489,117,-0.9777809776888674,0.047576501965522766,-68.44559177102617,16.697372302412987,0.047576501965522766,0.45093345642089844,0,0,0,0,0,0,not_enabled,nan,False,nan,nan,nan,,nan,0.0,0.010671686381101608,150500
391000,440000,1498,155,-0.34359375148164994,0.17671287059783936,-63.398332179463814,41.16342128813267,0.17671287059783936,0.2575114369392395,0,0,0,0,0,0,not_enabled,nan,False,nan,nan,nan,,nan,0.0,0.010611546225845814,151000
391500,440000,1509,17,-0.2532541063690781,0.16271348297595978,1.0709672795557865,2.4498852640390396,0.16271348297595978,0.3544851541519165,0,0,0,0,0,0,not_enabled,nan,False,nan,nan,nan,,nan,0.0,0.010481768287718296,151500
392000,440000,1511,218,-0.27402871442642796,0.26888564229011536,-75.40176503473262,49.23928864300251,0.26888564229011536,0.20129671692848206,0,0,0,0,0,0,not_enabled,nan,False,nan,nan,nan,,nan,0.0,0.010668186470866203,152000
392500,440000,1515,206,-0.4091918519256717,0.0801389217376709,-53.11433603354683,27.269425995647907,0.0801389217376709,0.39710113406181335,0,0,0,0,0,0,not_enabled,nan,False,nan,nan,nan,,nan,0.0,0.01068128366023302,152500
393000,440000,1519,194,-0.040141028257038094,0.060388870537281036,-24.248377718669765,20.393321935087442,0.060388870537281036,0.41039764881134033,0,0,0,0,0,0,not_enabled,nan,False,nan,nan,nan,,nan,0.0,0.010689354501664639,153000
393500,440000,1521,228,-0.09366382141102009,0.06202555075287819,-20.24482537766861,19.1594902202487,0.06202555075287819,0.40350714325904846,0,0,0,0,0,0,not_enabled,nan,False,nan,nan,nan,,nan,0.0,0.010726463980972767,153500
394000,440000,1529,127,-0.6355966936048572,0.21367260813713074,-55.02602421876196,34.214478582143784,0.21367260813713074,0.23071540892124176,0,0,0,0,0,0,not_enabled,nan,False,nan,nan,nan,,nan,0.0,0.010380390100181103,154000
394500,440000,1536,48,-0.114443760744382,0.03935493528842926,1.6698258558009773,1.9358250442892313,0.03935493528842926,0.5647521018981934,0,0,0,0,0,0,not_enabled,nan,False,nan,nan,nan,,nan,0.0,0.010335761122405529,154500
395000,440000,1553,16,-0.4014753286928183,0.12082884460687637,-3.9285734183067875,3.982610784471035,0.12082884460687637,0.3062617778778076,0,0,0,0,0,0,not_enabled,nan,False,nan,nan,nan,,nan,0.0,0.01048370823264122,155000
395500,440000,1557,1,-0.09245331785189997,0.16500598192214966,-0.09245331785189997,0.16500598192214966,0.16500598192214966,0.41546502709388733,0,0,0,0,0,0,not_enabled,nan,False,nan,nan,nan,,nan,0.0,0.010370787233114243,155500
396000,440000,1572,229,-0.18097276565720877,0.1568424254655838,-57.62779546740217,47.563918851315975,0.1568424254655838,0.3057149350643158,0,0,0,0,0,0,not_enabled,nan,False,nan,nan,nan,,nan,0.0,0.01056204829365015,156000
396500,440000,1581,129,-0.33492470167963345,0.27481240034103394,-63.1224443582922,27.62047278136015,0.27481240034103394,0.3098915219306946,0,0,0,0,0,0,not_enabled,nan,False,nan,nan,nan,,nan,0.0,0.0103645334020257,156500
397000,440000,1591,239,-0.28149278027551616,0.3753328025341034,-75.91343593100075,58.34183793514967,0.3753328025341034,0.21860335767269135,0,0,0,0,0,0,not_enabled,nan,False,nan,nan,nan,,nan,0.0,0.010716520249843597,157000
397500,440000,1598,157,-0.0753013379211089,0.07401067763566971,-14.809228310448516,12.174973376095295,0.07401067763566971,0.3762969374656677,0,0,0,0,0,0,not_enabled,nan,False,nan,nan,nan,,nan,0.0,0.010481458157300949,157500
398000,440000,1607,41,-0.3596917782504245,0.2671493589878082,-10.560629003494748,12.937773644924164,0.2671493589878082,0.20211999118328094,0,0,0,0,0,0,not_enabled,nan,False,nan,nan,nan,,nan,0.0,0.01044193934649229,158000
398500,440000,1611,4,0.08497843984168156,0.033778928220272064,-0.1956406315444998,0.16234004870057106,0.033778928220272064,0.5134172439575195,0,0,0,0,0,0,not_enabled,nan,False,nan,nan,nan,,nan,0.0,0.01030237041413784,158500
399000,440000,1616,53,-0.4060158775890546,0.04813499376177788,-11.20404188386081,8.72791400551796,0.04813499376177788,0.4454510509967804,0,0,0,0,0,0,not_enabled,nan,False,nan,nan,nan,,nan,0.0,0.010338719002902508,159000
399500,440000,1626,92,-0.14825818713233319,0.09447217732667923,-10.556950629135903,13.206885382533073,0.09447217732667923,0.3406077027320862,0,0,0,0,0,0,not_enabled,nan,False,nan,nan,nan,,nan,0.0,0.010332946665585041,159500
400000,440000,1631,70,-0.550162210415295,0.21931515634059906,-31.22100194416797,20.35919050872326,0.21931515634059906,0.22735582292079926,0,0,0,0,0,0,not_enabled,nan,False,nan,nan,nan,,nan,0.0,0.010196186602115631,160000
400500,440000,1640,20,-0.20660566568436345,0.07408589869737625,2.706094722461576,2.163549404591322,0.07408589869737625,0.4069359600543976,0,0,0,0,0,0,not_enabled,nan,False,nan,nan,nan,,nan,0.0,0.010252345353364944,160500
401000,440000,1645,108,-0.03483398571677016,0.06963599473237991,-3.160350092879752,4.219095017760992,0.06963599473237991,0.6548909544944763,0,0,0,0,0,0,not_enabled,nan,False,nan,nan,nan,,nan,0.0,0.010052521713078022,161000
401500,440000,1648,221,-0.4051218219399061,0.19283705949783325,-76.3650901765171,47.95644395053387,0.19283705949783325,0.24400575459003448,0,0,0,0,0,0,not_enabled,nan,False,nan,nan,nan,,nan,0.0,0.010195335373282433,161500
402000,440000,1659,68,-0.6321506218796038,0.37636545300483704,-23.854353694889472,19.345405220985413,0.37636545300483704,0.1919132024049759,0,0,0,0,0,0,not_enabled,nan,False,nan,nan,nan,,nan,0.0,0.010258600115776062,162000
402500,440000,1663,17,20.05590038916162,0.06128964573144913,22.76581280390433,1.6373386643826962,0.06128964573144913,0.40539729595184326,1,0,0,0,0,0,not_enabled,nan,False,nan,nan,nan,,nan,0.0,0.010220963507890701,162500
403000,440000,1674,53,-0.38866676137520206,0.5245131850242615,-13.638543308131906,15.170766606926918,0.5245131850242615,0.1910581886768341,0,0,0,0,0,0,not_enabled,nan,False,nan,nan,nan,,nan,0.0,0.010425178334116936,163000
403500,440000,1688,142,-0.6184588811018807,0.20684199035167694,-46.56473655830584,28.295575857162476,0.20684199035167694,0.23491238057613373,0,0,0,0,0,0,not_enabled,nan,False,nan,nan,nan,,nan,0.0,0.010624962858855724,163500
404000,440000,1691,54,-0.30097191270635804,0.19241900742053986,-13.29034619715047,13.637047737836838,0.19241900742053986,0.24428807199001312,0,0,0,0,0,0,not_enabled,nan,False,nan,nan,nan,,nan,0.0,0.010671300813555717,164000
404500,440000,1697,13,0.11224876120366598,0.13061802089214325,2.113983927479454,1.9386709704995155,0.13061802089214325,0.40365228056907654,0,0,0,0,0,0,not_enabled,nan,False,nan,nan,nan,,nan,0.0,0.010647589340806007,164500
405000,440000,1710,13,0.19486825507494582,0.08732156455516815,1.5788064998158549,2.0230828300118446,0.08732156455516815,0.3949955999851227,0,0,0,0,0,0,not_enabled,nan,False,nan,nan,nan,,nan,0.0,0.010669993236660957,165000
405500,440000,1725,31,-0.027914021041340806,0.051830872893333435,-0.966020138927251,2.5471832156181335,0.051830872893333435,0.43278464674949646,0,0,0,0,0,0,not_enabled,nan,False,nan,nan,nan,,nan,0.0,0.010725261643528938,165500
406000,440000,1729,66,-0.2421131912793103,0.13233710825443268,-3.324932237824012,5.171787369996309,0.13233710825443268,0.4009399116039276,0,0,0,0,0,0,not_enabled,nan,False,nan,nan,nan,,nan,0.0,0.010646451264619827,166000
406500,440000,1733,64,-0.24286418734224857,0.1958339363336563,-9.383265571542626,11.607916295528412,0.1958339363336563,0.24200110137462616,0,0,0,0,0,0,not_enabled,nan,False,nan,nan,nan,,nan,0.0,0.010517471469938755,166500
407000,440000,1736,62,-0.22117487182295592,0.2471179962158203,-15.081184843213428,15.793843373656273,0.2471179962158203,0.2120504528284073,0,0,0,0,0,0,not_enabled,nan,False,nan,nan,nan,,nan,0.0,0.010630198754370213,167000
407500,440000,1747,33,-0.23974693067066394,0.20692209899425507,-3.591064355767093,6.856016680598259,0.20692209899425507,0.2511797249317169,0,0,0,0,0,0,not_enabled,nan,False,nan,nan,nan,,nan,0.0,0.010471252724528313,167500
408000,440000,1751,162,-0.10985802770131906,0.05651678517460823,-14.759311243136528,12.705287303775549,0.05651678517460823,0.418436735868454,0,0,0,0,0,0,not_enabled,nan,False,nan,nan,nan,,nan,0.0,0.01029836293309927,168000
408500,440000,1759,105,-0.20906523092660992,0.1481422483921051,-26.870407880852646,26.5244183242321,0.1481422483921051,0.2787252366542816,0,0,0,0,0,0,not_enabled,nan,False,nan,nan,nan,,nan,0.0,0.010115059092640877,168500
409000,440000,1764,30,-0.5986480196212065,0.4435957074165344,-8.446425795590782,10.329173892736435,0.4435957074165344,0.18095600605010986,0,0,0,0,0,0,not_enabled,nan,False,nan,nan,nan,,nan,0.0,0.010407377034425735,169000
409500,440000,1768,17,0.019817431538747293,0.056515950709581375,0.11605686176095814,1.0325558483600616,0.056515950709581375,0.4184391498565674,0,0,0,0,0,0,not_enabled,nan,False,nan,nan,nan,,nan,0.0,0.010209214873611927,169500
410000,440000,1776,143,-0.03705439561766885,0.20267175137996674,-38.583997874343346,35.519752621650696,0.20267175137996674,0.25799813866615295,0,0,0,0,0,0,not_enabled,nan,False,nan,nan,nan,,nan,0.0,0.0102168507874012,170000
410500,440000,1786,62,-0.09225957498923612,0.06745892018079758,-6.129849462040024,5.454696603119373,0.06745892018079758,0.4020750820636749,0,0,0,0,0,0,not_enabled,nan,False,nan,nan,nan,,nan,0.0,0.010009139776229858,170500
411000,440000,1792,189,-0.30102446021651935,0.20442965626716614,-58.30867434911431,38.242220014333725,0.20442965626716614,0.23643037676811218,0,0,0,0,0,0,not_enabled,nan,False,nan,nan,nan,,nan,0.0,0.01021184865385294,171000
411500,440000,1799,59,-0.4021974335733115,0.272551029920578,-24.181071114465848,19.04698947072029,0.272551029920578,0.19957707822322845,0,0,0,0,0,0,not_enabled,nan,False,nan,nan,nan,,nan,0.0,0.010101390071213245,171500
412000,440000,1812,21,-0.4522986601665196,0.38359254598617554,-7.118250552048249,9.40152695775032,0.38359254598617554,0.15656916797161102,0,0,0,0,0,0,not_enabled,nan,False,nan,nan,nan,,nan,0.0,0.010047192685306072,172000
412500,440000,1814,224,-0.2562903990830935,0.026579251512885094,-28.728267834047482,7.603538557887077,0.026579251512885094,0.5711870193481445,0,0,0,0,0,0,not_enabled,nan,False,nan,nan,nan,,nan,0.0,0.010113515891134739,172500
413000,440000,1818,222,-0.16101202741765874,0.05763307213783264,-28.995868501309563,18.730925012379885,0.05763307213783264,0.41525766253471375,0,0,0,0,0,0,not_enabled,nan,False,nan,nan,nan,,nan,0.0,0.009961654432117939,173000
413500,440000,1831,61,-0.1479157893745207,0.05121837183833122,-4.50477861757921,3.6428008787333965,0.05121837183833122,0.44881579279899597,0,0,0,0,0,0,not_enabled,nan,False,nan,nan,nan,,nan,0.0,0.01000214647501707,173500
414000,440000,1838,18,-0.3464554970203478,0.46732857823371887,-6.130129063041769,5.535151995718479,0.46732857823371887,0.2581908702850342,0,0,0,0,0,0,not_enabled,nan,False,nan,nan,nan,,nan,0.0,0.009695193730294704,174000
414500,440000,1845,176,-0.4995654952562225,0.5428768992424011,-80.1316292644705,63.81746071577072,0.5428768992424011,0.16351823508739471,0,0,0,0,0,0,not_enabled,nan,False,nan,nan,nan,,nan,0.0,0.0096318069845438,174500
415000,440000,1850,21,-0.16454098407679743,0.0204540453851223,3.0917761635537206,0.8916900251060724,0.0204540453851223,0.6607927680015564,0,0,0,0,0,0,not_enabled,nan,False,nan,nan,nan,,nan,0.0,0.00986410304903984,175000
415500,440000,1853,17,-0.10498407263858844,0.2038227766752243,-2.534364817956251,3.1111841537058353,0.2038227766752243,0.31293198466300964,0,0,0,0,0,0,not_enabled,nan,False,nan,nan,nan,,nan,0.0,0.00973472185432911,175500
416000,440000,1855,37,-0.24493559894133,0.16776472330093384,-8.017152415000005,7.0728306621313095,0.16776472330093384,0.2635071277618408,0,0,0,0,0,0,not_enabled,nan,False,nan,nan,nan,,nan,0.0,0.009730484336614609,176000
416500,440000,1857,119,-0.15836864196406167,0.14676712453365326,-21.53872679688107,18.459268756210804,0.14676712453365326,0.28428176045417786,0,0,0,0,0,0,not_enabled,nan,False,nan,nan,nan,,nan,0.0,0.00970722921192646,176500
417000,440000,1865,111,-0.2115145094964618,0.21832498908042908,-22.08320642059735,22.96287528425455,0.21832498908042908,0.22793860733509064,0,0,0,0,0,0,not_enabled,nan,False,nan,nan,nan,,nan,0.0,0.009772253222763538,177000
417500,440000,1870,87,-0.14497781316776412,0.05173417925834656,-1.4463402748795686,4.939549550414085,0.05173417925834656,0.43309956789016724,0,0,0,0,0,0,not_enabled,nan,False,nan,nan,nan,,nan,0.0,0.009974782355129719,177500
418000,440000,1876,16,0.10653566250828389,0.1341743767261505,1.0803926975001832,3.351960852742195,0.1341743767261505,0.3456725478172302,0,0,0,0,0,0,not_enabled,nan,False,nan,nan,nan,,nan,0.0,0.00987849198281765,178000
418500,440000,1886,13,-0.2607525516179081,0.2284795045852661,-0.2688157756642669,2.9627417623996735,0.2284795045852661,0.2363755702972412,0,0,0,0,0,0,not_enabled,nan,False,nan,nan,nan,,nan,0.0,0.009811151772737503,178500
419000,440000,1896,142,-0.2512425814366488,0.09472936391830444,-31.79818281830645,25.03391133248806,0.09472936391830444,0.34022030234336853,0,0,0,0,0,0,not_enabled,nan,False,nan,nan,nan,,nan,0.0,0.009753120131790638,179000
419500,440000,1904,70,-0.31405581009290473,0.2647142708301544,-19.30294010021633,16.693417079746723,0.2647142708301544,0.20824845135211945,0,0,0,0,0,0,not_enabled,nan,False,nan,nan,nan,,nan,0.0,0.009511031210422516,179500
420000,440000,1913,35,-0.23942877186834366,0.12681855261325836,-2.5931296882735233,5.3912772089242935,0.12681855261325836,0.2996591329574585,0,0,0,0,0,0,not_enabled,nan,False,nan,nan,nan,,nan,0.0,0.00968241412192583,180000
420500,440000,1919,3,0.15869213691808562,0.045038849115371704,0.12330339165129531,0.14056356251239777,0.045038849115371704,0.4571990668773651,0,0,0,0,0,0,not_enabled,nan,False,nan,nan,nan,,nan,0.0,0.009668951854109764,180500
421000,440000,1923,110,-0.5333522828362727,0.17762306332588196,-67.74438078394812,14.973622843623161,0.17762306332588196,0.339740127325058,0,0,0,0,0,0,not_enabled,nan,False,nan,nan,nan,,nan,0.0,0.009505127556622028,181000
421500,440000,1940,72,-0.6360056386564975,0.48855656385421753,-37.53541729016072,13.413447678089142,0.48855656385421753,0.21584530174732208,0,0,0,0,0,0,not_enabled,nan,False,nan,nan,nan,,nan,0.0,0.00946515891700983,181500
422000,440000,1945,48,-0.35427086178939654,0.08320113271474838,-16.37942906123637,5.832213342189789,0.08320113271474838,0.3589452803134918,0,0,0,0,0,0,not_enabled,nan,False,nan,nan,nan,,nan,0.0,0.009480083361268044,182000
422500,440000,1956,151,-0.27347386621689224,0.039604801684617996,-13.705127307516614,14.128288798034191,0.039604801684617996,0.4810888171195984,0,0,0,0,0,0,not_enabled,nan,False,nan,nan,nan,,nan,0.0,0.009611913003027439,182500
423000,440000,1964,13,0.12594458346051868,0.023206908255815506,4.694775808906676,0.2982254642993212,0.023206908255815506,0.6904608011245728,0,0,0,0,0,0,not_enabled,nan,False,nan,nan,nan,,nan,0.0,0.0096132792532444,183000
423500,440000,1971,179,-0.1943577240571243,0.09854290634393692,-54.38264579427878,37.58299499750137,0.09854290634393692,0.33581459522247314,0,0,0,0,0,0,not_enabled,nan,False,nan,nan,nan,,nan,0.0,0.009771671146154404,183500
424000,440000,1975,157,-0.3467500873833699,0.3380877673625946,-64.01085448747868,53.79565170407295,0.3380877673625946,0.17237837612628937,0,0,0,0,0,0,not_enabled,nan,False,nan,nan,nan,,nan,0.0,0.0095708929002285,184000
424500,440000,1980,95,-0.10056421735209224,0.01893726736307144,-1.025980855595672,3.10068766400218,0.01893726736307144,0.6993632912635803,0,0,0,0,0,0,not_enabled,nan,False,nan,nan,nan,,nan,0.0,0.009667444042861462,184500
425000,440000,1988,7,0.371470885780127,0.0335996076464653,1.9947661036248996,0.24756094440817833,0.0335996076464653,0.5145646929740906,0,0,0,0,0,0,not_enabled,nan,False,nan,nan,nan,,nan,0.0,0.009677364490926266,185000
425500,440000,1994,44,-0.2577382758385109,0.1858033388853073,-6.323875104538894,9.165740758180618,0.1858033388853073,0.24884656071662903,0,0,0,0,0,0,not_enabled,nan,False,nan,nan,nan,,nan,0.0,0.009774010628461838,185500
426000,440000,2000,131,-0.2863728894845653,0.15954768657684326,-38.72653686218781,35.46515654027462,0.15954768657684326,0.26886680722236633,0,0,0,0,0,0,not_enabled,nan,False,nan,nan,nan,,nan,0.0,0.009397082962095737,186000
426500,440000,2009,58,-0.22813907564403307,0.35609012842178345,-12.00764650160555,14.734659403562546,0.35609012842178345,0.22259804606437683,0,0,0,0,0,0,not_enabled,nan,False,nan,nan,nan,,nan,0.0,0.009475148282945156,186500
427000,440000,2013,42,-0.36411155151625396,0.17901472747325897,-10.096010110289185,9.542673468589783,0.17901472747325897,0.2537114918231964,0,0,0,0,0,0,not_enabled,nan,False,nan,nan,nan,,nan,0.0,0.009283897466957569,187000
427500,440000,2018,212,-0.7702963982544322,0.7777242064476013,-92.42013985259302,83.45862668007612,0.7777242064476013,0.12653543055057526,0,0,0,0,0,0,not_enabled,nan,False,nan,nan,nan,,nan,0.0,0.009575892239809036,187500
428000,440000,2029,74,-0.32169662254114473,0.27599504590034485,-20.711898518757945,22.83614517748356,0.27599504590034485,0.19821575284004211,0,0,0,0,0,0,not_enabled,nan,False,nan,nan,nan,,nan,0.0,0.009451890364289284,188000
428500,440000,2032,75,-0.27282601300177034,0.22203239798545837,-21.190457765694898,17.708160802721977,0.22203239798545837,0.26353809237480164,0,0,0,0,0,0,not_enabled,nan,False,nan,nan,nan,,nan,0.0,0.009615511633455753,188500
429000,440000,2038,36,-0.013655738973589626,0.17556841671466827,1.876568073218345,1.731953313574195,0.17556841671466827,0.6882967948913574,0,0,0,0,0,0,not_enabled,nan,False,nan,nan,nan,,nan,0.0,0.009428824298083782,189000
429500,440000,2049,65,-0.138248507186348,0.09491248428821564,-8.258877660661703,9.864160358905792,0.09491248428821564,0.3399452269077301,0,0,0,0,0,0,not_enabled,nan,False,nan,nan,nan,,nan,0.0,0.009599207900464535,189500
430000,440000,2056,6,0.18136040105349727,0.03577360883355141,2.1311538915356163,0.24152783304452896,0.03577360883355141,0.5013425350189209,0,0,0,0,0,0,not_enabled,nan,False,nan,nan,nan,,nan,0.0,0.009458279237151146,190000
430500,440000,2059,230,-0.5550318944777712,0.08975227177143097,-108.85721292859293,58.91020340099931,0.08975227177143097,0.34794890880584717,0,0,0,0,0,0,not_enabled,nan,False,nan,nan,nan,,nan,0.0,0.009435426443815231,190500
431000,440000,2069,107,-0.40818400783442377,0.13720113039016724,-34.79426294478342,16.936934180557728,0.13720113039016724,0.28901004791259766,0,0,0,0,0,0,not_enabled,nan,False,nan,nan,nan,,nan,0.0,0.009568296372890472,191000
431500,440000,2073,100,-0.24068237751724103,0.3052372634410858,-38.9104081841761,17.383573438972235,0.3052372634410858,0.22077824175357819,0,0,0,0,0,0,not_enabled,nan,False,nan,nan,nan,,nan,0.0,0.009742071852087975,191500
432000,440000,2086,78,-0.1523975899281834,0.12978272140026093,-9.475190197501421,10.118251390755177,0.12978272140026093,0.30214133858680725,0,0,0,0,0,0,not_enabled,nan,False,nan,nan,nan,,nan,0.0,0.009488214738667011,192000
432500,440000,2093,51,-0.7660422083445257,0.04969736561179161,-28.926955347564434,3.911852415651083,0.04969736561179161,0.45164746046066284,0,0,0,0,0,0,not_enabled,nan,False,nan,nan,nan,,nan,0.0,0.009658785536885262,192500
433000,440000,2100,11,0.3032888391960114,0.04434141144156456,3.7387254222585264,0.5718499757349491,0.04434141144156456,0.4600120186805725,0,0,0,0,0,0,not_enabled,nan,False,nan,nan,nan,,nan,0.0,0.00949955079704523,193000
433500,440000,2113,20,-0.041137386510038426,0.12825702130794525,-1.546909005630629,3.0253517478704453,0.12825702130794525,0.3920666575431824,0,0,0,0,0,0,not_enabled,nan,False,nan,nan,nan,,nan,0.0,0.00943901389837265,193500
434000,440000,2116,3,0.06856769786113431,0.11014363169670105,-0.2758887129115056,0.37618815898895264,0.11014363169670105,0.3190259039402008,0,0,0,0,0,0,not_enabled,nan,False,nan,nan,nan,,nan,0.0,0.00946850422769785,194000
434500,440000,2134,85,-0.10215520702814965,0.04846369847655296,-1.2021195435651708,3.0517027862370014,0.04846369847655296,0.5380414724349976,0,0,0,0,0,0,not_enabled,nan,False,nan,nan,nan,,nan,0.0,0.009509335272014141,194500
435000,440000,2142,238,-0.04089622308017597,0.04319236800074577,-19.422063523787276,10.819537989795208,0.04319236800074577,0.46479523181915283,0,0,0,0,0,0,not_enabled,nan,False,nan,nan,nan,,nan,0.0,0.009432656690478325,195000
435500,440000,2160,3,0.12863678491701813,0.057520728558301926,0.19855953482273242,0.17129669338464737,0.057520728558301926,0.47512418031692505,0,0,0,0,0,0,not_enabled,nan,False,nan,nan,nan,,nan,0.0,0.009550938382744789,195500
436000,440000,2169,26,0.1982586970796113,0.21675890684127808,-1.8391929040162687,2.4813375007361174,0.21675890684127808,0.5160104036331177,0,0,0,0,0,0,not_enabled,nan,False,nan,nan,nan,,nan,0.0,0.009701079688966274,196000
436500,440000,2183,5,-0.005044668088440923,0.21657301485538483,-0.3300212237924264,0.9483536928892136,0.21657301485538483,0.3818821609020233,0,0,0,0,0,0,not_enabled,nan,False,nan,nan,nan,,nan,0.0,0.00966312550008297,196500
437000,440000,2186,7,-0.2970212245970584,0.21162444353103638,-2.4237087734227556,2.354313552379608,0.21162444353103638,0.2801235020160675,0,0,0,0,0,0,not_enabled,nan,False,nan,nan,nan,,nan,0.0,0.009576339274644852,197000
437500,440000,2198,92,-0.13110666269167598,0.03994681313633919,-4.295110953965913,4.235453616827726,0.03994681313633919,0.4794365465641022,0,0,0,0,0,0,not_enabled,nan,False,nan,nan,nan,,nan,0.0,0.009747011587023735,197500
438000,440000,2206,87,-0.26124411281632554,0.15004216134548187,-30.936680835877773,19.063345298171043,0.15004216134548187,0.28469333052635193,0,0,0,0,0,0,not_enabled,nan,False,nan,nan,nan,,nan,0.0,0.009627031162381172,198000
438500,440000,2213,15,0.18371943807348126,0.039305396378040314,3.874195465951539,0.7471083179116249,0.039305396378040314,0.48255419731140137,0,0,0,0,0,0,not_enabled,nan,False,nan,nan,nan,,nan,0.0,0.009622262790799141,198500
439000,440000,2221,158,-0.17958830323972344,0.04634033143520355,-17.10409401156112,6.340188205242157,0.04634033143520355,0.6788764595985413,0,0,0,0,0,0,not_enabled,nan,False,nan,nan,nan,,nan,0.0,0.009584077633917332,199000
439500,440000,2223,178,-0.20467185671231536,0.11063800752162933,-37.77070233702643,29.58012992888689,0.11063800752162933,0.32097962498664856,0,0,0,0,0,0,not_enabled,nan,False,nan,nan,nan,,nan,0.0,0.009536352939903736,199500
440000,440000,2227,165,-0.3291793685866332,0.201459601521492,-49.01572084942218,27.061172008514404,0.201459601521492,0.23832611739635468,0,0,0,0,0,0,not_enabled,nan,False,nan,nan,nan,,nan,0.0,0.009736411273479462,200000
