step,time,reward,cost,goal_error_norm,d_min,risk_global,beta,closest_link,safety_violation,collision,success,qdot_norm,acc_norm,jerk_norm,qdot_requested_norm,risk_speed_scale,risk_speed_h_min_m,safety_filter_status,safety_filter_intervention_norm,safety_filter_safe_stop,safety_filter_active_constraints,safety_filter_constraint_count,safety_filter_active_constraint_categories,safety_filter_max_constraint_category,safety_filter_projection_iterations,safety_filter_fallback_used,safety_filter_qp_solver_used,safety_filter_qp_solver_status,safety_filter_fallback_stage,safety_filter_max_constraint_violation,predictive_risk_status,predictive_h_min_m,safety_filter_solve_time_s
0,0.05,-0.43599773141753784,0.42322567105293274,0.29315072298049927,0.19640304148197174,0.37321391701698303,0.35,5,0,0,0,0.3307717442512512,6.615434646606445,132.30868530273438,0.3307717442512512,0.7377270845857483,0.059018166766859864,passthrough,2.605652140878134e-10,0,0,12,,predictive_link_5,0,0,1,solved,osqp,0.0,valid,0.059018166766859864,0.0031628794968128204
1,0.1,-0.27076363507247897,0.3381982743740082,0.28060367703437805,0.19531460106372833,0.28718623518943787,0.35,5,0,0,0,0.45743098855018616,3.0583338737487793,94.9473876953125,0.45743098855018616,0.6952855926995568,0.055622847415964544,passthrough,4.070601752491927e-10,0,0,12,,predictive_link_5,0,0,1,solved,osqp,0.0,valid,0.055622847415964544,0.002904880791902542
2,0.15000000000000002,-0.2343839960201155,0.33360713720321655,0.26714780926704407,0.19523559510707855,0.28204190731048584,0.35,5,0,0,0,0.5046140551567078,1.5702695846557617,39.273433685302734,0.5046140551567078,0.6791084556857983,0.05432867645486386,passthrough,4.859173611287879e-10,0,0,12,,predictive_link_5,0,0,1,solved,osqp,0.0,valid,0.05432867645486386,0.003581724129617214
3,0.2,-0.2141570513464007,0.33201366662979126,0.2534584701061249,0.19600214064121246,0.28034111857414246,0.35,5,0,0,0,0.5327345728874207,0.831248939037323,15.7417573928833,0.5327345728874207,0.6756732561799424,0.054053860494395395,passthrough,5.539351139368218e-10,0,0,12,,predictive_link_5,0,0,1,solved,osqp,0.0,valid,0.054053860494395395,0.002764747478067875
4,0.25,-0.19651172617647383,0.32818087935447693,0.2397553026676178,0.19758839905261993,0.27685585618019104,0.35,5,0,0,0,0.5537419319152832,0.47592437267303467,11.015342712402344,0.5537419319152832,0.6831923381099436,0.054655387048795495,passthrough,5.992910118499057e-10,0,0,12,,predictive_link_5,0,0,1,solved,osqp,0.0,valid,0.054655387048795495,0.0028521716594696045
5,0.30000000000000004,-0.17783122939591423,0.3218849301338196,0.22607241570949554,0.20010991394519806,0.27140966057777405,0.35,5,0,0,0,0.5759509801864624,0.4559629559516907,3.128105640411377,0.5759509801864624,0.7014346961512149,0.05611477569209719,passthrough,6.294985155752707e-10,0,0,12,,predictive_link_5,0,0,1,solved,osqp,0.0,valid,0.05611477569209719,0.0034599723294377327
6,0.35000000000000003,-0.1560410633229146,0.31262025237083435,0.21236059069633484,0.20382694900035858,0.263587087392807,0.35,5,0,0,0,0.6071315407752991,0.6294459700584412,4.777839660644531,0.6071315407752991,0.7318906055389877,0.058551248443119014,passthrough,6.564659808176289e-10,0,0,12,,predictive_link_5,0,0,1,solved,osqp,0.0,valid,0.058551248443119014,0.00444249901920557
7,0.4,-0.12956710234919064,0.2996199131011963,0.19852802157402039,0.20917390286922455,0.2527509331703186,0.35,5,0,0,0,0.6583012342453003,1.0328733921051025,8.497109413146973,0.6583012342453003,0.7778626256375605,0.06222901005100484,passthrough,7.053024721794729e-10,0,0,12,,predictive_link_5,0,0,1,solved,osqp,0.0,valid,0.06222901005100484,0.002686958760023117
8,0.45,-0.09937002111729457,0.281813383102417,0.18459047377109528,0.2168523520231247,0.2380104809999466,0.35,5,0,0,0,0.7411710619926453,1.6888234615325928,13.408060073852539,0.7411710619926453,0.8448434171700464,0.06758747337360371,passthrough,7.938879355305357e-10,0,0,12,,predictive_link_5,0,0,1,solved,osqp,0.0,valid,0.06758747337360371,0.0026618223637342453
9,0.5,-0.07475890501404509,0.25764477252960205,0.17113669216632843,0.22808288037776947,0.21808059513568878,0.35,5,0,0,0,0.8737000226974487,2.6583199501037598,20.286376953125,0.8737000226974487,0.9417287364856627,0.07533829891885302,passthrough,9.359815784316646e-10,0,0,12,,predictive_link_5,0,0,1,solved,osqp,0.0,valid,0.07533829891885302,0.002637520432472229
10,0.55,-0.10340686389209425,0.22876302897930145,0.16123193502426147,0.2429940551519394,0.19434323906898499,0.35,5,0,0,0,1.0194534063339233,3.062661647796631,19.577892303466797,1.0194531679153442,1.0,0.08672954101478902,filtered,7.238499096058561e-07,0,0,12,,workspace_z_upper,0,0,1,solved,osqp,0.0,valid,0.08672954101478902,0.0026598088443279266
11,0.6000000000000001,-0.2197082026284079,0.20048277080059052,0.1594538688659668,0.2595745325088501,0.17119073867797852,0.35,5,0,0,0,1.0759105682373047,1.948204517364502,42.476806640625,1.075910210609436,1.0,0.10193292682113009,filtered,7.312948728995111e-07,0,0,12,,workspace_z_upper,0,0,1,solved,osqp,0.0,valid,0.10193292682113009,0.0025931913405656815
12,0.65,-0.380298039351311,0.1749027967453003,0.16770994663238525,0.2767917215824127,0.15030592679977417,0.35,5,0,0,0,1.0718153715133667,2.3077919483184814,37.73143768310547,1.071815013885498,1.0,0.11895619145825842,filtered,6.85386261041678e-07,0,0,12,,workspace_z_upper,0,0,1,solved,osqp,0.0,valid,0.11895619145825842,0.0026428010314702988
13,0.7000000000000001,-0.5276756981469908,0.1525687575340271,0.1847166121006012,0.2941400110721588,0.13208448886871338,0.35,5,0,0,0,1.0489373207092285,2.7322311401367188,20.72370719909668,1.0489367246627808,1.0,0.13675712115366812,filtered,1.069791107270382e-06,0,0,12,,workspace_z_upper,0,0,1,solved,osqp,0.0,valid,0.13675712115366812,0.002692531794309616
14,0.75,-0.6172319243943731,0.1333780288696289,0.20683327317237854,0.3114083707332611,0.11638329923152924,0.35,5,0,0,0,1.027162790298462,1.392804503440857,37.40536117553711,1.0271620750427246,1.0,0.15480243120244314,filtered,1.5052791712913782e-06,0,0,12,,workspace_z_upper,0,0,1,solved,osqp,0.0,valid,0.15480243120244314,0.002724185585975647
15,0.8,-0.6633309736725599,0.11833585798740387,0.23110610246658325,0.32691535353660583,0.10408549755811691,0.35,5,0,0,0,0.9801899194717407,3.5554566383361816,58.87558364868164,0.9801899194717407,1.0,0.1728222802145114,passthrough,4.984380527706639e-12,0,0,12,,workspace_z_upper,0,0,1,solved,osqp,0.0,valid,0.1728222802145114,0.002701924182474613
16,0.8500000000000001,-0.6057217839810871,0.1091386154294014,0.25153547525405884,0.3373787999153137,0.09664134681224823,0.35,5,0,0,0,0.8299224376678467,4.810683727264404,63.914390563964844,0.8299219012260437,1.0,0.18912067357391293,filtered,9.193252607710008e-07,0,0,12,,workspace_z_upper,0,0,1,solved,osqp,0.0,valid,0.18912067357391293,0.002647543326020241
17,0.9,-0.4820138260066804,0.10586849600076675,0.2643924355506897,0.34107616543769836,0.09416228532791138,0.35,5,0,0,0,0.5638471245765686,7.0095109939575195,114.31291198730469,0.5408623814582825,1.0,0.20029937085338606,filtered,0.10635747680144542,0,0,12,,workspace_z_upper,0,0,1,solved,osqp,0.0,valid,0.20029937085338606,0.0026609832420945168
18,0.9500000000000001,-0.35891502262628827,0.1150534600019455,0.2696460783481598,0.3395161032676697,0.1034628227353096,0.35,5,0,0,0,0.48442214727401733,6.2273406982421875,61.090145111083984,0.4970705211162567,1.0,0.2045390363790432,filtered,0.0872986277341004,0,0,12,,workspace_z_upper,0,0,1,solved,osqp,0.0,valid,0.2045390363790432,0.002691349945962429
19,1.0,-0.29696161420579303,0.20352427661418915,0.26679420471191406,0.3324703574180603,0.19134485721588135,0.35,5,0,0,0,0.4775504767894745,4.911993026733398,71.57323455810547,0.4820742905139923,1.0,0.20332957705339078,filtered,0.009350825051026935,0,0,12,joint_1_acceleration_upper,workspace_z_upper,0,0,1,solved,osqp,0.0,valid,0.20332957705339078,0.0026770541444420815
20,1.05,-0.315859512174551,0.11521404981613159,0.26965823769569397,0.3319482207298279,0.10316016525030136,0.35,5,0,0,0,0.3637025058269501,6.051229953765869,191.48062133789062,0.3637025058269501,1.0,0.19642205963184295,passthrough,7.359560977798938e-09,0,0,12,,workspace_z_upper,0,0,1,solved,osqp,0.0,valid,0.19642205963184295,0.0027324212715029716
21,1.1,-0.23415087381419766,0.15107038617134094,0.26628172397613525,0.3277020752429962,0.13861486315727234,0.35,5,0,0,0,0.4403783977031708,4.523075580596924,187.1491241455078,0.44902873039245605,1.0,0.19611948603037221,filtered,0.01573121677392468,0,0,12,joint_1_acceleration_upper,workspace_z_upper,0,0,1,solved,osqp,0.0,valid,0.19611948603037221,0.0026274407282471657
22,1.1500000000000001,-0.20332666181753778,0.14077261090278625,0.262076735496521,0.32415974140167236,0.12793241441249847,0.35,5,0,0,0,0.5174576640129089,2.958737850189209,113.4061279296875,0.5174576640129089,1.0,0.19191194554436042,passthrough,7.185718633958647e-10,0,0,12,,workspace_z_upper,0,0,1,solved,osqp,0.0,valid,0.19191194554436042,0.00268703605979681
23,1.2000000000000002,-0.17358449478450047,0.14011923968791962,0.25659868121147156,0.3209424316883087,0.12684977054595947,0.35,5,0,0,0,0.5877194404602051,1.9607800245285034,54.51838302612305,0.5877194404602051,1.0,0.1883563391961416,passthrough,6.989752467713368e-10,0,0,12,,workspace_z_upper,0,0,1,solved,osqp,0.0,valid,0.1883563391961416,0.002722945064306259
24,1.25,-0.17732679118759082,0.1597396731376648,0.2505783438682556,0.3168831765651703,0.14592787623405457,0.35,5,0,0,0,0.5581420660018921,1.9343664646148682,54.794464111328125,0.5581420660018921,1.0,0.1850488477064195,passthrough,5.128104319089002e-10,0,0,12,,workspace_z_upper,0,0,1,solved,osqp,0.0,valid,0.1850488477064195,0.0026977257803082466
25,1.3,-0.22080065385438957,0.14344361424446106,0.24799799919128418,0.31419363617897034,0.1293371021747589,0.35,5,0,0,0,0.46307647228240967,2.823523759841919,65.09667205810547,0.46307647228240967,1.0,0.1808966260842692,passthrough,4.732107575140965e-10,0,0,12,,workspace_z_upper,0,0,1,solved,osqp,0.0,valid,0.1808966260842692,0.0026869410648941994
26,1.35,-0.2230849065651508,0.19887246191501617,0.24276481568813324,0.3088879883289337,0.18409620225429535,0.35,5,0,0,0,0.47510749101638794,2.324298143386841,85.64942932128906,0.47510749101638794,1.0,0.17822650687328512,passthrough,6.207842011091294e-10,0,0,12,,workspace_z_upper,0,0,1,solved,osqp,0.0,valid,0.17822650687328512,0.0026827100664377213
27,1.4000000000000001,-0.29171154596564924,0.1376158446073532,0.24455592036247253,0.3082091808319092,0.12289813160896301,0.35,5,0,0,0,0.45817920565605164,4.733519554138184,117.87303161621094,0.4521595239639282,1.0,0.17288837578417005,filtered,0.03388292901219004,0,0,12,,workspace_z_upper,0,0,1,solved,osqp,0.0,valid,0.17288837578417005,0.002702099271118641
28,1.4500000000000002,-0.24847402870879653,0.17753028869628906,0.24190756678581238,0.30413269996643066,0.16232918202877045,0.35,5,0,0,0,0.45363321900367737,3.9693357944488525,161.37789916992188,0.45363321900367737,1.0,0.1723531480836995,passthrough,7.965425169183354e-10,0,0,12,,workspace_z_upper,0,0,1,solved,osqp,0.0,valid,0.1723531480836995,0.002686227671802044
29,1.5,-0.34180644916746483,0.13655143976211548,0.24644961953163147,0.30527737736701965,0.12170108407735825,0.35,5,0,0,0,0.4920349419116974,4.498033046722412,137.06358337402344,0.49203476309776306,1.0,0.1683012283159891,filtered,3.734348041485157e-07,0,0,12,,workspace_z_upper,0,0,1,solved,osqp,0.0,valid,0.1683012283159891,0.0026545850560069084
30,1.55,-0.263783711833933,0.16199928522109985,0.24530695378780365,0.30200958251953125,0.1468053162097931,0.35,5,0,0,0,0.5544012784957886,4.473708629608154,157.51637268066406,0.5544010996818542,1.0,0.16964943228870205,filtered,2.8658432684901144e-07,0,0,12,,workspace_z_upper,0,0,1,solved,osqp,0.0,valid,0.16964943228870205,0.0027418797835707664
31,1.6,-0.2929107023825265,0.1537150740623474,0.24626663327217102,0.29993095993995667,0.13838332891464233,0.35,5,0,0,0,0.5909587144851685,2.5037736892700195,104.96856689453125,0.5909584164619446,1.0,0.16644535703622554,filtered,4.1627098462449175e-07,0,0,12,,workspace_z_upper,0,0,1,solved,osqp,0.0,valid,0.16644535703622554,0.0026623746380209923
32,1.6500000000000001,-0.2986491736417568,0.22220410406589508,0.24386246502399445,0.29456642270088196,0.20625007152557373,0.35,5,0,0,0,0.6474543809890747,2.796952486038208,65.71841430664062,0.6474540829658508,1.0,0.16448736341995696,filtered,3.3341058010398675e-07,0,0,12,,workspace_z_upper,0,0,1,solved,osqp,0.0,valid,0.16448736341995696,0.002613535150885582
33,1.7000000000000002,-0.37173885415814795,0.1924629509449005,0.24690455198287964,0.2905799150466919,0.17639532685279846,0.35,5,0,0,0,0.6242240071296692,5.093743324279785,115.43596649169922,0.6263896822929382,1.0,0.15919393519071828,filtered,0.0487989421978234,0,0,12,,workspace_z_upper,0,0,1,solved,osqp,0.0,valid,0.15919393519071828,0.0027234144508838654
34,1.75,-0.3776544152753957,0.19690567255020142,0.24999698996543884,0.28664469718933105,0.18075861036777496,0.35,5,0,0,0,0.65680992603302,0.9373849630355835,100.28302001953125,0.6568095684051514,1.0,0.15558011031524138,filtered,4.38056436741726e-07,0,0,12,,workspace_z_upper,0,0,1,solved,osqp,0.0,valid,0.15558011031524138,0.002620687708258629
35,1.8,-0.3896222163186803,0.2175799459218979,0.25246119499206543,0.2821672856807709,0.20132333040237427,0.35,5,0,0,0,0.6958571672439575,1.460376501083374,32.15897750854492,0.6958569884300232,1.0,0.15203293595770218,filtered,2.508109299479698e-07,0,0,12,,workspace_z_upper,0,0,1,solved,osqp,0.0,valid,0.15203293595770218,0.0026801014319062233
36,1.85,-0.3975682548857378,0.181610569357872,0.2571064233779907,0.27922695875167847,0.16559678316116333,0.35,5,0,0,0,0.7077019810676575,1.1668277978897095,39.50925064086914,0.7077019214630127,1.0,0.14797017249760258,filtered,1.1696192119102093e-07,0,0,12,,workspace_z_upper,0,0,1,solved,osqp,0.0,valid,0.14797017249760258,0.0026997458189725876
37,1.9000000000000001,-0.41759978817144094,0.33233505487442017,0.2545596659183502,0.2706177234649658,0.3155922293663025,0.35,5,0,0,0,0.7275404334068298,3.8795881271362305,96.9732666015625,0.7275399565696716,1.0,0.1455502346628202,filtered,6.691893282529466e-07,0,0,12,,workspace_z_upper,0,0,1,solved,osqp,0.0,valid,0.1455502346628202,0.0026663821190595627
38,1.9500000000000002,-0.46038679940974614,0.27223968505859375,0.257506787776947,0.2651166021823883,0.25557589530944824,0.35,5,0,0,0,0.6569266319274902,4.979386806488037,157.62232971191406,0.6642249822616577,1.0,0.13728867933125632,filtered,0.058586178438210415,0,0,12,,workspace_z_upper,0,0,1,solved,osqp,0.0,valid,0.13728867933125632,0.002710591070353985
39,2.0,-0.43985928657370577,0.2116204798221588,0.2625134587287903,0.2619870603084564,0.19547361135482788,0.35,5,0,0,0,0.6886755228042603,1.7090861797332764,118.33679962158203,0.6886751651763916,1.0,0.1324112635319939,filtered,4.77658284840096e-07,0,0,12,,workspace_z_upper,0,0,1,solved,osqp,0.0,valid,0.1324112635319939,0.0026328489184379578
40,2.0500000000000003,-0.4586694286808961,0.3495207726955414,0.26091814041137695,0.2541726231575012,0.33302512764930725,0.35,5,0,0,0,0.7123436331748962,4.132594585418701,91.2510986328125,0.7129966020584106,1.0,0.1299583439518719,filtered,0.0034639790654182323,0,0,12,joint_1_acceleration_upper,workspace_z_upper,1,0,0,inaccurate_solution,,0.0,valid,0.1299583439518719,0.0028270119801163673
41,2.1,-0.4695976178118747,0.25283241271972656,0.2650353014469147,0.25035738945007324,0.23696492612361908,0.35,5,0,0,0,0.647088348865509,4.65712833404541,170.6073760986328,0.6522504091262817,1.0,0.12263484564874733,filtered,0.038665002476463144,0,0,12,,workspace_z_upper,0,0,1,solved,osqp,0.0,valid,0.12263484564874733,0.002799222245812416
42,2.15,-0.4646359280885292,0.3106381893157959,0.2656766176223755,0.2450573593378067,0.2949875593185425,0.35,5,0,0,0,0.6363162994384766,3.5859689712524414,159.0640869140625,0.6363157033920288,1.0,0.11957201199815992,filtered,7.183331734153796e-07,0,0,12,,workspace_z_upper,0,0,1,solved,osqp,0.0,valid,0.11957201199815992,0.00269266776740551
43,2.2,-0.44662589563706323,0.21876567602157593,0.2701963186264038,0.24309684336185455,0.20406213402748108,0.35,5,0,0,0,0.624789834022522,2.221486806869507,107.40572357177734,0.6247897148132324,1.0,0.11485391884079998,filtered,1.4229938636594284e-07,0,0,12,,workspace_z_upper,0,0,1,solved,osqp,0.0,valid,0.11485391884079998,0.002798032946884632
44,2.25,-0.489329916872928,0.4196402430534363,0.26605600118637085,0.23397301137447357,0.40463346242904663,0.35,5,0,0,0,0.6043061017990112,5.141785621643066,141.6278533935547,0.6043055653572083,1.0,0.11363655960935631,filtered,5.808505140192035e-07,0,0,12,,predictive_link_5,0,0,1,solved,osqp,0.0,valid,0.11363655960935631,0.002841530367732048
45,2.3000000000000003,-0.49896809445074525,0.33699050545692444,0.2670040726661682,0.22908522188663483,0.3225727677345276,0.35,5,0,0,0,0.5071367621421814,4.826958179473877,171.02015686035156,0.5151796936988831,1.0,0.10500586811669776,filtered,0.06769062408556915,0,0,12,,workspace_z_upper,0,0,1,solved,osqp,0.0,valid,0.10500586811669776,0.0028373487293720245
46,2.35,-0.4833684023165461,0.3197094202041626,0.2680850923061371,0.2251008003950119,0.30601274967193604,0.35,5,0,0,0,0.4657885730266571,2.1480109691619873,109.2278823852539,0.4657885730266571,1.0,0.10079046421874877,passthrough,8.780715171370833e-10,0,0,12,,workspace_z_upper,0,0,1,solved,osqp,0.0,valid,0.10079046421874877,0.002716858871281147
47,2.4000000000000004,-0.464223936405764,0.3095633089542389,0.26863399147987366,0.22171171009540558,0.29651832580566406,0.35,5,0,0,0,0.4235806465148926,2.126028060913086,37.943485260009766,0.4235806465148926,1.0,0.09745725973826397,passthrough,8.471865388050147e-10,0,0,12,,workspace_z_upper,0,0,1,solved,osqp,0.0,valid,0.09745725973826397,0.0027161240577697754
48,2.45,-0.44401542757669743,0.28477808833122253,0.26939380168914795,0.21917106211185455,0.2724177837371826,0.35,5,0,0,0,0.4255242347717285,2.036454677581787,35.46309280395508,0.4255242347717285,1.0,0.09461817935914318,passthrough,8.908319846458834e-10,0,0,12,,workspace_z_upper,0,0,1,solved,osqp,0.0,valid,0.09461817935914318,0.0027390895411372185
49,2.5,-0.4742456586127855,0.3566577434539795,0.2679283618927002,0.214987650513649,0.34473904967308044,0.35,5,0,0,0,0.4685334265232086,1.9864976406097412,45.311134338378906,0.4685334265232086,1.0,0.0925768223297801,passthrough,6.319803450616431e-09,0,0,12,,predictive_link_5,0,0,1,solved,osqp,0.0,valid,0.0925768223297801,0.0027711978182196617
50,2.5500000000000003,-0.4893503238349593,0.2497512847185135,0.2728196680545807,0.2161606103181839,0.23930011689662933,0.35,5,0,0,0,0.5017593502998352,5.190747261047363,129.3923797607422,0.5017591714859009,1.0,0.0888354337069111,filtered,2.637316474636686e-07,0,0,12,,workspace_z_upper,0,0,1,solved,osqp,0.0,valid,0.0888354337069111,0.0035738516598939896
51,2.6,-0.5000652230238529,0.38309159874916077,0.2710578441619873,0.21137244999408722,0.3733595907688141,0.35,5,0,0,0,0.4889761507511139,4.173421382904053,181.1674346923828,0.501549482345581,1.0,0.09069712407179464,filtered,0.052522719257811226,0,0,12,,predictive_link_5,0,0,1,solved,osqp,0.0,valid,0.09069712407179464,0.002722233533859253
52,2.6500000000000004,-0.4937445459710035,0.25418275594711304,0.2757926881313324,0.2125532478094101,0.24614720046520233,0.35,5,0,0,0,0.4896424114704132,4.702536582946777,174.0630340576172,0.4909898638725281,1.0,0.08647234220844752,filtered,0.005968980732925806,0,0,12,joint_1_acceleration_lower,workspace_z_upper,0,0,1,solved,osqp,0.0,valid,0.08647234220844752,0.0027490276843309402
53,2.7,-0.49971399484242085,0.37254613637924194,0.27438825368881226,0.20828618109226227,0.3656555116176605,0.35,5,0,0,0,0.46769073605537415,4.324177265167236,177.6461944580078,0.4819321930408478,1.0,0.08845357638751855,filtered,0.05617037313606835,0,0,12,,predictive_link_5,0,0,1,solved,osqp,0.0,valid,0.08845357638751855,0.002712024375796318
54,2.75,-0.48634381135185434,0.2573752701282501,0.2784169912338257,0.20942701399326324,0.2522498369216919,0.35,5,0,0,0,0.4602075517177582,3.7672581672668457,158.69252014160156,0.4602075517177582,1.0,0.0848835453754222,passthrough,9.420455519573818e-10,0,0,12,,workspace_z_upper,0,0,1,solved,osqp,0.0,valid,0.0848835453754222,0.0027156025171279907
55,2.8000000000000003,-0.5095542925613802,0.40320295095443726,0.27577507495880127,0.20443592965602875,0.3994932770729065,0.35,5,0,0,0,0.43127086758613586,4.245056629180908,154.39524841308594,0.44487056136131287,1.0,0.08686288625435029,filtered,0.04053709943247436,0,0,12,,predictive_link_5,0,0,1,solved,osqp,0.0,valid,0.08686288625435029,0.0026659900322556496
56,2.85,-0.47483278243966087,0.2624168395996094,0.2788179814815521,0.20534808933734894,0.26045504212379456,0.35,5,0,0,0,0.4145106375217438,4.65262508392334,173.1984405517578,0.4168578088283539,1.0,0.08264986044187056,filtered,0.012281857940418597,0,0,12,joint_1_acceleration_lower,workspace_z_upper,0,0,1,solved,osqp,0.0,valid,0.08264986044187056,0.00272515881806612
57,2.9000000000000004,-0.5099261002811898,0.41536998748779297,0.2755220830440521,0.20029081404209137,0.41479843854904175,0.35,5,0,0,0,0.4285900890827179,4.535910129547119,176.81661987304688,0.44398033618927,1.0,0.0843930551790198,filtered,0.0450034056505701,0,0,12,,predictive_link_5,0,0,1,solved,osqp,0.0,valid,0.0843930551790198,0.0027035782113671303
58,2.95,-0.4664515659912311,0.2684658467769623,0.2778000235557556,0.20151038467884064,0.2684338688850403,0.35,5,0,0,0,0.3935137093067169,5.135254383087158,188.2670440673828,0.3996627926826477,1.0,0.08002327553311767,filtered,0.027943017058877737,0,0,12,joint_1_acceleration_lower,predictive_link_5,0,0,1,solved,osqp,0.0,valid,0.08002327553311767,0.0026319660246372223
59,3.0,-0.5042529293530186,0.41891416907310486,0.2740543782711029,0.19675497710704803,0.41891416907310486,0.35,5,0,0,0,0.4535351097583771,5.048535346984863,200.53741455078125,0.4683241546154022,1.0,0.08149522990469721,filtered,0.04559737613063209,0,0,12,,predictive_link_5,0,0,1,solved,osqp,0.0,valid,0.08149522990469721,0.002754383720457554
60,3.0500000000000003,-0.4655421108957719,0.2749706208705902,0.27603787183761597,0.19845522940158844,0.274970680475235,0.35,5,0,0,0,0.4177444279193878,4.974728107452393,197.82073974609375,0.4253724217414856,0.959437047876141,0.07675496383009128,filtered,0.0353466371283406,0,0,12,,predictive_link_5,0,0,1,solved,osqp,0.0,valid,0.07675496383009128,0.0028578387573361397
61,3.1,-0.4994857476640221,0.4205440878868103,0.2720406949520111,0.19395963847637177,0.4205440878868103,0.35,5,0,0,0,0.5081773400306702,5.365225315093994,205.00758361816406,0.5165141224861145,0.9806905288656326,0.0784552423092506,filtered,0.030129712612669727,0,0,12,,predictive_link_5,0,0,1,solved,osqp,0.0,valid,0.0784552423092506,0.002762063406407833
62,3.1500000000000004,-0.4658618489668107,0.2805962860584259,0.2738889753818512,0.19588680565357208,0.2805963158607483,0.35,5,0,0,0,0.4580291211605072,4.434155464172363,193.84446716308594,0.4644724130630493,0.9244955370762802,0.07395964296610241,filtered,0.03308028478415091,0,0,12,joint_1_acceleration_lower,predictive_link_5,0,0,1,solved,osqp,0.0,valid,0.07395964296610241,0.00267033651471138
63,3.2,-0.4807034515153192,0.40377509593963623,0.26990851759910583,0.19203056395053864,0.40377509593963623,0.35,5,0,0,0,0.5304354429244995,5.36225700378418,192.5866241455078,0.5336170196533203,0.9485849885331715,0.07588679908265372,filtered,0.012721014553367722,0,0,12,joint_1_acceleration_upper,predictive_link_5,0,0,1,solved,osqp,0.0,valid,0.07588679908265372,0.0026497766375541687
64,3.25,-0.47057906842657105,0.28279945254325867,0.27201980352401733,0.19489575922489166,0.2827994227409363,0.35,5,0,0,0,0.4675619304180145,4.227200508117676,186.71405029296875,0.4703958034515381,0.9003819806384816,0.07203055845107853,filtered,0.016315387326341062,0,0,12,joint_1_acceleration_lower,predictive_link_5,0,0,1,solved,osqp,0.0,valid,0.07203055845107853,0.0028203511610627174
65,3.3000000000000003,-0.41382331047369525,0.3231489360332489,0.2689073383808136,0.19274009764194489,0.3231489956378937,0.35,5,0,0,0,0.5243703126907349,4.556789875030518,171.47482299804688,0.5243703126907349,0.9361967920133731,0.07489574336106986,passthrough,1.1377288304869175e-09,0,0,12,,predictive_link_5,0,0,1,solved,osqp,0.0,valid,0.07489574336106986,0.002622767351567745
66,3.35,-0.3993836609835717,0.28887462615966797,0.26710566878318787,0.1923588067293167,0.28887462615966797,0.35,5,0,0,0,0.4834590256214142,1.57547128200531,108.34779357910156,0.4834590256214142,0.9092513994411396,0.07274011195529118,passthrough,1.055542740710147e-09,0,0,12,,predictive_link_5,0,0,1,solved,osqp,0.0,valid,0.07274011195529118,0.0026685381308197975
67,3.4000000000000004,-0.4432581734323233,0.40634751319885254,0.2615049481391907,0.18862541019916534,0.40634751319885254,0.35,5,0,0,0,0.5139989852905273,3.0886178016662598,76.22210693359375,0.5139989852905273,0.9044850158010258,0.07235880126408206,passthrough,9.786679633139801e-10,0,0,12,,predictive_link_5,0,0,1,solved,osqp,0.0,valid,0.07235880126408206,0.002650550566613674
68,3.45,-0.43562036873903776,0.2909412682056427,0.26173707842826843,0.19130264222621918,0.2909412384033203,0.35,5,0,0,0,0.3285056948661804,5.906063556671143,155.04019165039062,0.32850566506385803,0.8578177024358057,0.06862541619486445,filtered,1.1600573907878615e-07,0,0,12,,predictive_link_5,0,0,1,solved,osqp,0.0,valid,0.06862541619486445,0.0027507515624165535
69,3.5,-0.40094781807208624,0.36619043350219727,0.2562318742275238,0.18856273591518402,0.36619043350219727,0.35,5,0,0,0,0.41970229148864746,5.041342258453369,209.27943420410156,0.4197022318840027,0.8912827764999187,0.0713026221199935,filtered,1.271925233203222e-07,0,0,12,,predictive_link_5,0,0,1,solved,osqp,0.0,valid,0.0713026221199935,0.0025867046788334846
70,3.5500000000000003,-0.382156529722871,0.2962777316570282,0.25373589992523193,0.18900461494922638,0.2962777316570282,0.35,5,0,0,0,0.2664652466773987,4.519426345825195,160.1181182861328,0.2664652466773987,0.8570341717303239,0.06856273373842592,passthrough,5.977715613859336e-10,0,0,12,,predictive_link_5,0,0,1,solved,osqp,0.0,valid,0.06856273373842592,0.002555718645453453
71,3.6,-0.3828439831848675,0.3550493121147156,0.24836575984954834,0.18678788840770721,0.3550492823123932,0.35,5,0,0,0,0.3961457312107086,3.2955894470214844,133.05799865722656,0.39614540338516235,0.8625576453043703,0.06900461162434962,filtered,5.161437635242245e-07,0,0,12,,predictive_link_5,0,0,1,solved,osqp,0.0,valid,0.06900461162434962,0.0026794355362653732
72,3.6500000000000004,-0.3937610589008365,0.2975025773048401,0.24685822427272797,0.1884833127260208,0.2975026071071625,0.35,5,0,0,0,0.3715720772743225,3.893784999847412,114.55078125,0.3715720772743225,0.8348484644420624,0.066787877155365,passthrough,9.555990001105109e-10,0,0,12,,predictive_link_5,0,0,1,solved,osqp,0.0,valid,0.066787877155365,0.002497042529284954
73,3.7,-0.37492635673668195,0.2945384085178375,0.24459978938102722,0.18974877893924713,0.2945384383201599,0.35,5,0,0,0,0.47771155834198,3.717072010040283,139.01795959472656,0.4777114987373352,0.8560413230076974,0.0684833058406158,filtered,9.93707134417209e-08,0,0,12,,predictive_link_5,0,0,1,solved,osqp,0.0,valid,0.0684833058406158,0.0026016458868980408
74,3.75,-0.389800861549432,0.28731799125671387,0.24367019534111023,0.19288836419582367,0.28731799125671387,0.35,5,0,0,0,0.516014814376831,2.1569302082061768,54.892242431640625,0.516014814376831,0.8718597904569768,0.06974878323655814,passthrough,1.213000291640192e-09,0,0,12,,predictive_link_5,0,0,1,solved,osqp,0.0,valid,0.06974878323655814,0.0025412505492568016
75,3.8000000000000003,-0.3839412576695037,0.27824312448501587,0.2429623156785965,0.19695447385311127,0.27824315428733826,0.35,5,0,0,0,0.5251642465591431,1.94574773311615,29.10750961303711,0.5251642465591431,0.911104530042759,0.07288836240342073,passthrough,1.1363130336085653e-09,0,0,12,,predictive_link_5,0,0,1,solved,osqp,0.0,valid,0.07288836240342073,0.0026763426139950752
76,3.85,-0.36913652175500855,0.2690156400203705,0.24201315641403198,0.20123527944087982,0.26901566982269287,0.35,5,0,0,0,0.5156409740447998,0.8063047528266907,35.103824615478516,0.5156409740447998,0.9619311051483226,0.0769544884118658,passthrough,1.0973800383889284e-09,0,0,12,,predictive_link_5,0,0,1,solved,osqp,0.0,valid,0.0769544884118658,0.0025344686582684517
77,3.9000000000000004,-0.3465610861099654,0.26107969880104065,0.24032704532146454,0.20504318177700043,0.26107966899871826,0.35,5,0,0,0,0.454005628824234,1.7810378074645996,34.74365234375,0.454005628824234,1.0,0.08123528519030432,passthrough,1.0058310752585787e-09,0,0,12,,predictive_link_5,0,0,1,solved,osqp,0.0,valid,0.08123528519030432,0.0026798881590366364
78,3.95,-0.33067803641952,0.25407716631889343,0.23824018239974976,0.2085065394639969,0.2540771961212158,0.35,5,0,0,0,0.3723853826522827,2.5448648929595947,23.216890335083008,0.3723853826522827,1.0,0.08504317718082105,passthrough,8.799943163755601e-10,0,0,12,,predictive_link_5,0,0,1,solved,osqp,0.0,valid,0.08504317718082105,0.0026891687884926796
79,4.0,-0.3251892039966211,0.24763800203800201,0.23631398379802704,0.21178199350833893,0.24763800203800201,0.35,5,0,0,0,0.37732499837875366,2.3112311363220215,41.19239807128906,0.37732499837875366,1.0,0.0885065437713406,passthrough,9.32466760505417e-10,0,0,12,,predictive_link_5,0,0,1,solved,osqp,0.0,valid,0.0885065437713406,0.0029479041695594788
80,4.05,-0.3457825076184759,0.23852120339870453,0.2360610067844391,0.2165779322385788,0.23852120339870453,0.35,5,0,0,0,0.4171121418476105,1.9112628698349,42.363685607910156,0.4171121418476105,1.0,0.09178199387743907,passthrough,9.930632862429745e-10,0,0,12,,predictive_link_5,0,0,1,solved,osqp,0.0,valid,0.09178199387743907,0.003680606372654438
81,4.1000000000000005,-0.3768716070392667,0.22558407485485077,0.2381284087896347,0.2237304002046585,0.22558404505252838,0.35,5,0,0,0,0.47917434573173523,2.5768544673919678,37.696834564208984,0.47917434573173523,1.0,0.09657792560883854,passthrough,1.0582445653652046e-09,0,0,12,,predictive_link_5,0,0,1,solved,osqp,0.0,valid,0.09657792560883854,0.0028794268146157265
82,4.15,-0.39248253664543375,0.21052415668964386,0.24169299006462097,0.23263169825077057,0.21052415668964386,0.35,5,0,0,0,0.5391281843185425,3.106306552886963,41.084163665771484,0.5391280651092529,1.0,0.1037303764533199,filtered,2.4668191290218494e-07,0,0,12,,predictive_link_5,0,0,1,solved,osqp,0.0,valid,0.1037303764533199,0.0025458568707108498
83,4.2,-0.3682661588271779,0.19679225981235504,0.24452847242355347,0.24136702716350555,0.19679230451583862,0.35,5,0,0,0,0.5596743822097778,2.9101009368896484,44.007877349853516,0.5596743226051331,1.0,0.11263169156282576,filtered,1.0206346160779188e-07,0,0,12,,predictive_link_5,0,0,1,solved,osqp,0.0,valid,0.11263169156282576,0.002855554223060608
84,4.25,-0.29614258279110106,0.18785710632801056,0.24382854998111725,0.2474128156900406,0.18785709142684937,0.35,5,0,0,0,0.4593500792980194,4.448996067047119,81.64901733398438,0.4593500792980194,1.0,0.12136704288499583,passthrough,9.625881369314144e-10,0,0,12,,predictive_link_5,0,0,1,solved,osqp,0.0,valid,0.12136704288499583,0.002886846661567688
85,4.3,-0.2205087034531295,0.18330782651901245,0.23932859301567078,0.2506120800971985,0.18330781161785126,0.35,5,0,0,0,0.3702407777309418,6.036349296569824,62.26007843017578,0.3702407777309418,1.0,0.12741280742689765,passthrough,6.585104939613684e-09,0,0,12,,predictive_link_5,0,0,1,solved,osqp,0.0,valid,0.12741280742689765,0.002548934891819954
86,4.3500000000000005,-0.16430370723341883,0.1822902113199234,0.23215351998806,0.25133952498435974,0.1822902262210846,0.35,5,0,0,0,0.37513574957847595,5.808869361877441,67.95439910888672,0.3751356899738312,1.0,0.13061208927628343,filtered,1.1914797087462722e-07,0,0,12,,predictive_link_5,0,0,1,solved,osqp,0.0,valid,0.13061208927628343,0.0024919072166085243
87,4.4,-0.1361495593482983,0.18927352130413055,0.22359570860862732,0.2501966655254364,0.18927353620529175,0.35,5,0,0,0,0.41119351983070374,3.0439465045928955,87.94912719726562,0.41119351983070374,1.0,0.1313395484703564,passthrough,3.6000830228970243e-10,0,0,12,,predictive_link_5,0,0,1,solved,osqp,0.0,valid,0.1313395484703564,0.0025098472833633423
88,4.45,-0.1367328383006961,0.1930694431066513,0.2152504175901413,0.2487640529870987,0.1930694729089737,0.35,5,0,0,0,0.4257759153842926,3.4830288887023926,62.931640625,0.4257758557796478,1.0,0.13019669170270115,filtered,1.254730102540355e-07,0,0,12,,predictive_link_5,0,0,1,solved,osqp,0.0,valid,0.13019669170270115,0.002562016248703003
89,4.5,-0.18593572803755878,0.1829400211572647,0.21041207015514374,0.25087448954582214,0.1829400211572647,0.35,5,0,0,0,0.3881862759590149,3.923623561859131,75.36013793945312,0.3881862163543701,1.0,0.12876407444095944,filtered,5.6613129498791005e-08,0,0,12,,predictive_link_5,0,0,1,solved,osqp,0.0,valid,0.12876407444095944,0.00258741807192564
90,4.55,-0.21944059795921506,0.17760378122329712,0.20784790813922882,0.25474783778190613,0.1776037961244583,0.35,5,0,0,0,0.35061585903167725,3.987765312194824,104.41029357910156,0.35061585903167725,1.0,0.13087452118089338,passthrough,8.30670930901344e-10,0,0,12,,predictive_link_5,0,0,1,solved,osqp,0.0,valid,0.13087452118089338,0.002563183195888996
91,4.6000000000000005,-0.23032618019193962,0.17114584147930145,0.2063923478126526,0.2596089839935303,0.17114588618278503,0.35,5,0,0,0,0.3136666715145111,1.3594928979873657,71.12488555908203,0.3136666715145111,1.0,0.1347478652738976,passthrough,7.598917015626462e-10,0,0,12,,predictive_link_5,0,0,1,solved,osqp,0.0,valid,0.1347478652738976,0.0025410447269678116
92,4.65,-0.23037894110012103,0.1640799343585968,0.20537501573562622,0.2651636302471161,0.1640799343585968,0.35,5,0,0,0,0.2890375256538391,1.5911943912506104,29.531774520874023,0.2890375256538391,1.0,0.13960903524208534,passthrough,6.680719987558489e-10,0,0,12,,predictive_link_5,0,0,1,solved,osqp,0.0,valid,0.13960903524208534,0.0025504492223262787
93,4.7,-0.20594997171745136,0.15808893740177155,0.20342420041561127,0.2700834572315216,0.15808890759944916,0.35,5,0,0,0,0.2724032998085022,1.4591072797775269,33.84302520751953,0.2724032998085022,1.0,0.14516366010176324,passthrough,5.890333314144975e-10,0,0,12,,predictive_link_5,0,0,1,solved,osqp,0.0,valid,0.14516366010176324,0.0026061972603201866
94,4.75,-0.17363919743207662,0.15349267423152924,0.20007263123989105,0.27399954199790955,0.15349265933036804,0.35,5,0,0,0,0.27979737520217896,2.0412075519561768,20.294137954711914,0.27979737520217896,1.0,0.15008346806446277,passthrough,4.870617401099642e-10,0,0,12,,predictive_link_5,0,0,1,solved,osqp,0.0,valid,0.15008346806446277,0.00256457831710577
95,4.800000000000001,-0.15126141357243741,0.14961513876914978,0.19588656723499298,0.27740564942359924,0.1496151238679886,0.35,5,0,0,0,0.3085779547691345,1.5884976387023926,22.838327407836914,0.3085779547691345,1.0,0.15399955596712506,passthrough,4.813918111161797e-10,0,0,12,,predictive_link_5,0,0,1,solved,osqp,0.0,valid,0.15399955596712506,0.002515530213713646
96,4.8500000000000005,-0.1299794338054106,0.14666160941123962,0.1909029334783554,0.28006651997566223,0.146661639213562,0.35,5,0,0,0,0.3402651846408844,1.1634947061538696,16.898054122924805,0.3402651846408844,1.0,0.15740565969277043,passthrough,5.139607786710186e-10,0,0,12,,predictive_link_5,0,0,1,solved,osqp,0.0,valid,0.15740565969277043,0.00255007017403841
97,4.9,-0.11544873675387934,0.14437201619148254,0.18547119200229645,0.28217068314552307,0.14437200129032135,0.35,5,0,0,0,0.3479894697666168,0.6995785236358643,14.170866966247559,0.3479894697666168,1.0,0.16006653660499393,passthrough,5.055787152271879e-10,0,0,12,,predictive_link_5,0,0,1,solved,osqp,0.0,valid,0.16006653660499393,0.0027845092117786407
98,4.95,-0.10357066451462743,0.14257965981960297,0.17971324920654297,0.283843994140625,0.14257964491844177,0.35,5,0,0,0,0.3523348271846771,0.6345954537391663,7.741864204406738,0.3523348271846771,1.0,0.1621706777963205,passthrough,4.840078618176165e-10,0,0,12,,predictive_link_5,0,0,1,solved,osqp,0.0,valid,0.1621706777963205,0.0025122910737991333
99,5.0,-0.09539671242931236,0.1410141885280609,0.17382042109966278,0.2853247821331024,0.1410142034292221,0.35,5,0,0,0,0.35722213983535767,0.5133443474769592,5.7874956130981445,0.35722213983535767,1.0,0.16384400830418616,passthrough,4.780266679522399e-10,0,0,12,,predictive_link_5,0,0,1,solved,osqp,0.0,valid,0.16384400830418616,0.0026910342276096344
100,5.050000000000001,-0.09134689270404182,0.13945873081684113,0.16801027953624725,0.28681448101997375,0.13945873081684113,0.35,5,0,0,0,0.35343530774116516,0.3975169360637665,6.081610679626465,0.35343530774116516,1.0,0.16532479804814687,passthrough,4.685122808248748e-10,0,0,12,,predictive_link_5,0,0,1,solved,osqp,0.0,valid,0.16532479804814687,0.0024390341714024544
101,5.1000000000000005,-0.09157781976528101,0.13764792680740356,0.16251535713672638,0.2885723114013672,0.13764794170856476,0.35,5,0,0,0,0.33996400237083435,0.4001691937446594,5.295391082763672,0.33996400237083435,1.0,0.1668145016283168,passthrough,4.4388572304020733e-10,0,0,12,,predictive_link_5,0,0,1,solved,osqp,0.0,valid,0.1668145016283168,0.0025080153718590736
102,5.15,-0.09601221168031004,0.13532716035842896,0.15757067501544952,0.2908635437488556,0.13532716035842896,0.35,5,0,0,0,0.31756591796875,0.5682803392410278,5.6794891357421875,0.31756591796875,1.0,0.1685723345085024,passthrough,4.047688797524624e-10,0,0,12,,predictive_link_5,0,0,1,solved,osqp,0.0,valid,0.1685723345085024,0.0025422098115086555
103,5.2,-0.10314639527107347,0.13232366740703583,0.15333454310894012,0.29389527440071106,0.13232365250587463,0.35,5,0,0,0,0.2920210063457489,0.7080816626548767,3.3475840091705322,0.2920210063457489,1.0,0.17086357567361693,passthrough,3.6243055421308814e-10,0,0,12,,predictive_link_5,0,0,1,solved,osqp,0.0,valid,0.17086357567361693,0.00255790539085865
104,5.25,-0.11147311772133621,0.12844966351985931,0.14989198744297028,0.297922283411026,0.1284496784210205,0.35,5,0,0,0,0.2711075246334076,0.736480712890625,7.069419860839844,0.2711075246334076,1.0,0.17389526986582465,passthrough,3.3658175203454003e-10,0,0,12,,predictive_link_5,0,0,1,solved,osqp,0.0,valid,0.17389526986582465,0.0025256704539060593
105,5.300000000000001,-0.12446875929281305,0.12338431924581528,0.14752721786499023,0.3034002184867859,0.12338434159755707,0.35,5,0,0,0,0.2524855434894562,1.1033241748809814,9.304882049560547,0.2524855434894562,1.0,0.1779223011214368,passthrough,2.830214066914007e-10,0,0,12,,predictive_link_5,0,0,1,solved,osqp,0.0,valid,0.1779223011214368,0.002547559328377247
106,5.3500000000000005,-0.14416296459526223,0.11681339144706726,0.14664502441883087,0.3109007179737091,0.11681336909532547,0.35,5,0,0,0,0.24777349829673767,1.4816503524780273,8.787620544433594,0.24777349829673767,1.0,0.18340023725893828,passthrough,2.236303881180849e-10,0,0,12,,predictive_link_5,0,0,1,solved,osqp,0.0,valid,0.18340023725893828,0.002516600303351879
107,5.4,-0.17015509739600676,0.10881303250789642,0.14761535823345184,0.3207148313522339,0.10881302505731583,0.35,5,0,0,0,0.27455994486808777,1.718919038772583,8.594789505004883,0.27455994486808777,1.0,0.19090073123050988,passthrough,1.7601653618400534e-10,0,0,12,,predictive_link_5,0,0,1,solved,osqp,0.0,valid,0.19090073123050988,0.00251835398375988
108,5.45,-0.18296477918311693,0.10051029920578003,0.1497008204460144,0.33182692527770996,0.10051029920578003,0.35,5,0,0,0,0.3054293692111969,0.9771841168403625,24.959644317626953,0.3054293692111969,1.0,0.2007148423844652,passthrough,1.600439291387868e-10,0,0,12,,workspace_x_upper,0,0,1,solved,osqp,0.0,valid,0.2007148423844652,0.0025425925850868225
109,5.5,-0.18017600194472067,0.09282585978507996,0.15197832882404327,0.3431176245212555,0.09282587468624115,0.35,5,0,0,0,0.30773597955703735,1.2655689716339111,26.85786247253418,0.30773597955703735,1.0,0.21182695161526094,passthrough,2.6655466228258893e-10,0,0,12,,workspace_x_upper,0,0,1,solved,osqp,0.0,valid,0.21182695161526094,0.0025175856426358223
110,5.550000000000001,-0.1692793449388239,0.08608138561248779,0.15396058559417725,0.35398608446121216,0.08608140051364899,0.35,5,0,0,0,0.32174625992774963,1.04696524143219,19.566587448120117,0.32174625992774963,1.0,0.223117664392187,passthrough,3.4931979030151207e-10,0,0,12,,workspace_x_upper,0,0,1,solved,osqp,0.0,valid,0.223117664392187,0.0025041531771421432
111,5.6000000000000005,-0.14716543385223707,0.08068010956048965,0.15497449040412903,0.3634607493877411,0.08068011701107025,0.35,5,0,0,0,0.3324429392814636,1.4172238111495972,17.92702293395996,0.3324429392814636,1.0,0.2339861214322288,passthrough,3.826437546135295e-10,0,0,12,,workspace_x_upper,0,0,1,solved,osqp,0.0,valid,0.2339861214322288,0.00248836912214756
112,5.65,-0.1094559524072094,0.07701624929904938,0.15411636233329773,0.37034186720848083,0.07701623439788818,0.35,5,0,0,0,0.3366970419883728,1.9552547931671143,18.51504898071289,0.3366970419883728,1.0,0.2434607726212336,passthrough,4.220718735246875e-10,0,0,12,,workspace_x_upper,0,0,1,solved,osqp,0.0,valid,0.2434607726212336,0.002500569447875023
113,5.7,-0.0675474502427953,0.07502920180559158,0.15112923085689545,0.3742455840110779,0.07502920925617218,0.35,5,0,0,0,0.3475477993488312,2.462775230407715,26.26003646850586,0.3475477993488312,1.0,0.2503418803273494,passthrough,5.243694576661363e-10,0,0,12,,workspace_x_upper,0,0,1,solved,osqp,0.0,valid,0.2503418803273494,0.0025389567017555237
114,5.75,-0.02238096764488212,0.0745398998260498,0.14583048224449158,0.3752266764640808,0.0745398998260498,0.35,5,0,0,0,0.3767271339893341,2.6181743144989014,23.788606643676758,0.3767271339893341,1.0,0.2542456222540261,passthrough,5.572855317835866e-10,0,0,12,,workspace_x_upper,0,0,1,solved,osqp,0.0,valid,0.2542456222540261,0.002525458112359047
115,5.800000000000001,0.011588662226510851,0.08213598281145096,0.13845783472061157,0.3740023076534271,0.08213597536087036,0.35,5,0,0,0,0.3797701895236969,2.533508062362671,32.226505279541016,0.3797701895236969,1.0,0.2552266981484613,passthrough,5.045582159154347e-10,0,0,12,,workspace_x_upper,0,0,1,solved,osqp,0.0,valid,0.2552266981484613,0.002460123971104622
116,5.8500000000000005,0.024358480340459815,0.08473367989063263,0.1304575502872467,0.372455358505249,0.08473367989063263,0.35,5,0,0,0,0.37745457887649536,2.9573886394500732,40.907955169677734,0.37745457887649536,1.0,0.2540022927899507,passthrough,5.402030884575337e-10,0,0,12,,workspace_x_upper,0,0,1,solved,osqp,0.0,valid,0.2540022927899507,0.002497725188732147
117,5.9,0.03314291094200307,0.09022090584039688,0.12192657589912415,0.370148241519928,0.09022091329097748,0.35,5,0,0,0,0.4223158657550812,2.1483538150787354,24.362808227539062,0.4223158657550812,1.0,0.25245537984689526,passthrough,6.571613397416056e-10,0,0,12,,workspace_x_upper,0,0,1,solved,osqp,0.0,valid,0.25245537984689526,0.002486908808350563
118,5.95,0.038244259101530176,0.0922325924038887,0.11323311924934387,0.36770597100257874,0.09223257750272751,0.35,5,0,0,0,0.4813232719898224,1.9023395776748657,25.70071029663086,0.4813232719898224,1.0,0.2501482697813461,passthrough,8.577044622326744e-10,0,0,12,,workspace_x_upper,0,0,1,solved,osqp,0.0,valid,0.2501482697813461,0.002492779865860939
119,6.0,0.03158693353360788,0.09257920831441879,0.10510636866092682,0.36541739106178284,0.09257921576499939,0.35,5,0,0,0,0.4890243411064148,0.45465677976608276,32.82223129272461,0.4890243411064148,1.0,0.24770596914804088,passthrough,8.908663782215694e-10,0,0,12,,workspace_x_upper,0,0,1,solved,osqp,0.0,valid,0.24770596914804088,0.002512025646865368
120,6.050000000000001,0.02359438282077632,0.09013856947422028,0.09771676361560822,0.3637149930000305,0.09013854712247849,0.35,5,0,0,0,0.44533947110176086,1.3520604372024536,30.099712371826172,0.44533947110176086,1.0,0.24541742148973283,passthrough,7.371985989117169e-10,0,0,12,,workspace_x_upper,0,0,1,solved,osqp,0.0,valid,0.24541742148973283,0.002479763701558113
121,6.1000000000000005,0.010913904304217528,0.0841149166226387,0.09148146957159042,0.3631226420402527,0.08411490172147751,0.35,5,0,0,0,0.3722058832645416,2.1650712490081787,22.447370529174805,0.3722058832645416,1.0,0.24371500409583452,passthrough,4.80811405855658e-10,0,0,12,,workspace_x_upper,0,0,1,solved,osqp,0.0,valid,0.24371500409583452,0.0026966528967022896
122,6.15,-0.009374149849685556,0.0804939866065979,0.08665201812982559,0.363800972700119,0.0804939866065979,0.35,5,0,0,0,0.31174686551094055,2.8162825107574463,18.01348114013672,0.31174686551094055,1.0,0.24312263399526213,passthrough,2.637531107060435e-10,0,0,12,,workspace_x_upper,0,0,1,solved,osqp,0.0,valid,0.24312263399526213,0.0024924641475081444
123,6.2,-0.03712728375755671,0.07919581979513168,0.08349037915468216,0.3662010133266449,0.07919583469629288,0.35,5,0,0,0,0.30409058928489685,2.999464511871338,18.650936126708984,0.30409058928489685,1.0,0.24380098341132628,passthrough,4.118909675641963e-10,0,0,12,,workspace_x_upper,0,0,1,solved,osqp,0.0,valid,0.24380098341132628,0.002520495094358921
124,6.25,-0.06467265063607372,0.07642185688018799,0.08203937858343124,0.3714962899684906,0.07642187923192978,0.35,5,0,0,0,0.3430297076702118,3.0131125450134277,25.69368553161621,0.34302952885627747,1.0,0.24620104851104524,filtered,2.2724722355645632e-07,0,0,12,,workspace_x_upper,0,0,1,solved,osqp,0.0,valid,0.24620104851104524,0.002619510516524315
125,6.300000000000001,-0.09070895505561402,0.0719415619969368,0.08227130770683289,0.38057535886764526,0.0719415545463562,0.35,5,0,0,0,0.41117429733276367,3.2488961219787598,19.139503479003906,0.41117388010025024,1.0,0.25149631323678223,filtered,5.078129158623764e-07,0,0,12,,workspace_x_upper,0,0,1,solved,osqp,0.0,valid,0.25149631323678223,0.002497381530702114
126,6.3500000000000005,-0.10310849035701572,0.0665559470653534,0.08347579091787338,0.39248424768447876,0.06655595451593399,0.35,5,0,0,0,0.4929760992527008,3.0584805011749268,33.80883026123047,0.49297580122947693,1.0,0.2605753539674215,filtered,3.5930417035566377e-07,0,0,12,,workspace_x_upper,0,0,1,solved,osqp,0.0,valid,0.2605753539674215,0.00251130573451519
127,6.4,-0.10956329835658671,0.061007414013147354,0.08531162142753601,0.4061301350593567,0.06100742146372795,0.35,5,0,0,0,0.588900089263916,3.0899670124053955,28.171934127807617,0.5888998508453369,1.0,0.2724842708272557,filtered,3.6286328193286036e-07,0,0,12,,workspace_x_upper,0,0,1,solved,osqp,0.0,valid,0.2724842708272557,0.0025674719363451004
128,6.45,-0.12557035763431207,0.055577922612428665,0.08830353617668152,0.4211772680282593,0.05557793378829956,0.35,5,0,0,0,0.6746256351470947,2.330108404159546,20.814800262451172,0.6746252775192261,1.0,0.2861301633873896,filtered,4.842561587412431e-07,0,0,12,,workspace_x_upper,0,0,1,solved,osqp,0.0,valid,0.2861301633873896,0.0025254404172301292
129,6.5,-0.14369798874901663,0.05082524195313454,0.09250189363956451,0.43610090017318726,0.05082522705197334,0.35,5,0,0,0,0.7141953110694885,1.3751792907714844,31.298063278198242,0.7141948938369751,1.0,0.30117729832592877,filtered,5.707769966344837e-07,0,0,12,,workspace_x_upper,0,0,1,solved,osqp,0.0,valid,0.30117729832592877,0.00266292504966259
130,6.550000000000001,-0.1520549187505715,0.04697888344526291,0.09727825224399567,0.4497044086456299,0.04697887971997261,0.35,5,0,0,0,0.7212129235267639,1.324627161026001,27.066287994384766,0.7212123870849609,1.0,0.3161008787111151,filtered,6.418259941001073e-07,0,0,12,,workspace_x_upper,0,0,1,solved,osqp,0.0,valid,0.3161008787111151,0.0025225747376680374
131,6.6000000000000005,-0.1556745044929217,0.043952248990535736,0.10230662673711777,0.46161067485809326,0.04395226389169693,0.35,5,0,0,0,0.7170935869216919,1.668001413345337,18.593595504760742,0.7170928716659546,1.0,0.3297044205311123,filtered,8.125850955117283e-07,0,0,12,,workspace_x_upper,0,0,1,solved,osqp,0.0,valid,0.3297044205311123,0.0025233319029212
132,6.65,-0.15574020477477635,0.04150443896651268,0.1073576882481575,0.4721865653991699,0.041504450142383575,0.35,5,0,0,0,0.7073773145675659,1.6288405656814575,15.614364624023438,0.70737624168396,1.0,0.34161072907107887,filtered,1.2702138117178898e-06,0,0,12,,workspace_x_upper,0,0,1,solved,osqp,0.0,valid,0.34161072907107887,0.0025761574506759644
133,6.7,-0.13654383770889128,0.03959034010767937,0.11134028434753418,0.4811592102050781,0.03959033638238907,0.35,5,0,0,0,0.6815549731254578,2.1758906841278076,19.7288818359375,0.6815549731254578,1.0,0.3521866231451954,passthrough,4.637149038366503e-12,0,0,12,,workspace_x_upper,0,0,1,solved,osqp,0.0,valid,0.3521866231451954,0.002545156516134739
134,6.75,-0.08101129644433663,0.03832615911960602,0.11225184053182602,0.4874756932258606,0.038326166570186615,0.35,5,0,0,0,0.661867082118988,3.2805099487304688,27.284833908081055,0.661867082118988,1.0,0.3611592150128868,passthrough,5.070202870477454e-12,0,0,12,,workspace_x_upper,0,0,1,solved,osqp,0.0,valid,0.3611592150128868,0.002500743605196476
135,6.800000000000001,0.01049420149545685,0.037791475653648376,0.10815369337797165,0.49025070667266846,0.037791475653648376,0.35,5,0,0,0,0.6813685297966003,4.567853927612305,30.4383602142334,0.6813685297966003,1.0,0.367475721921454,passthrough,4.478245835617692e-12,0,0,12,,workspace_x_upper,0,0,1,solved,osqp,0.0,valid,0.367475721921454,0.0025226427242159843
136,6.8500000000000005,0.09238860232277418,0.03773431479930878,0.0997030958533287,0.490551233291626,0.03773430734872818,0.35,5,0,0,0,0.741084635257721,4.589579105377197,21.001192092895508,0.7410839796066284,1.0,0.370250707955835,filtered,8.833442544794588e-07,0,0,12,,workspace_x_upper,0,0,1,solved,osqp,0.0,valid,0.370250707955835,0.0025382675230503082
137,6.9,0.09576544424889694,0.03751945495605469,0.09129642695188522,0.49168747663497925,0.037519458681344986,0.35,5,0,0,0,0.7816928625106812,3.6946797370910645,44.910057067871094,0.7816927433013916,1.0,0.37055120405834946,filtered,2.3313293391278197e-07,0,0,12,,workspace_z_upper,0,0,1,solved,osqp,0.0,valid,0.37055120405834946,0.0025692973285913467
138,6.95,-0.011075397115099025,0.03647042065858841,0.08894677460193634,0.4973953366279602,0.03647041693329811,0.35,5,0,0,0,0.7480248212814331,3.2797276973724365,73.5976791381836,0.7480248212814331,1.0,0.37168749429538245,filtered,3.3444886381124284e-08,0,0,12,,workspace_z_upper,0,0,1,solved,osqp,0.0,valid,0.37168749429538245,0.002481488510966301
139,7.0,-0.11867345215857562,0.03461473807692528,0.09248467534780502,0.5082090497016907,0.03461473807692528,0.35,5,0,0,0,0.6747859120368958,5.718103408813477,99.40082550048828,0.6681646108627319,1.0,0.3773953470219336,filtered,0.03696756212185718,0,0,12,,workspace_z_upper,0,0,1,solved,osqp,0.0,valid,0.3773953470219336,0.002532706595957279
140,7.050000000000001,-0.1556524211025102,0.0323709137737751,0.09810172021389008,0.5227368474006653,0.0323709100484848,0.35,5,0,0,0,0.7088776230812073,5.409995079040527,50.45714569091797,0.7176066040992737,1.0,0.3882090505135759,filtered,0.06604390703242084,0,0,12,,workspace_x_upper,0,0,1,solved,osqp,0.0,valid,0.3882090505135759,0.0025110002607107162
141,7.1000000000000005,-0.15636853044453375,0.03019651770591736,0.10379618406295776,0.5387216210365295,0.030196519568562508,0.35,5,0,0,0,0.8072416186332703,4.609086513519287,41.752685546875,0.8125340342521667,1.0,0.4027368252369924,filtered,0.015921811759471882,0,0,12,joint_1_acceleration_upper,workspace_x_upper,1,0,0,inaccurate_solution,,0.0,valid,0.4027368252369924,0.0024385834112763405
142,7.15,-0.08115140011881561,0.028921104967594147,0.10529493540525436,0.5491948127746582,0.028921108692884445,0.35,5,0,0,0,0.8431379199028015,5.5486249923706055,108.597412109375,0.8420577645301819,1.0,0.4187216151475083,filtered,0.017166420555983396,0,0,12,joint_0_acceleration_lower,workspace_x_upper,0,0,1,solved,osqp,0.0,valid,0.4187216151475083,0.0025373008102178574
143,7.2,-0.0035786280230915013,0.028453633189201355,0.10252133756875992,0.5532745718955994,0.028453638777136803,0.35,5,0,0,0,0.7956039309501648,6.34705114364624,142.16607666015625,0.7985062003135681,1.0,0.42919485798171186,filtered,0.01581103274121114,0,0,12,joint_0_acceleration_lower,workspace_x_upper,0,0,1,solved,osqp,0.0,valid,0.42919485798171186,0.0025282222777605057
144,7.25,0.02976214163360503,0.028376780450344086,0.09806576371192932,0.5539588332176208,0.028376780450344086,0.35,5,0,0,0,0.7563880085945129,5.317535877227783,65.06977081298828,0.7533581852912903,1.0,0.43327461903135467,filtered,0.05893058503964813,0,0,12,,workspace_x_upper,0,0,1,solved,osqp,0.0,valid,0.43327461903135467,0.002578509971499443
145,7.300000000000001,-0.008082199244644424,0.028290603309869766,0.09582202881574631,0.5547307133674622,0.028290601447224617,0.35,5,0,0,0,0.7554162740707397,4.260401248931885,55.699886322021484,0.7574416995048523,1.0,0.43395883737868013,filtered,0.01115825745874953,0,0,12,joint_1_acceleration_lower,workspace_z_upper,0,0,1,solved,osqp,0.0,valid,0.43395883737868013,0.002776801586151123
146,7.3500000000000005,-0.12210335028304943,0.02761784940958023,0.09987086802721024,0.5609334707260132,0.02761785127222538,0.35,5,0,0,0,0.7251930832862854,4.071872234344482,95.50732421875,0.7251930832862854,1.0,0.434730735965447,passthrough,1.379963581569984e-09,0,0,12,,workspace_z_upper,0,0,1,solved,osqp,0.0,valid,0.434730735965447,0.002555089071393013
147,7.4,-0.16267540925073423,0.026417318731546402,0.10599368065595627,0.5728676915168762,0.026417316868901253,0.35,5,0,0,0,0.6771419048309326,5.981757640838623,108.32768249511719,0.6771417260169983,1.0,0.44093349336968435,filtered,2.571579643666559e-07,0,0,12,,workspace_z_upper,0,0,1,solved,osqp,0.0,valid,0.44093349336968435,0.002531901001930237
148,7.45,-0.14901800889000855,0.02502657100558281,0.11132098734378815,0.5883622169494629,0.02502657100558281,0.35,5,0,0,0,0.7254649996757507,5.7577714920043945,67.23519897460938,0.7368252277374268,1.0,0.45286771396570213,filtered,0.044714866233551635,0,0,12,,workspace_z_upper,0,0,1,solved,osqp,0.0,valid,0.45286771396570213,0.0026520993560552597
149,7.5,-0.09547099082933591,0.0239088237285614,0.11372873187065125,0.6024504899978638,0.02390882559120655,0.35,5,0,0,0,0.8371044993400574,4.852129936218262,92.1646499633789,0.8371034860610962,1.0,0.46836219393127776,filtered,1.3124019881160784e-06,0,0,12,,workspace_x_upper,0,0,1,solved,osqp,0.0,valid,0.46836219393127776,0.0025502489879727364
150,7.550000000000001,-0.015369274078269726,0.02327852137386799,0.11175808310508728,0.6111908555030823,0.02327851951122284,0.35,5,0,0,0,0.9112364053726196,5.082018852233887,78.77586364746094,0.9112277030944824,1.0,0.4824504982525709,filtered,0.0009794485205930968,0,0,12,,workspace_x_upper,0,0,1,solved,osqp,0.0,valid,0.4824504982525709,0.002550843171775341
151,7.6000000000000005,0.019110990801382635,0.023055056110024452,0.1079384908080101,0.6144490838050842,0.023055056110024452,0.35,5,0,0,0,0.8159806132316589,5.731647968292236,124.94514465332031,0.8159798383712769,1.0,0.49119086189147676,filtered,1.0154064753658356e-06,0,0,12,,workspace_x_upper,0,0,1,solved,osqp,0.0,valid,0.49119086189147676,0.002522723749279976
152,7.65,0.01669526584776608,0.023016951978206635,0.10432399064302444,0.615013599395752,0.023016950115561485,0.35,5,0,0,0,0.7155581712722778,5.984809875488281,61.2535400390625,0.7092111706733704,1.0,0.49444909328496245,filtered,0.06442965183062961,0,0,12,,workspace_z_upper,0,0,1,solved,osqp,0.0,valid,0.49444909328496245,0.0026123588904738426
153,7.7,-0.047091450994005093,0.022943779826164246,0.10430344194173813,0.6161051392555237,0.022943779826164246,0.35,5,0,0,0,0.6489386558532715,5.252743721008301,58.57479476928711,0.6501603126525879,1.0,0.4950135936101846,filtered,0.007816605065552311,0,0,12,joint_1_acceleration_lower,workspace_z_upper,0,0,1,solved,osqp,0.0,valid,0.4950135936101846,0.0025887582451105118
154,7.75,-0.10289091436926419,0.022515621036291122,0.10735586285591125,0.6226993799209595,0.022515615448355675,0.35,5,0,0,0,0.5276382565498352,4.879706859588623,143.00083923339844,0.5272793173789978,1.0,0.4961051391817045,filtered,0.006181594840137666,0,0,12,joint_0_acceleration_upper,workspace_z_upper,0,0,1,solved,osqp,0.0,valid,0.4961051391817045,0.002532077021896839
155,7.800000000000001,-0.09503606063605877,0.02180294878780842,0.1098751500248909,0.6345486640930176,0.02180294878780842,0.35,5,0,0,0,0.5423245429992676,6.116245269775391,96.47259521484375,0.5482219457626343,1.0,0.502699348790323,filtered,0.019984485049371368,0,0,12,joint_1_acceleration_upper,workspace_z_upper,0,0,1,solved,osqp,0.0,valid,0.502699348790323,0.0027700159698724747
156,7.8500000000000005,-0.056401851338501105,0.02106163091957569,0.11035698652267456,0.6482574343681335,0.02106163464486599,0.35,5,0,0,0,0.6501829028129578,4.8060736656188965,63.83199691772461,0.6501824855804443,1.0,0.514548679111522,filtered,4.702185077605182e-07,0,0,12,,workspace_x_upper,0,0,1,solved,osqp,0.0,valid,0.514548679111522,0.0024846578016877174
157,7.9,0.010143721804532789,0.020579969510436058,0.10727298259735107,0.6580849885940552,0.020579969510436058,0.35,5,0,0,0,0.7178156971931458,4.211167812347412,98.26509094238281,0.7178147435188293,1.0,0.5282575009772085,filtered,1.2356364277567318e-06,0,0,12,,workspace_x_upper,0,0,1,solved,osqp,0.0,valid,0.5282575009772085,0.0025284774601459503
158,7.95,0.034363419882587176,0.020298799499869347,0.10298845916986465,0.6642172932624817,0.020298801362514496,0.35,5,0,0,0,0.6718533635139465,3.529811382293701,79.35681915283203,0.6718526482582092,1.0,0.538085008522928,filtered,8.157384813869595e-07,0,0,12,,workspace_x_upper,0,0,1,solved,osqp,0.0,valid,0.538085008522928,0.002531141974031925
159,8.0,-0.046767514023231344,0.07207953184843063,0.10037612915039062,0.6657351851463318,0.07141365855932236,0.35,5,0,0,0,0.5430284142494202,3.948655366897583,69.8541030883789,0.5430284142494202,1.0,0.5442172913516007,passthrough,1.0951707913771257e-09,0,0,12,,workspace_x_upper,0,0,1,solved,osqp,0.0,valid,0.5442172913516007,0.0025157826021313667
160,8.05,0.006802333871140251,0.07794798910617828,0.09440381079912186,0.6562687158584595,0.07684174925088882,0.35,5,0,0,0,0.4790012836456299,7.019435882568359,161.7263641357422,0.4647079110145569,1.0,0.524519990555958,filtered,0.02858303790442537,0,0,12,joint_2_acceleration_upper,workspace_x_upper,0,0,1,solved,osqp,0.0,valid,0.524519990555958,0.002556050196290016
161,8.1,-0.021782065602211458,0.05652707442641258,0.09142964333295822,0.6519593596458435,0.055693190544843674,0.35,5,0,0,0,0.5687868595123291,4.5510945320129395,129.27719116210938,0.5687868595123291,1.0,0.5150859356576337,passthrough,8.131424170371578e-10,0,0,12,,workspace_x_upper,0,0,1,solved,osqp,0.0,valid,0.5150859356576337,0.0025022951886057854
162,8.15,-0.06785675084591322,0.05146415904164314,0.09136145561933517,0.6486456990242004,0.050872039049863815,0.35,5,0,0,0,0.557296097278595,3.0432541370391846,128.92063903808594,0.5572953224182129,1.0,0.5108283863441844,filtered,1.022957225231458e-06,0,0,12,,workspace_x_upper,0,0,1,solved,osqp,0.0,valid,0.5108283863441844,0.0024803271517157555
163,8.200000000000001,-0.09923694956337231,0.04778584837913513,0.09316669404506683,0.6459465026855469,0.047171466052532196,0.35,5,0,0,0,0.5347396731376648,3.995927572250366,44.196983337402344,0.534739077091217,1.0,0.5075613284624444,filtered,6.953898746583984e-07,0,0,12,,workspace_x_upper,0,0,1,solved,osqp,0.0,valid,0.5075613284624444,0.0024781757965683937
164,8.25,-0.1248393811682493,0.04179801046848297,0.09669286012649536,0.6446148753166199,0.041166216135025024,0.35,5,0,0,0,0.5416812300682068,2.95188570022583,37.328617095947266,0.5416808724403381,1.0,0.504902867677201,filtered,3.9878139017523157e-07,0,0,12,,workspace_x_upper,0,0,1,solved,osqp,0.0,valid,0.504902867677201,0.0025234241038560867
165,8.3,-0.09767231127494584,0.04416240006685257,0.09852240979671478,0.6411013007164001,0.04351118206977844,0.35,5,0,0,0,0.5775734186172485,3.412750720977783,53.127742767333984,0.577572762966156,1.0,0.5035983219690713,filtered,7.410063162878602e-07,0,0,12,,workspace_x_upper,0,0,1,solved,osqp,0.0,valid,0.5035983219690713,0.0024898936972022057
166,8.35,-0.08420881756841245,0.05019431933760643,0.09927947074174881,0.63633793592453,0.048900991678237915,0.35,5,0,0,0,0.611081063747406,2.597257375717163,65.6670150756836,0.6110807061195374,1.0,0.5000961733537627,filtered,4.4444401264341266e-07,0,0,12,,workspace_x_upper,0,0,1,solved,osqp,0.0,valid,0.5000961733537627,0.0025464901700615883
167,8.4,-0.1046700561911263,0.04131929948925972,0.10162001103162766,0.6333749890327454,0.040629107505083084,0.35,5,0,0,0,0.5994604825973511,2.382809638977051,60.04366683959961,0.5994604825973511,1.0,0.49534530847818237,passthrough,1.2012501030784802e-09,0,0,12,,workspace_x_upper,0,0,1,solved,osqp,0.0,valid,0.49534530847818237,0.0025045108050107956
168,8.450000000000001,-0.1503913462037496,0.03410637378692627,0.10677961260080338,0.6333826184272766,0.034056682139635086,0.35,5,0,0,0,0.6130937933921814,2.4665215015411377,42.02103805541992,0.6130937933921814,1.0,0.49239558427244157,passthrough,1.1431303589995568e-09,0,0,12,,workspace_x_upper,0,0,1,solved,osqp,0.0,valid,0.49239558427244157,0.0025327056646347046
169,8.5,-0.16304558814102854,0.033875998109579086,0.11251440644264221,0.6336443424224854,0.03382568806409836,0.35,5,0,0,0,0.6652108430862427,2.4986348152160645,61.125362396240234,0.6652106642723083,1.0,0.49241053150337766,filtered,2.109511928982244e-07,0,0,12,,workspace_x_upper,0,0,1,solved,osqp,0.0,valid,0.49241053150337766,0.002475988119840622
170,8.55,-0.13204866790664144,0.03681978955864906,0.11627254635095596,0.6314499378204346,0.03609887883067131,0.35,5,0,0,0,0.6752831935882568,2.3318445682525635,53.199066162109375,0.6752829551696777,1.0,0.49267774144095033,filtered,2.4428356735108773e-07,0,0,12,,workspace_x_upper,0,0,1,solved,osqp,0.0,valid,0.49267774144095033,0.002529758960008621
171,8.6,-0.11286505035084846,0.04761824384331703,0.11831967532634735,0.6272475719451904,0.046226974576711655,0.35,5,0,0,0,0.6521962881088257,1.9984840154647827,40.31341552734375,0.6521962881088257,1.0,0.49049207784938564,filtered,3.957230606317629e-08,0,0,12,,workspace_x_upper,0,0,1,solved,osqp,0.0,valid,0.49049207784938564,0.002532854676246643
172,8.65,-0.11427775600318,0.049057114869356155,0.12029862403869629,0.622839093208313,0.0476161353290081,0.35,5,0,0,0,0.598924994468689,2.56134033203125,44.850650787353516,0.598924994468689,1.0,0.4863079075509372,passthrough,1.3720950329955918e-09,0,0,12,,workspace_x_upper,0,0,1,solved,osqp,0.0,valid,0.4863079075509372,0.0025193560868501663
173,8.700000000000001,-0.1487665740179665,0.03893985599279404,0.12463579326868057,0.6205682754516602,0.037846505641937256,0.35,5,0,0,0,0.5474282503128052,2.625852108001709,37.57733154296875,0.5474282503128052,1.0,0.4819307661456472,passthrough,1.1346107066527486e-09,0,0,12,,workspace_x_upper,0,0,1,solved,osqp,0.0,valid,0.4819307661456472,0.002485617995262146
174,8.75,-0.18579154149523702,0.03269335255026817,0.13120347261428833,0.6204168200492859,0.032640404999256134,0.35,5,0,0,0,0.5672914385795593,2.124284029006958,74.72649383544922,0.5672914385795593,1.0,0.47970727601739716,passthrough,1.2168361659109164e-09,0,0,12,,workspace_x_upper,0,0,1,solved,osqp,0.0,valid,0.47970727601739716,0.0024846401065587997
175,8.8,-0.14161917624464543,0.043615665286779404,0.1345733106136322,0.6170406937599182,0.04211356118321419,0.35,5,0,0,0,0.6178798079490662,3.3563003540039062,72.77296447753906,0.6178792119026184,1.0,0.4796019730716462,filtered,7.354128567805027e-07,0,0,12,,workspace_x_upper,0,0,1,solved,osqp,0.0,valid,0.4796019730716462,0.0025287671014666557
176,8.85,-0.11435643494231734,0.05970732122659683,0.13552293181419373,0.6109238266944885,0.05813061073422432,0.35,5,0,0,0,0.6308752298355103,2.8688011169433594,83.57794952392578,0.6308751106262207,1.0,0.4762619622247307,filtered,2.014794662836157e-07,0,0,12,,workspace_x_upper,0,0,1,solved,osqp,0.0,valid,0.4762619622247307,0.0025284569710493088
177,8.9,-0.14278719810443194,0.05626232549548149,0.13808389008045197,0.6056666374206543,0.05518713220953941,0.35,5,0,0,0,0.5426802039146423,4.788843631744385,93.85364532470703,0.5426802039146423,1.0,0.47019278454111346,passthrough,1.2188964202908768e-09,0,0,12,,workspace_x_upper,0,0,1,solved,osqp,0.0,valid,0.47019278454111346,0.002672143280506134
178,8.950000000000001,-0.21989340928526505,0.03731774166226387,0.14574472606182098,0.6048049926757812,0.03607168793678284,0.35,5,0,0,0,0.45991477370262146,4.687824249267578,73.50241088867188,0.45991477370262146,1.0,0.46501606385867256,passthrough,8.671350031770133e-10,0,0,12,,workspace_x_upper,0,0,1,solved,osqp,0.0,valid,0.46501606385867256,0.0025254134088754654
179,9.0,-0.14321885259790693,0.0569833442568779,0.14793924987316132,0.5993276834487915,0.055270202457904816,0.35,5,0,0,0,0.3976946175098419,5.4424591064453125,186.14385986328125,0.39769452810287476,1.0,0.46426366232312344,filtered,1.735192861536927e-07,0,0,12,,workspace_x_upper,0,0,1,solved,osqp,0.0,valid,0.46426366232312344,0.0024624885991215706
180,9.05,-0.14952543240992044,0.06912203133106232,0.1498364955186844,0.5922788381576538,0.06789367645978928,0.35,5,0,0,0,0.4182163178920746,3.6756343841552734,166.31361389160156,0.4182163178920746,1.0,0.4588549980372586,passthrough,8.366616277694457e-10,0,0,12,,workspace_x_upper,0,0,1,solved,osqp,0.0,valid,0.4588549980372586,0.002495887689292431
181,9.1,-0.2222553593563204,0.051214877516031265,0.1564725786447525,0.5892134308815002,0.04993778094649315,0.35,5,0,0,0,0.454049289226532,5.122157573699951,91.77800750732422,0.4540491998195648,1.0,0.45191454432432476,filtered,2.4839435211080665e-07,0,0,12,,workspace_x_upper,0,0,1,solved,osqp,0.0,valid,0.45191454432432476,0.002506430260837078
182,9.15,-0.16255349421376258,0.07119936496019363,0.15866735577583313,0.5820920467376709,0.06983323395252228,0.35,5,0,0,0,0.3855605125427246,3.8697304725646973,158.951171875,0.3855605125427246,1.0,0.44898662756531504,passthrough,6.18302449749442e-10,0,0,12,,workspace_x_upper,0,0,1,solved,osqp,0.0,valid,0.44898662756531504,0.002501179464161396
183,9.200000000000001,-0.22409259173117568,0.0587078258395195,0.16473951935768127,0.5779175758361816,0.0572747178375721,0.35,5,0,0,0,0.4424988329410553,4.251591205596924,135.10658264160156,0.4424985349178314,1.0,0.4419795082512187,filtered,4.1027907770004396e-07,0,0,12,,workspace_x_upper,0,0,1,solved,osqp,0.0,valid,0.4419795082512187,0.0025057485327124596
184,9.25,-0.21827171736031262,0.0627889484167099,0.1701022982597351,0.5729967355728149,0.06127803027629852,0.35,5,0,0,0,0.4813348352909088,3.291147232055664,96.35212707519531,0.4813341498374939,1.0,0.437954638709135,filtered,8.082507430934327e-07,0,0,12,,workspace_x_upper,0,0,1,solved,osqp,0.0,valid,0.437954638709135,0.002492496743798256
185,9.3,-0.22345575463154893,0.06932290643453598,0.17521652579307556,0.5671539306640625,0.0677168220281601,0.35,5,0,0,0,0.560232400894165,2.5982508659362793,27.019489288330078,0.5602315068244934,1.0,0.43318154005630827,filtered,9.990246434779528e-07,0,0,12,,workspace_x_upper,0,0,1,solved,osqp,0.0,valid,0.43318154005630827,0.002522760070860386
186,9.35,-0.24587875087915,0.06499169766902924,0.18158802390098572,0.5623633861541748,0.06329755485057831,0.35,5,0,0,0,0.6209994554519653,1.5863996744155884,38.2180061340332,0.6209984421730042,1.0,0.4275038570917583,filtered,1.1497814021789813e-06,0,0,12,,workspace_x_upper,0,0,1,solved,osqp,0.0,valid,0.4275038570917583,0.002350025810301304
187,9.4,-0.21548898618825463,0.07926560938358307,0.18531423807144165,0.5555320382118225,0.07745296508073807,0.35,5,0,0,0,0.6535090804100037,2.165151596069336,45.952720642089844,0.6535090804100037,1.0,0.4228912521627891,passthrough,5.24297150780737e-12,0,0,12,,workspace_x_upper,0,0,1,solved,osqp,0.0,valid,0.4228912521627891,0.00251606572419405
188,9.450000000000001,-0.2185816689026413,0.07757513970136642,0.18916422128677368,0.5490508079528809,0.07564074546098709,0.35,5,0,0,0,0.6690585017204285,1.1858587265014648,52.6483039855957,0.6690575480461121,1.0,0.41621655565031024,filtered,1.0157177610532828e-06,0,0,12,,workspace_x_upper,0,0,1,solved,osqp,0.0,valid,0.41621655565031024,0.0025297338142991066
189,9.5,-0.21702589599827207,0.0765681192278862,0.19283127784729004,0.5426931381225586,0.07450795918703079,0.35,5,0,0,0,0.6723890900611877,0.910797655582428,27.208181381225586,0.67238849401474,1.0,0.40989222001863934,filtered,6.168987800762398e-07,0,0,12,,workspace_x_upper,0,0,1,solved,osqp,0.0,valid,0.40989222001863934,0.0025290511548519135
190,9.55,-0.22365850959275577,0.06958570331335068,0.1970670223236084,0.5371947884559631,0.06740882992744446,0.35,5,0,0,0,0.6705050468444824,1.2592979669570923,14.485883712768555,0.6705041527748108,1.0,0.403686963730702,filtered,9.527612749136067e-07,0,0,12,,workspace_x_upper,0,0,1,solved,osqp,0.0,valid,0.403686963730702,0.002487338148057461
191,9.600000000000001,-0.23459342008102,0.06343638151884079,0.20202767848968506,0.5327979326248169,0.0611596517264843,0.35,5,0,0,0,0.665224015712738,1.5325201749801636,11.280741691589355,0.6652235388755798,1.0,0.39834115640743717,filtered,5.266717844965863e-07,0,0,12,,workspace_x_upper,0,0,1,solved,osqp,0.0,valid,0.39834115640743717,0.0024949219077825546
192,9.65,-0.23976791696851543,0.059988655149936676,0.20723792910575867,0.5290742516517639,0.05752316862344742,0.35,5,0,0,0,0.6492456197738647,0.9981593489646912,14.995282173156738,0.6492445468902588,1.0,0.39409564512369777,filtered,1.1220052747025296e-06,0,0,12,,workspace_x_upper,0,0,1,solved,osqp,0.0,valid,0.39409564512369777,0.002500380389392376
193,9.700000000000001,-0.235714707346674,0.05885206162929535,0.21206068992614746,0.525549054145813,0.056305110454559326,0.35,5,0,0,0,0.6175321936607361,1.065263032913208,11.959589958190918,0.6175321936607361,1.0,0.3905197499084575,passthrough,4.640069852601537e-12,0,0,12,,workspace_x_upper,0,0,1,solved,osqp,0.0,valid,0.3905197499084575,0.0025532161816954613
194,9.75,-0.22579636821507962,0.05939740687608719,0.2161043882369995,0.5218308568000793,0.056765951216220856,0.35,5,0,0,0,0.5659144520759583,1.4497535228729248,11.484308242797852,0.565913736820221,1.0,0.3871314416056829,filtered,7.537106211883117e-07,0,0,12,,workspace_x_upper,0,0,1,solved,osqp,0.0,valid,0.3871314416056829,0.002461806870996952
195,9.8,-0.2117372586291961,0.06267369538545609,0.21903449296951294,0.5174094438552856,0.060030002146959305,0.35,5,0,0,0,0.4822732210159302,1.9221336841583252,18.068889617919922,0.4822732210159302,1.0,0.3835371047222239,passthrough,7.611531676733676e-10,0,0,12,,workspace_x_upper,0,0,1,solved,osqp,0.0,valid,0.3835371047222239,0.002543162554502487
196,9.850000000000001,-0.1991407428286655,0.0672658383846283,0.2209072709083557,0.5123218297958374,0.06449703872203827,0.35,5,0,0,0,0.39365923404693604,2.376671552658081,23.501937866210938,0.39365923404693604,1.0,0.3792314515559179,passthrough,7.185349907202339e-10,0,0,12,,workspace_x_upper,0,0,1,solved,osqp,0.0,valid,0.3792314515559179,0.002513837069272995
197,9.9,-0.18326765436490064,0.08281338959932327,0.22102510929107666,0.5056236386299133,0.07987317442893982,0.35,5,0,0,0,0.3529703617095947,2.507939338684082,19.14042091369629,0.3529703617095947,1.0,0.37425437736741013,passthrough,7.917907159958596e-10,0,0,12,,workspace_x_upper,0,0,1,solved,osqp,0.0,valid,0.37425437736741013,0.002402814105153084
198,9.950000000000001,-0.1760638955414572,0.10015317052602768,0.21983802318572998,0.49789077043533325,0.09700063616037369,0.35,5,0,0,0,0.3926909565925598,2.491509437561035,21.11277198791504,0.3926909267902374,1.0,0.36766410708325775,filtered,4.658688589898417e-08,0,0,12,,workspace_x_upper,0,0,1,solved,osqp,0.0,valid,0.36766410708325775,0.0025151269510388374
199,10.0,-0.17516352728072093,0.10812492668628693,0.21823608875274658,0.49000245332717896,0.10473424196243286,0.35,5,0,0,0,0.46979793906211853,2.488854169845581,18.065542221069336,0.4697975516319275,1.0,0.3600336904298956,filtered,6.293380691571267e-07,0,0,12,,workspace_x_upper,0,0,1,solved,osqp,0.0,valid,0.3600336904298956,0.0025366563349962234
200,10.05,-0.18180745409585528,0.15448150038719177,0.21460197865962982,0.47924089431762695,0.15074437856674194,0.35,5,0,0,0,0.525149405002594,2.5137956142425537,41.52248764038086,0.5251491665840149,1.0,0.3522477293270439,filtered,2.8030505068841146e-07,0,0,12,,workspace_x_upper,0,0,1,solved,osqp,0.0,valid,0.3522477293270439,0.002490413375198841
201,10.100000000000001,-0.19317747325644605,0.15624290704727173,0.21162883937358856,0.4691569209098816,0.1521352231502533,0.35,5,0,0,0,0.5904743075370789,2.9623336791992188,47.392333984375,0.590473473072052,1.0,0.3416147050857384,filtered,1.1025413106899038e-06,0,0,12,,workspace_x_upper,0,0,1,solved,osqp,0.0,valid,0.3416147050857384,0.002509106881916523
202,10.15,-0.163630343153676,0.16360345482826233,0.2068341225385666,0.4586973190307617,0.15907660126686096,0.35,5,0,0,0,0.6407577395439148,2.7768380641937256,50.763389587402344,0.6407568454742432,1.0,0.3316840708035919,filtered,1.0750664607983057e-06,0,0,12,,workspace_x_upper,0,0,1,solved,osqp,0.0,valid,0.3316840708035919,0.002499770373106003
203,10.200000000000001,-0.13471145619127875,0.12209944427013397,0.20287922024726868,0.45126664638519287,0.11723161488771439,0.35,5,0,0,0,0.6866514086723328,3.8474631309509277,53.017784118652344,0.6866504549980164,1.0,0.32132861863069034,filtered,1.1332879719477942e-06,0,0,12,,workspace_x_upper,0,0,1,solved,osqp,0.0,valid,0.32132861863069034,0.002451588399708271
204,10.25,-0.0949153135282913,0.12776173651218414,0.19672544300556183,0.4430752396583557,0.12251079082489014,0.35,5,0,0,0,0.6711519956588745,2.2798409461975098,90.19884490966797,0.6711511611938477,1.0,0.31394851747874547,filtered,1.0006595420658102e-06,0,0,12,,workspace_x_upper,0,0,1,solved,osqp,0.0,valid,0.31394851747874547,0.0026511317119002342
205,10.3,-0.09564253732448622,0.13611659407615662,0.19039593636989594,0.4347318410873413,0.1304425150156021,0.35,5,0,0,0,0.679715633392334,3.0916621685028076,82.61638641357422,0.6797146797180176,1.0,0.3057321216235621,filtered,1.1792033663921273e-06,0,0,12,,workspace_x_upper,0,0,1,solved,osqp,0.0,valid,0.3057321216235621,0.0025106649845838547
206,10.350000000000001,-0.09964226491872978,0.1567164957523346,0.18345165252685547,0.4255461096763611,0.15053832530975342,0.35,5,0,0,0,0.7263239622116089,2.47762131690979,21.80563735961914,0.7263228297233582,1.0,0.2973752930546407,filtered,1.471926928575121e-06,0,0,12,,workspace_x_upper,0,0,1,solved,osqp,0.0,valid,0.2973752930546407,0.0026077618822455406
207,10.4,-0.09276242090648354,0.11367148905992508,0.1786857694387436,0.41947829723358154,0.10710874944925308,0.35,5,0,0,0,0.81964510679245,3.1931474208831787,54.36339569091797,0.81964510679245,1.0,0.2881954559592287,passthrough,5.4188097647136224e-12,0,0,12,,workspace_x_upper,0,0,1,solved,osqp,0.0,valid,0.2881954559592287,0.0024973852559924126
208,10.450000000000001,-0.07571111802250818,0.17617622017860413,0.16984161734580994,0.4095853567123413,0.16918322443962097,0.35,5,0,0,0,0.8370529413223267,3.2206919193267822,111.50598907470703,0.8370529413223267,1.0,0.2821166055805501,passthrough,4.6829311587511815e-12,0,0,12,,workspace_x_upper,0,0,1,solved,osqp,0.0,valid,0.2821166055805501,0.0025073308497667313
209,10.5,-0.15329427717094127,0.08811996877193451,0.17009833455085754,0.4074472188949585,0.08082327246665955,0.35,5,0,0,0,0.8745364546775818,5.183156967163086,159.9215087890625,0.8745350241661072,1.0,0.2721665902857002,filtered,1.5677335217083167e-06,0,0,12,,workspace_x_upper,0,0,1,solved,osqp,0.0,valid,0.2721665902857002,0.003209914080798626
210,10.55,-0.10054284067657136,0.20750819146633148,0.16100215911865234,0.39626485109329224,0.1997050642967224,0.35,5,0,0,0,0.82795649766922,7.015993595123291,240.34877014160156,0.8220939636230469,1.0,0.2700808216910163,filtered,0.07935820658182173,0,0,12,joint_0_acceleration_lower|joint_2_acceleration_lower,workspace_x_upper,0,0,1,solved,osqp,0.0,valid,0.2700808216910163,0.002590660937130451
211,10.600000000000001,-0.18987713581229398,0.09302863478660583,0.1631169319152832,0.39486438035964966,0.08475064486265182,0.35,5,0,0,0,0.8356258273124695,7.4621195793151855,287.9883728027344,0.8218358159065247,1.0,0.2588686028343687,filtered,0.08806712324192673,0,0,12,joint_0_acceleration_upper,workspace_x_upper,0,0,1,solved,osqp,0.0,valid,0.2588686028343687,0.002776455134153366
212,10.65,-0.13136221465714898,0.20787537097930908,0.1558419018983841,0.3845575153827667,0.19863145053386688,0.35,5,0,0,0,0.7851409912109375,7.65766716003418,301.311279296875,0.7868923544883728,1.0,0.2575621209165205,filtered,0.0583083891468833,0,0,12,,workspace_x_upper,0,0,1,solved,osqp,0.0,valid,0.2575621209165205,0.0025128191336989403
213,10.700000000000001,-0.21924601544601133,0.09825479984283447,0.1593814641237259,0.38375839591026306,0.08894237875938416,0.35,5,0,0,0,0.78476881980896,8.046236991882324,312.8739013671875,0.7815254330635071,1.0,0.24726006446933047,filtered,0.07023470834470573,0,0,12,,workspace_x_upper,0,0,1,solved,osqp,0.0,valid,0.24726006446933047,0.002553205005824566
214,10.75,-0.16189919662030222,0.21447885036468506,0.15346108376979828,0.3740173578262329,0.20411641895771027,0.35,5,0,0,0,0.7177388072013855,8.298543930053711,325.47869873046875,0.7229658365249634,1.0,0.24615242862017672,filtered,0.04081576997458219,0,0,12,joint_2_acceleration_lower,workspace_x_upper,0,0,1,solved,osqp,0.0,valid,0.24615242862017672,0.0025867782533168793
215,10.8,-0.24157201866628278,0.10456027835607529,0.15794166922569275,0.37195175886154175,0.09414438158273697,0.35,3,0,0,0,0.7245386242866516,8.043668746948242,325.68438720703125,0.7264734506607056,1.0,0.23620455114969574,filtered,0.06540682963764795,0,0,12,,workspace_x_upper,0,0,1,solved,osqp,0.0,valid,0.23620455114969574,0.0026409178972244263
216,10.850000000000001,-0.18948860038050525,0.2221924066543579,0.15312069654464722,0.36241433024406433,0.21065449714660645,0.35,3,0,0,0,0.6317949295043945,8.474553108215332,327.9498291015625,0.6355385184288025,1.0,0.23310644396269442,filtered,0.034984776281524035,0,0,12,joint_3_acceleration_lower,workspace_x_upper,0,0,1,solved,osqp,0.0,valid,0.23310644396269442,0.00255539920181036
217,10.9,-0.26058517013718535,0.11149170249700546,0.15825948119163513,0.3594295084476471,0.0999026894569397,0.35,3,0,0,0,0.6449521780014038,8.064252853393555,329.00482177734375,0.6479200124740601,1.0,0.22345905481790052,filtered,0.05545764742063458,0,0,12,,workspace_x_upper,0,0,1,solved,osqp,0.0,valid,0.22345905481790052,0.0025860965251922607
218,10.950000000000001,-0.21927993589432873,0.22926941514015198,0.15465182065963745,0.35023587942123413,0.2165209800004959,0.35,3,0,0,0,0.507255494594574,8.434475898742676,325.18487548828125,0.5074326992034912,1.0,0.22054275801189638,filtered,0.039593040517219326,0,0,12,joint_0_acceleration_lower|joint_2_acceleration_lower|joint_3_acceleration_lower,workspace_x_upper,0,0,1,solved,osqp,0.0,valid,0.22054275801189638,0.0027256738394498825
219,11.0,-0.28317146309202607,0.1179945096373558,0.16057530045509338,0.3475521504878998,0.1052054762840271,0.35,3,0,0,0,0.5231860280036926,8.357908248901367,330.8097229003906,0.5241019129753113,1.0,0.211263504521932,filtered,0.02204618125596258,0,0,12,joint_0_acceleration_upper,workspace_x_upper,0,0,1,solved,osqp,0.0,valid,0.211263504521932,0.0025470880791544914
220,11.05,-0.2538696464027278,0.23240646719932556,0.15855468809604645,0.3388926088809967,0.21848942339420319,0.35,3,0,0,0,0.30345967411994934,8.691963195800781,327.1943664550781,0.29842084646224976,1.0,0.20867324399407783,filtered,0.07456830610875537,0,0,12,joint_0_acceleration_lower|joint_2_acceleration_lower|joint_3_acceleration_lower|joint_4_acceleration_lower,workspace_x_upper,0,0,1,solved,osqp,0.0,valid,0.20867324399407783,0.002563508227467537
221,11.100000000000001,-0.29061952498497146,0.14199939370155334,0.16355785727500916,0.3347780108451843,0.12783470749855042,0.35,3,0,0,0,0.35815373063087463,7.113887786865234,305.99163818359375,0.35937103629112244,1.0,0.19997830885972656,filtered,0.03359516266054678,0,0,12,joint_5_acceleration_upper,workspace_x_upper,0,0,1,solved,osqp,0.0,valid,0.19997830885972656,0.0025164755061268806
222,11.15,-0.30099652088179774,0.2512550354003906,0.16313526034355164,0.3258957862854004,0.23595356941223145,0.35,3,0,0,0,0.2326691597700119,6.420283317565918,259.81671142578125,0.24211017787456512,1.0,0.19597383626464798,filtered,0.04156396849481401,0,0,12,joint_3_acceleration_lower,workspace_x_upper,0,0,1,solved,osqp,0.0,valid,0.19597383626464798,0.002470177598297596
223,11.200000000000001,-0.32863573024357523,0.2307635396718979,0.16530482470989227,0.3185248374938965,0.21464161574840546,0.35,3,0,0,0,0.3749135732650757,6.456517696380615,250.88528442382812,0.3749132752418518,1.0,0.18712253883511248,filtered,3.5601809978206554e-07,0,0,12,,workspace_x_upper,0,0,1,solved,osqp,0.0,valid,0.18712253883511248,0.002433699555695057
224,11.25,-0.33586596101374,0.2547891139984131,0.16669076681137085,0.31055277585983276,0.23764921724796295,0.35,3,0,0,0,0.43594488501548767,2.362764596939087,130.32212829589844,0.43594422936439514,1.0,0.1798434106974835,filtered,7.829146688348319e-07,0,0,12,,workspace_x_upper,0,0,1,solved,osqp,0.0,valid,0.1798434106974835,0.0025062691420316696
225,11.3,-0.31952047897816305,0.18725791573524475,0.1707247942686081,0.30602774024009705,0.16956570744514465,0.35,3,0,0,0,0.5434314012527466,3.682605504989624,79.19105529785156,0.5434309840202332,1.0,0.17194296718627106,filtered,5.178243424944409e-07,0,0,12,,workspace_x_upper,0,0,1,solved,osqp,0.0,valid,0.17194296718627106,0.002676517702639103
226,11.350000000000001,-0.3458592461032822,0.26370590925216675,0.17186641693115234,0.2986062169075012,0.24496044218540192,0.35,3,0,0,0,0.4894522428512573,5.027920246124268,159.08921813964844,0.4969604015350342,1.0,0.16752096427200647,filtered,0.039084661040673124,0,0,12,joint_5_acceleration_lower,workspace_x_upper,0,0,1,solved,osqp,0.0,valid,0.16752096427200647,0.002561299130320549
227,11.4,-0.33292926206617723,0.15850785374641418,0.17789387702941895,0.2968076467514038,0.13963276147842407,0.35,3,0,0,0,0.5930898189544678,5.13289737701416,194.50779724121094,0.5930894017219543,1.0,0.16016828890053458,filtered,4.960033897780597e-07,0,0,12,,workspace_x_upper,0,0,1,solved,osqp,0.0,valid,0.16016828890053458,0.002512691542506218
228,11.450000000000001,-0.3568775018055982,0.2834605574607849,0.1780868023633957,0.2892158031463623,0.2635120749473572,0.35,3,0,0,0,0.37265729904174805,8.071227073669434,257.6130065917969,0.35090023279190063,1.0,0.1585076042831841,filtered,0.1060336960301959,0,0,12,joint_0_acceleration_lower|joint_3_acceleration_lower|joint_4_acceleration_lower|joint_5_acceleration_lower,predictive_link_3,0,0,1,solved,osqp,0.0,valid,0.1585076042831841,0.002549712546169758
229,11.5,-0.3509946719817676,0.16959962248802185,0.18419180810451508,0.2872907817363739,0.14958451688289642,0.35,3,0,0,0,0.4551573693752289,6.04293155670166,275.7484130859375,0.45515716075897217,1.0,0.15105032270676688,filtered,5.388127498700519e-07,0,0,12,,workspace_x_upper,0,0,1,solved,osqp,0.0,valid,0.15105032270676688,0.0025113755837082863
230,11.55,-0.3756427290858235,0.2975335717201233,0.1843896508216858,0.2798074185848236,0.2765367329120636,0.35,3,0,0,0,0.21107971668243408,8.092528343200684,271.30072021484375,0.2141619324684143,1.0,0.1493383532926874,filtered,0.09620594000502716,0,0,12,joint_3_acceleration_lower|joint_4_acceleration_lower,predictive_link_3,0,0,1,solved,osqp,0.0,valid,0.1493383532926874,0.0027610361576080322
231,11.600000000000001,-0.39001903646018976,0.3048999011516571,0.185110405087471,0.2726271450519562,0.28298529982566833,0.35,3,0,0,0,0.33056992292404175,6.01151704788208,269.19793701171875,0.3312440812587738,1.0,0.14209487725480707,filtered,0.003637112364122508,0,0,12,,predictive_link_3,0,0,1,solved,osqp,0.0,valid,0.14209487725480707,0.0025106156244874
232,11.65,-0.40443466219381663,0.3421422243118286,0.1847095489501953,0.26446229219436646,0.3190949559211731,0.35,3,0,0,0,0.4679606556892395,3.567370653152466,62.117210388183594,0.46796053647994995,1.0,0.13519337435706164,filtered,2.9034915140354756e-07,0,0,12,,predictive_link_3,0,0,1,solved,osqp,0.0,valid,0.13519337435706164,0.0026384610682725906
233,11.700000000000001,-0.3621781523385508,0.20003068447113037,0.18953879177570343,0.2626943290233612,0.1769922375679016,0.35,3,0,0,0,0.6466937065124512,5.806194305419922,107.1195068359375,0.6468887329101562,1.0,0.12731269224477443,filtered,0.0012631298891569653,0,0,12,joint_0_acceleration_upper,predictive_link_3,0,0,1,solved,osqp,0.0,valid,0.12731269224477443,0.00247922632843256
234,11.75,-0.43226135001348287,0.32298755645751953,0.19123710691928864,0.2562132477760315,0.29925990104675293,0.35,3,0,0,0,0.41377878189086914,7.457116603851318,261.2343444824219,0.36393335461616516,1.0,0.12578470467060876,filtered,0.17387433183068643,0,0,12,joint_0_acceleration_lower|joint_3_acceleration_lower|joint_5_acceleration_lower,predictive_link_3,0,0,1,solved,osqp,0.0,valid,0.12578470467060876,0.0025848224759101868
235,11.8,-0.40213237467604757,0.2649761736392975,0.19458957016468048,0.2522852420806885,0.24101929366588593,0.35,3,0,0,0,0.508974015712738,3.2888615131378174,211.0242156982422,0.5089739561080933,1.0,0.11968646575589575,filtered,1.0679198603782388e-07,0,0,12,,predictive_link_3,0,0,1,solved,osqp,0.0,valid,0.11968646575589575,0.0024707308039069176
236,11.850000000000001,-0.41403421018556075,0.28600019216537476,0.19730080664157867,0.24798910319805145,0.2617250680923462,0.35,3,0,0,0,0.4037633538246155,3.710181713104248,130.16319274902344,0.4037633538246155,1.0,0.11611182300399231,passthrough,6.615239938017699e-10,0,0,12,,predictive_link_3,0,0,1,solved,osqp,0.0,valid,0.11611182300399231,0.002506702207028866
237,11.9,-0.3999092483056564,0.2382507026195526,0.2017327845096588,0.24539808928966522,0.21405936777591705,0.35,3,0,0,0,0.393550306558609,2.215200662612915,49.221710205078125,0.393550306558609,1.0,0.11215433371629946,passthrough,7.372177048566327e-10,0,0,12,,predictive_link_3,0,0,1,solved,osqp,0.0,valid,0.11215433371629946,0.002469087950885296
238,11.950000000000001,-0.42323454109756686,0.22328314185142517,0.2078801840543747,0.2439974695444107,0.19961969554424286,0.35,3,0,0,0,0.3831140100955963,5.357112884521484,74.74566650390625,0.38368338346481323,1.0,0.10993084486593496,filtered,0.0023895417832366294,0,0,12,,predictive_link_3,0,0,1,solved,osqp,0.0,valid,0.10993084486593496,0.0025325575843453407
239,12.0,-0.44058808279603556,0.25553178787231445,0.21291948854923248,0.2408052235841751,0.23241889476776123,0.35,3,0,0,0,0.4259255826473236,6.065803050994873,104.57344818115234,0.4259253740310669,1.0,0.10901259010129521,filtered,4.0783693174744e-07,0,0,12,,predictive_link_3,0,0,1,solved,osqp,0.0,valid,0.10901259010129521,0.002488783560693264
