step,total_steps,episode,episode_length,latest_reward,latest_cost,episode_reward,episode_cost,risk_global,d_min,success,collision,lambda,alpha,replay_size
100,50000,3,19,-0.7452451696135279,0.5665360689163208,-9.615368368280954,6.710799694061279,0.5665360689163208,0.18861325085163116,0,0,0.0,0.20000000298023224,100
200,50000,6,33,-4.8784593635164155,3.868889033794403,-87.99094859419361,59.4585020840168,0.8688890337944031,0.037094250321388245,0,0,0.0,0.20000000298023224,200
300,50000,7,94,-0.6090881237898387,0.31936997175216675,-128.24392100429742,95.7300995271653,0.31936997175216675,0.2953191101551056,0,0,0.0,0.20000000298023224,300
400,50000,7,194,-0.4762130873486962,0.22960476577281952,-202.06029544964937,135.38474603556097,0.22960476577281952,0.4113042950630188,0,0,0.0,0.20000000298023224,400
500,50000,9,40,-0.8694417014496378,0.599717378616333,-23.259609127879003,12.313530914485455,0.599717378616333,0.1592647284269333,0,0,0.0,0.20000000298023224,500
600,50000,12,24,-0.7610589792526958,0.36852264404296875,-13.753791173850285,5.693044111132622,0.36852264404296875,0.27365824580192566,0,0,0.0,0.20000000298023224,600
700,50000,13,86,-4.605682455146475,3.8595643639564514,-68.68707583379226,33.44976673275232,0.8595643639564514,0.10193056613206863,0,0,0.0,0.20000000298023224,700
800,50000,13,186,-0.4488203488871779,0.04918019473552704,-192.13037580469629,119.19254331663251,0.04918019473552704,0.441731333732605,0,0,0.0,0.20000000298023224,800
900,50000,14,46,-0.5425614311471765,0.3260860741138458,-19.279304163450107,7.021263759583235,0.3260860741138458,0.251796692609787,0,0,0.0,0.20000000298023224,900
1000,50000,15,70,-4.226344891914615,3.8423781394958496,-181.3340412586533,159.38576060533524,0.8423781394958496,0.050717517733573914,0,0,0.0,0.19993998110294342,1000
1100,50000,15,170,-0.5543774379952882,0.02397681400179863,-323.58377699762707,261.47705684043467,0.02397681400179863,0.6015446782112122,0,0,0.0,0.19407221674919128,1100
1200,50000,16,30,-0.744483964986471,0.5339421033859253,-20.148777260566554,10.654364690184593,0.5339421033859253,0.17160017788410187,0,0,0.0,0.18841414153575897,1200
1300,50000,16,130,-1.0245746432709693,0.3813032805919647,-99.17104524360605,31.669003896415234,0.3813032805919647,0.23168466985225677,0,0,0.0,0.18293045461177826,1300
1400,50000,16,230,-1.5703910456198638,0.6690375804901123,-212.63734912184577,67.35349620319903,0.6690375804901123,0.17574571073055267,0,0,0.0,0.17763330042362213,1400
1500,50000,17,90,-0.4015753045217393,0.3026024401187897,-154.62531798921955,145.6714866682887,0.3026024401187897,0.18633683025836945,0,0,0.0,0.17253455519676208,1500
1600,50000,17,190,-0.839253920870549,0.8199504613876343,-182.69933180382037,166.56050846911967,0.8199504613876343,0.1229768916964531,0,0,0.0,0.16761411726474762,1600
1700,50000,19,30,-0.8163398753212621,0.47515949606895447,-15.478736259432115,9.630509294569492,0.47515949606895447,0.1861269176006317,0,0,0.0,0.1628466248512268,1700
1800,50000,19,130,-1.2201431835503016,0.25759515166282654,-203.0226473479389,132.32083690539002,0.25759515166282654,0.20675410330295563,0,0,0.0,0.15824925899505615,1800
1900,50000,19,230,-0.8371538794994603,0.054316192865371704,-283.780089965987,140.2426244560629,0.054316192865371704,0.67088782787323,0,0,0.0,0.1537998467683792,1900
2000,50000,21,64,-4.104633461263444,3.8225820064544678,-112.55854915724117,95.89588180929422,0.8225820064544678,0.057480063289403915,0,0,0.0,0.1494792103767395,2000
2100,50000,23,44,-1.158238850061452,0.5860096216201782,-22.77807448382555,8.980438128113747,0.5860096216201782,0.18939070403575897,0,0,0.0,0.14534467458724976,2100
2200,50000,27,6,-0.8783037227110999,0.4981292188167572,-4.672752070736308,2.535205513238907,0.4981292188167572,0.22428369522094727,0,0,0.0,0.14140865206718445,2200
2300,50000,27,106,-0.807960751849276,0.5488942861557007,-125.43589269620672,94.10248100198805,0.5488942861557007,0.20295749604701996,0,0,0.0,0.13766810297966003,2300
2400,50000,32,16,-0.7905430961398584,0.8031410574913025,-8.54212939255394,8.274123221635818,0.8031410574913025,0.1287952959537506,0,0,0.0,0.13406431674957275,2400
2500,50000,35,15,-14.212210054293202,11.908747732639313,-50.85459429153135,40.60502350330353,0.9087477326393127,-0.003845808794721961,0,1,0.0,0.1305944174528122,2500
2600,50000,39,27,-1.449938036092036,0.5172781944274902,-37.0711835192141,6.639303356409073,0.5172781944274902,0.22903789579868317,0,0,0.0,0.12725718319416046,2600
2700,50000,41,55,-4.006821944164264,3.8418155908584595,-37.457670184543474,25.56440933048725,0.8418155908584595,0.10932862758636475,0,0,0.0,0.12402933835983276,2700
2800,50000,42,88,-0.5193334223285482,0.2350742220878601,-84.4487217366442,72.83202429488301,0.2350742220878601,0.4435712993144989,0,0,0.0,0.12089622020721436,2800
2900,50000,42,188,-0.6178745430686285,0.3736163377761841,-117.100740203725,87.07865242660046,0.3736163377761841,0.3169582486152649,0,0,0.0,0.11781308799982071,2900
3000,50000,44,17,-0.5731195804957259,0.15643559396266937,-8.628498940905237,2.10791527479887,0.15643559396266937,0.37432682514190674,0,0,0.0,0.11481627076864243,3000
3100,50000,44,117,-0.4175099140574741,0.03798237070441246,-65.70517835278197,20.8954024463892,0.03798237070441246,0.48925259709358215,0,0,0.0,0.1118575781583786,3100
3200,50000,44,217,-0.6335650472169629,0.15229196846485138,-146.86487400938196,31.069431794807315,0.15229196846485138,0.2849225401878357,0,0,0.0,0.10893183946609497,3200
3300,50000,45,77,-1.857856674625098,0.0328935906291008,-94.01856293907237,16.730442438274622,0.0328935906291008,0.5191922187805176,0,0,0.0,0.10605941712856293,3300
3400,50000,45,177,-1.283200708131658,0.08192791044712067,-267.85118068643453,44.07865572720766,0.08192791044712067,0.42766281962394714,0,0,0.0,0.10324796289205551,3400
3500,50000,46,37,-0.8417208397939114,0.18886074423789978,-26.766400723309474,5.100260324776173,0.18886074423789978,0.2805902361869812,0,0,0.0,0.10047696530818939,3500
3600,50000,46,137,-0.9690909924668679,0.03377784788608551,-129.88993708295718,21.12933288514614,0.03377784788608551,0.5134240984916687,0,0,0.0,0.09776812046766281,3600
3700,50000,46,237,-5.1252358541032494,3.800000011920929,-287.51729238407387,55.772326515987515,0.800000011920929,0.1186072900891304,0,0,0.0,0.09510815888643265,3700
3800,50000,47,97,-0.25661655927093086,0.30720070004463196,-41.7045486275498,21.918592538684607,0.30720070004463196,0.28602707386016846,0,0,0.0,0.09252667427062988,3800
3900,50000,47,197,-0.6103704763711904,0.2130742222070694,-124.98976461368076,79.98095615208149,0.2130742222070694,0.35644635558128357,0,0,0.0,0.0899745523929596,3900
4000,50000,48,57,-0.9889676437112374,0.41872185468673706,-37.134238056157756,13.744996063411236,0.41872185468673706,0.19385868310928345,0,0,0.0,0.08748337626457214,4000
4100,50000,48,157,-0.8801051132976693,0.1224449872970581,-128.75905768294058,25.40257204324007,0.1224449872970581,0.5115106105804443,0,0,0.0,0.08506683260202408,4100
4200,50000,49,17,-4.1136555605874445,3.835459530353546,-23.590739918281592,19.413235664367676,0.8354595303535461,0.09739625453948975,0,0,0.0,0.08271542936563492,4200
4300,50000,49,117,-0.9532223899621931,0.31594032049179077,-135.87626325840415,67.95885752141476,0.31594032049179077,0.18773461878299713,0,0,0.0,0.0804094597697258,4300
4400,50000,49,217,-0.6592970578177494,0.12322776019573212,-210.3393166313343,86.50684816762805,0.12322776019573212,0.3035736083984375,0,0,0.0,0.0781605988740921,4400
4500,50000,50,77,-0.17395859942535052,0.05955090746283531,-29.15471652513553,20.561502303928137,0.05955090746283531,0.40998512506484985,0,0,0.0,0.07597506046295166,4500
4600,50000,50,177,-0.36542118896954007,0.018563538789749146,-63.80289160701201,28.513856092467904,0.018563538789749146,0.7111304402351379,0,0,0.0,0.07384208589792252,4600
4700,50000,51,37,-0.654459428573123,0.4289323389530182,-15.02361096690086,8.066775262355804,0.4289323389530182,0.22527769207954407,0,0,0.0,0.07175140082836151,4700
4800,50000,51,137,-0.6082502207820724,0.12203621119260788,-82.30370575728209,29.971412075683475,0.12203621119260788,0.46110326051712036,0,0,0.0,0.06970856338739395,4800
4900,50000,51,237,-0.6884073893027951,0.11450725793838501,-167.47413273098047,60.538791289553046,0.11450725793838501,0.3136482834815979,0,0,0.0,0.06772252172231674,4900
5000,50000,52,97,-0.10892164710100616,0.12062910199165344,-45.65596284302056,28.99636048078537,0.12062910199165344,0.3064883351325989,0,0,0.0,0.06580152362585068,5000
5100,50000,52,197,-0.35803170272933615,0.06443803012371063,-63.73408370370764,34.508067367598414,0.06443803012371063,0.5044561624526978,0,0,0.0,0.0639549046754837,5100
5200,50000,53,57,-0.747432786316738,0.09775417298078537,-47.53887500741153,15.708799049258232,0.09775417298078537,0.33575543761253357,0,0,0.0,0.06216811016201973,5200
5300,50000,53,157,-0.7200245064709452,0.056412223726511,-119.8036446332405,21.408802157267928,0.056412223726511,0.4517577290534973,0,0,0.0,0.06043769046664238,5300
5400,50000,54,17,-0.33928540142404845,0.24914546310901642,-4.028696813759402,2.918800972402096,0.24914546310901642,0.27657628059387207,0,0,0.0,0.05877170339226723,5400
5500,50000,54,117,-0.201886314184012,0.055890943855047226,-42.445954753620626,28.961312122642994,0.055890943855047226,0.4202566146850586,0,0,0.0,0.05715801566839218,5500
5600,50000,54,217,-0.739848747749775,0.361025333404541,-123.37691816143519,68.63427447527647,0.361025333404541,0.16414938867092133,0,0,0.0,0.055604107677936554,5600
5700,50000,56,37,-0.604400106768668,0.30829471349716187,-15.150635324698147,10.991939693689346,0.30829471349716187,0.18398548662662506,0,0,0.0,0.05409225821495056,5700
5800,50000,56,137,-0.23919840888910132,0.13654108345508575,-50.61020395015488,21.64180992729962,0.13654108345508575,0.46431469917297363,0,0,0.0,0.05263702943921089,5800
5900,50000,56,237,-0.5330024078432388,0.058724530041217804,-79.00834536960991,29.02254918590188,0.058724530041217804,0.7983702421188354,0,0,0.0,0.051251400262117386,5900
6000,50000,58,1,-0.7076918433230469,0.07350470870733261,-0.7076918433230469,0.07350470870733261,0.07350470870733261,0.4509480595588684,0,0,0.0,0.04991963133215904,6000
6100,50000,58,101,-1.6421195816474827,0.17709356546401978,-105.4942016093665,31.4092031493783,0.17709356546401978,0.2551248371601105,0,0,0.0,0.04863828793168068,6100
6200,50000,58,201,-1.1863283208162385,0.04304220899939537,-233.22613794865907,36.53163211978972,0.04304220899939537,0.6404829025268555,0,0,0.0,0.047414250671863556,6200
6300,50000,59,61,-0.33828219054727726,0.2143554389476776,-18.09552262964102,9.7484224550426,0.2143554389476776,0.23501117527484894,0,0,0.0,0.04623942822217941,6300
6400,50000,59,161,-0.6617743264489866,0.01594744436442852,-93.55095979131141,19.324499312788248,0.01594744436442852,0.8644017577171326,0,0,0.0,0.04509950429201126,6400
6500,50000,60,21,-0.4674453310396604,0.11179260164499283,-11.171357893195065,1.7973844558000565,0.11179260164499283,0.38618186116218567,0,0,0.0,0.04400984197854996,6500
6600,50000,60,121,-0.5111156135613766,0.026816003024578094,-51.62250816622064,12.842777963727713,0.026816003024578094,0.5687714219093323,0,0,0.0,0.0429563969373703,6600
6700,50000,60,221,-0.5724760364627048,0.11476221680641174,-110.8749105516889,19.996561782434583,0.11476221680641174,0.3653489649295807,0,0,0.0,0.04196225479245186,6700
6800,50000,61,81,-0.8606031513921744,0.4234563112258911,-54.70440352297369,37.39469721913338,0.4234563112258911,0.16717757284641266,0,0,0.0,0.04099095240235329,6800
6900,50000,61,181,-0.09774568394522028,0.07503477483987808,-96.25687541816927,61.61854684725404,0.07503477483987808,0.4471953511238098,0,0,0.0,0.04003162682056427,6900
7000,50000,62,41,-0.6320701400914766,0.1465364247560501,-25.40513533430069,5.8936170637607574,0.1465364247560501,0.2801806330680847,0,0,0.0,0.039106614887714386,7000
7100,50000,62,141,-0.22172518358624763,0.016422569751739502,-51.99179271967044,18.524160724133253,0.016422569751739502,0.8181861639022827,0,0,0.0,0.038220908492803574,7100
7200,50000,63,1,-0.3459683763111133,0.22575227916240692,-0.3459683763111133,0.22575227916240692,0.22575227916240692,0.25410452485084534,0,0,0.0,0.03733503073453903,7200
7300,50000,63,101,-0.5214656492066855,0.10663962364196777,-40.8469641907013,21.650497436523438,0.10663962364196777,0.32352569699287415,0,0,0.0,0.03647596016526222,7300
7400,50000,63,201,-0.3032715678138772,0.0720456913113594,-78.38344389757967,26.740080572664738,0.0720456913113594,0.5915479063987732,0,0,0.0,0.03564567491412163,7400
7500,50000,64,61,-10.831295667083149,8.841512382030487,-35.528978162050926,25.413644567131996,0.8415123820304871,0.12209653109312057,0,1,0.0,0.03483965992927551,7500
7600,50000,65,100,-0.42817114174832116,0.2067916989326477,-66.5208330818738,21.08782573789358,0.2067916989326477,0.23494382202625275,0,0,0.0,0.03404449671506882,7600
7700,50000,65,200,-0.5787562351149984,0.0612785629928112,-107.94045017707364,27.50094141252339,0.0612785629928112,0.47903314232826233,0,0,0.0,0.03328413516283035,7700
7800,50000,66,60,-4.254447484177201,3.8092910647392273,-88.75176671587604,78.21658609807491,0.8092910647392273,0.04630297049880028,0,0,0.0,0.032557617872953415,7800
7900,50000,67,95,-0.5457430185352292,0.3162824511528015,-38.60790297215083,22.38163235411048,0.3162824511528015,0.3416390120983124,0,0,0.0,0.03184718266129494,7900
8000,50000,67,195,-0.21051361497752283,0.17032213509082794,-69.34412926852899,32.95046408288181,0.17032213509082794,0.6053987145423889,0,0,0.0,0.031151138246059418,8000
8100,50000,68,55,0.0037649649565534363,0.040663015097379684,-5.24485798871786,5.334803480654955,0.040663015097379684,0.4760485291481018,0,0,0.0,0.03047075681388378,8100
8200,50000,68,155,-0.13995370554893588,0.04738394543528557,-21.30299263667319,17.52253495901823,0.04738394543528557,0.4481969475746155,0,0,0.0,0.029802775010466576,8200
8300,50000,69,15,-0.4921280769626222,0.234603613615036,-3.9641262627123712,1.858514666557312,0.234603613615036,0.37927040457725525,0,0,0.0,0.029162753373384476,8300
8400,50000,69,115,-0.15991627870880515,0.21626801788806915,-42.084974948296754,16.19986892491579,0.21626801788806915,0.3840174973011017,0,0,0.0,0.0285370871424675,8400
8500,50000,70,15,-0.3157042787415024,0.22877618670463562,-3.7474521903984575,3.246691808104515,0.22877618670463562,0.2969799041748047,0,0,0.0,0.027917996048927307,8500
8600,50000,70,115,-0.856322055514386,0.5318579077720642,-114.61845866786753,80.88465692102909,0.5318579077720642,0.158742293715477,0,0,0.0,0.027304526418447495,8600
8700,50000,70,215,-0.42761972845496077,0.19796130061149597,-145.92053569178046,91.8175949268043,0.19796130061149597,0.3058803677558899,0,0,0.0,0.026698071509599686,8700
8800,50000,71,75,-0.6779726538231182,0.0962253138422966,-16.74845890185979,15.754642110317945,0.0962253138422966,0.3379913866519928,0,0,0.0,0.02608751691877842,8800
8900,50000,71,175,-0.1903070476979471,0.09483054280281067,-46.11617065365389,28.966135488823056,0.09483054280281067,0.4175225496292114,0,0,0.0,0.025496816262602806,8900
9000,50000,72,35,-0.6337026395471594,0.19692808389663696,-13.725435898523228,8.220921128988266,0.19692808389663696,0.24127747118473053,0,0,0.0,0.024929193779826164,9000
9100,50000,72,135,-0.09306026408262397,0.029630010947585106,-60.010177853515046,26.56890851818025,0.029630010947585106,0.5432611703872681,0,0,0.0,0.024368517100811005,9100
9200,50000,72,235,-0.22299139444407307,0.14037731289863586,-80.46483559595568,42.37171264179051,0.14037731289863586,0.3285693824291229,0,0,0.0,0.02382645569741726,9200
9300,50000,73,95,-0.16239542275549484,0.13055522739887238,-31.72369306352613,16.937448605895042,0.13055522739887238,0.5452576875686646,0,0,0.0,0.02331720106303692,9300
9400,50000,74,40,-0.3317484740180453,0.3148810863494873,-9.252466813322163,7.290337905287743,0.3148810863494873,0.26321977376937866,0,0,0.0,0.022824324667453766,9400
9500,50000,74,140,-0.5824229049299754,0.23573270440101624,-57.16897144973912,36.645205333828926,0.23573270440101624,0.24739043414592743,0,0,0.0,0.02235076017677784,9500
9600,50000,74,240,-0.11587538578460517,0.043425217270851135,-174.45819745884637,121.24280394613743,0.043425217270851135,0.46381038427352905,0,0,0.0,0.021885715425014496,9600
9700,50000,75,100,-0.5158701260678618,0.13523806631565094,-73.25825943074842,27.051147166639566,0.13523806631565094,0.2974453270435333,0,0,0.0,0.02143855020403862,9700
9800,50000,75,200,-0.5893886252927678,0.18663939833641052,-118.76772797321071,43.14658067189157,0.18663939833641052,0.47452253103256226,0,0,0.0,0.020985476672649384,9800
9900,50000,76,60,-0.6725557419992583,0.09076947718858719,-14.019472209749251,7.770819455385208,0.09076947718858719,0.34632837772369385,0,0,0.0,0.020547019317746162,9900
10000,50000,76,160,-0.28192225549779326,0.1966692954301834,-63.27099912906154,40.69119667261839,0.1966692954301834,0.24144822359085083,0,0,0.0,0.02011985145509243,10000
10100,50000,77,57,-10.980107227971722,8.66551387310028,-30.106232865783518,21.18229240179062,0.6655138731002808,0.15579937398433685,0,1,0.0,0.019717145711183548,10100
10200,50000,79,78,-0.8610595406441018,0.649504542350769,-38.081599692615605,13.56952365487814,0.649504542350769,0.20559343695640564,0,0,0.0,0.019336435943841934,10200
10300,50000,79,178,-0.9434287795955651,0.20429246127605438,-129.05317786035988,83.2935416791588,0.20429246127605438,0.49823692440986633,0,0,0.0,0.018969004973769188,10300
10400,50000,80,38,-0.5602721654229688,0.30333271622657776,-16.845874689109074,6.166662584990263,0.30333271622657776,0.2702377438545227,0,0,0.0,0.018604706972837448,10400
10500,50000,80,138,-0.25285158329022817,0.06405407935380936,-66.19690734601807,20.573876788839698,0.06405407935380936,0.7325426340103149,0,0,0.0,0.0182387363165617,10500
10600,50000,80,238,-0.6649950214270718,0.051578640937805176,-94.48613330715446,31.434677993878722,0.051578640937805176,0.5143647193908691,0,0,0.0,0.017899131402373314,10600
10700,50000,84,22,0.11754849287234165,0.06721504032611847,0.3747431339597443,1.4897824339568615,0.06721504032611847,0.4158259630203247,0,0,0.0,0.01760992221534252,10700
10800,50000,85,82,-0.15975039576851485,0.08966528624296188,-22.105802902967508,12.302590092644095,0.08966528624296188,0.5325306057929993,0,0,0.0,0.017320437356829643,10800
10900,50000,85,182,-0.2756437839283142,0.14293460547924042,-47.5303108398887,29.46211547218263,0.14293460547924042,0.28442803025245667,0,0,0.0,0.01705608144402504,10900
11000,50000,86,42,-0.5989854548474662,0.4437809884548187,-11.479634587970104,9.428605616092682,0.4437809884548187,0.21546711027622223,0,0,0.0,0.016819192096590996,11000
11100,50000,86,142,-0.6039407575019619,0.15655732154846191,-56.781949390749425,25.091780062764883,0.15655732154846191,0.27137425541877747,0,0,0.0,0.016620302572846413,11100
11200,50000,87,2,-0.17241575026525147,0.18117952346801758,-0.481864716143372,0.39695021510124207,0.18117952346801758,0.4622300863265991,0,0,0.0,0.01640676148235798,11200
11300,50000,87,102,-0.423995524613915,0.36665016412734985,-37.345898365924,26.243636704981327,0.36665016412734985,0.2648187279701233,0,0,0.0,0.01621488481760025,11300
11400,50000,87,202,-0.3316471935683428,0.42983224987983704,-72.77617533981095,56.9381561037153,0.42983224987983704,0.214214488863945,0,0,0.0,0.01601613499224186,11400
11500,50000,88,62,-0.30954968510944075,0.19531546533107758,-92.09303812370807,85.25398248434067,0.19531546533107758,0.24234552681446075,0,0,0.0,0.015812400728464127,11500
11600,50000,88,162,-0.3802414001144304,0.19837021827697754,-118.05424627941579,101.13295504637063,0.19837021827697754,0.24033032357692719,0,0,0.0,0.015582529827952385,11600
11700,50000,89,22,-0.3446676752432998,0.21648365259170532,-2.8536568532953495,4.493202351033688,0.21648365259170532,0.25113269686698914,0,0,0.0,0.015344434417784214,11700
11800,50000,89,122,-0.2545093232662731,0.30697208642959595,-80.54930315143059,67.62849814631045,0.30697208642959595,0.18885360658168793,0,0,0.0,0.015108803287148476,11800
11900,50000,89,222,-0.6347794802525416,0.4632546007633209,-113.79214350688837,88.85771234892309,0.4632546007633209,0.19291456043720245,0,0,0.0,0.014857741072773933,11900
12000,50000,91,38,-13.578056286006888,11.896235942840576,-45.276204341831175,39.455993697047234,0.8962359428405762,0.01545601524412632,0,1,0.0,0.014626487158238888,12000
12100,50000,92,100,-1.0132746539999136,0.4612733721733093,-38.65982569895959,21.651852890849113,0.4612733721733093,0.21378691494464874,0,0,0.0,0.01443211454898119,12100
12200,50000,92,200,-3.8808720413498925,3.8244165778160095,-130.07254362609135,101.62032398581505,0.8244165778160095,0.10953370481729507,0,0,0.0,0.0142606096342206,12200
12300,50000,94,41,-0.4771782953116225,0.3481300175189972,-14.248819433189079,9.226183637976646,0.3481300175189972,0.2208573967218399,0,0,0.0,0.014107177034020424,12300
12400,50000,94,141,-0.15908297471637325,0.022144775837659836,-38.40439512487735,25.021379128098488,0.022144775837659836,0.6287190914154053,0,0,0.0,0.013958016410470009,12400
12500,50000,95,1,-0.5312590829204339,0.14845532178878784,-0.5312590829204339,0.14845532178878784,0.14845532178878784,0.2920103371143341,0,0,0.0,0.013874697498977184,12500
12600,50000,95,101,-0.6197700959542272,0.34885796904563904,-35.80703272868974,23.59891699999571,0.34885796904563904,0.17338036000728607,0,0,0.0,0.013724702410399914,12600
12700,50000,95,201,-1.0227373251125234,0.08539310842752457,-96.02823811056795,48.02823220565915,0.08539310842752457,0.4273169934749603,0,0,0.0,0.013583776541054249,12700
12800,50000,96,61,-0.337909268434488,0.2277822494506836,-18.327819660947007,18.528968542814255,0.2277822494506836,0.22248463332653046,0,0,0.0,0.01347843836992979,12800
12900,50000,96,161,-0.439268858977996,0.18821553885936737,-44.604029487551635,28.65827395580709,0.18821553885936737,0.2841777503490448,0,0,0.0,0.013404002413153648,12900
13000,50000,97,21,-1.210134018678914,0.3158368170261383,-40.40739069242426,28.067688435316086,0.3158368170261383,0.20008058845996857,0,0,0.0,0.013318355195224285,13000
13100,50000,98,84,-0.11893316708353625,0.022425353527069092,-32.54201564432257,21.23873672634363,0.022425353527069092,0.6241369843482971,0,0,0.0,0.013202423229813576,13100
13200,50000,98,184,-0.13132969663815844,0.15267232060432434,-72.59227112720085,47.590744242072105,0.15267232060432434,0.3093147873878479,0,0,0.0,0.013141706585884094,13200
13300,50000,99,44,-1.556643037183142,0.46303126215934753,-32.90225895149134,11.168883435428143,0.46303126215934753,0.18264402449131012,0,0,0.0,0.013082602061331272,13300
13400,50000,100,90,-0.04567651029627727,0.017008472234010696,-19.858068896370025,12.040667176246643,0.017008472234010696,0.7783108949661255,0,0,0.0,0.013019982725381851,13400
13500,50000,100,190,-3.699545633006784,3.800000011920929,-118.08817463476879,97.69644458964467,0.800000011920929,0.09963580965995789,0,0,0.0,0.013002815656363964,13500
13600,50000,101,50,-0.29939575719404854,0.06539994478225708,-38.10756536468402,12.018273934721947,0.06539994478225708,0.3952021598815918,0,0,0.0,0.012990656308829784,13600
13700,50000,101,150,-0.31598324333696937,0.31278684735298157,-76.9010315336156,34.481595451012254,0.31278684735298157,0.3505021333694458,0,0,0.0,0.012952381744980812,13700
13800,50000,102,74,-0.0762799555920037,0.1354631632566452,-26.771601040339558,17.536227345466614,0.1354631632566452,0.29072806239128113,0,0,0.0,0.012912034057080746,13800
13900,50000,102,174,-0.2731121607672685,0.12482727319002151,-52.09145784287916,32.050840463489294,0.12482727319002151,0.8094366192817688,0,0,0.0,0.012872487306594849,13900
14000,50000,103,34,-0.447533098495303,0.291582316160202,-10.131171398350205,7.897431775927544,0.291582316160202,0.2160421758890152,0,0,0.0,0.012889138422906399,14000
14100,50000,104,24,-0.5884329880199903,0.24288611114025116,-8.390238360109615,4.727090656757355,0.24288611114025116,0.25206735730171204,0,0,0.0,0.012948374263942242,14100
14200,50000,106,12,-0.43723748608127333,0.15912887454032898,-4.267610895613099,1.7715313136577606,0.15912887454032898,0.42276284098625183,0,0,0.0,0.013042427599430084,14200
14300,50000,106,112,-0.6047666369061984,0.2864230275154114,-88.62890519841126,28.450876131653786,0.2864230275154114,0.2783476412296295,0,0,0.0,0.013177636079490185,14300
14400,50000,107,69,-0.4716768772422191,0.3120492100715637,-22.287385537766365,11.71483974903822,0.3120492100715637,0.19832558929920197,0,0,0.0,0.013301313854753971,14400
14500,50000,107,169,-0.07172867650492044,0.05953501909971237,-37.45565409973387,22.776971543207765,0.05953501909971237,0.5282910466194153,0,0,0.0,0.013313586823642254,14500
14600,50000,108,29,-0.2029632824946978,0.05624159798026085,-0.21753959653306854,1.6357250697910786,0.05624159798026085,0.4608868658542633,0,0,0.0,0.013404008001089096,14600
14700,50000,108,129,-0.8318227776122796,0.09389075636863708,-63.728693487645096,10.156468734145164,0.09389075636863708,0.34148815274238586,0,0,0.0,0.013424566946923733,14700
14800,50000,108,229,-3.3958682409062066,0.04453485831618309,-292.61302407722644,13.765213472768664,0.04453485831618309,0.7872399687767029,0,0,0.0,0.013417117297649384,14800
14900,50000,109,89,-0.6698487835702371,0.04476575925946236,-28.4091041567915,11.167661409825087,0.04476575925946236,0.4582926630973816,0,0,0.0,0.013582448475062847,14900
15000,50000,109,189,-3.4799827782980035,0.07785951346158981,-248.33816343669793,15.298342853784561,0.07785951346158981,0.5192437767982483,0,0,0.0,0.013642600737512112,15000
15100,50000,110,49,0.005189460057442544,0.06890004873275757,-17.37712291445446,14.906281977891922,0.06890004873275757,0.38715505599975586,0,0,0.0,0.01374581828713417,15100
15200,50000,110,149,-0.43701380427044517,0.11278020590543747,-48.99682905164376,30.31329526565969,0.11278020590543747,0.33712396025657654,0,0,0.0,0.01388392224907875,15200
15300,50000,111,9,-0.2003885588026231,0.16894586384296417,-2.770354099458689,1.504691258072853,0.16894586384296417,0.5447404980659485,0,0,0.0,0.014073085971176624,15300
15400,50000,112,35,-0.3662849030994244,0.19897668063640594,-12.119028713566765,6.2632899060845375,0.19897668063640594,0.2729320526123047,0,0,0.0,0.014203454367816448,15400
15500,50000,112,135,-0.6332608971945968,0.07376553863286972,-35.689816001522594,19.200713396072388,0.07376553863286972,0.39515939354896545,0,0,0.0,0.01418340764939785,15500
15600,50000,112,235,-0.23367269029445384,0.07948462665081024,-165.78240091268782,96.21875058114529,0.07948462665081024,0.37863218784332275,0,0,0.0,0.014221318997442722,15600
15700,50000,113,95,-0.3102575068408763,0.10381848365068436,-33.34575231712253,18.857487946748734,0.10381848365068436,0.3272753059864044,0,0,0.0,0.014222939498722553,15700
15800,50000,113,195,-0.2997921253816862,0.019059984013438225,-55.654843544820345,27.410663057118654,0.019059984013438225,0.6957381367683411,0,0,0.0,0.014278151094913483,15800
15900,50000,114,55,-0.3574799022725028,0.14989088475704193,-30.250266755737062,11.9779422134161,0.14989088475704193,0.2771601974964142,0,0,0.0,0.014305668883025646,15900
16000,50000,115,16,-1.0340214249215387,0.25159716606140137,-11.977351167318604,4.256083101034164,0.25159716606140137,0.2589195966720581,0,0,0.0,0.014398549683392048,16000
16100,50000,116,80,-0.1459793485647385,0.04626210033893585,-35.757794872712935,26.71686039492488,0.04626210033893585,0.4524192214012146,0,0,0.0,0.014626521617174149,16100
16200,50000,116,180,-0.4762666064607836,0.04810777306556702,-104.60899772223802,44.146660666912794,0.04810777306556702,0.44554948806762695,0,0,0.0,0.014763905666768551,16200
16300,50000,117,40,-0.23062696455112025,0.31199145317077637,-51.72157888263973,36.6407673060894,0.31199145317077637,0.1824827641248703,0,0,0.0,0.01475733146071434,16300
16400,50000,117,140,-0.37576994785056805,0.06005216762423515,-70.34416199952464,45.459878811612725,0.06005216762423515,0.4250163435935974,0,0,0.0,0.014882204122841358,16400
16500,50000,117,240,-0.4916839609163117,0.028834154829382896,-132.5153919317666,74.77020575478673,0.028834154829382896,0.5499432682991028,0,0,0.0,0.014961025677621365,16500
16600,50000,118,100,-0.13424377659239184,0.02947765775024891,-42.13093886090454,25.013646326959133,0.02947765775024891,0.5445118546485901,0,0,0.0,0.015061767771840096,16600
16700,50000,118,200,-0.5594597761405169,0.257604718208313,-66.2807346388632,32.938171591609716,0.257604718208313,0.31163641810417175,0,0,0.0,0.015073629096150398,16700
16800,50000,119,60,-0.22383711287504598,0.17121747136116028,-13.332225720757053,10.794623650610447,0.17121747136116028,0.26285189390182495,0,0,0.0,0.015075412578880787,16800
16900,50000,120,64,-0.698498561052952,0.025910623371601105,-74.71927073494923,17.831655772402883,0.025910623371601105,0.5782840251922607,0,0,0.0,0.015067227184772491,16900
17000,50000,120,164,-0.979513789214598,0.0712241530418396,-175.52003227237398,27.264020396396518,0.0712241530418396,0.3820951282978058,0,0,0.0,0.015038443729281425,17000
17100,50000,121,24,-0.40587136709210186,0.31906530261039734,-6.401157579010712,7.508963406085968,0.31906530261039734,0.18240399658679962,0,0,0.0,0.0150298485532403,17100
17200,50000,121,124,-0.3660934180164714,0.25336965918540955,-50.883388360223286,30.08154857903719,0.25336965918540955,0.20886211097240448,0,0,0.0,0.015108508057892323,17200
17300,50000,121,224,-0.8092711278778917,0.3401184380054474,-105.35097238105577,47.26274708472192,0.3401184380054474,0.26656240224838257,0,0,0.0,0.015156876295804977,17300
17400,50000,122,84,-0.11068375509088954,0.06924081593751907,-28.23985977469542,17.726434476673603,0.06924081593751907,0.38639968633651733,0,0,0.0,0.015139779075980186,17400
17500,50000,122,184,-0.17677760472870688,0.14121177792549133,-50.852391829714044,32.02259433455765,0.14121177792549133,0.677648663520813,0,0,0.0,0.015069633722305298,17500
17600,50000,123,44,-0.6129148713083763,0.1416977196931839,-15.7146137045934,5.4920104667544365,0.1416977196931839,0.2912050485610962,0,0,0.0,0.015079653821885586,17600
17700,50000,123,144,-0.3676859479707673,0.17912565171718597,-75.61989607533243,17.682219207286835,0.17912565171718597,0.3689395785331726,0,0,0.0,0.014992370270192623,17700
17800,50000,124,4,-0.4342081819334863,0.26376625895500183,-2.1878637524826763,1.296119064092636,0.26376625895500183,0.3250587582588196,0,0,0.0,0.01504357997328043,17800
17900,50000,124,104,-0.29839144037329973,0.3906576335430145,-31.865718955068758,22.90903291851282,0.3906576335430145,0.28530701994895935,0,0,0.0,0.015016480349004269,17900
18000,50000,124,204,-1.8776926789731172,0.4221469759941101,-94.81499447225698,46.9339998178184,0.4221469759941101,0.19191555678844452,0,0,0.0,0.015085896477103233,18000
18100,50000,126,46,-0.5945119387814339,0.31189924478530884,-21.125157319133606,13.266574271023273,0.31189924478530884,0.18252001702785492,0,0,0.0,0.01528141275048256,18100
18200,50000,126,146,-0.4654493736563063,0.05202490836381912,-83.57678331752774,34.77181239426136,0.05202490836381912,0.43215519189834595,0,0,0.0,0.015284736640751362,18200
18300,50000,127,6,-0.28177713303755303,0.19949835538864136,-2.804437092525146,1.5390784442424774,0.19949835538864136,0.23959456384181976,0,0,0.0,0.0151185542345047,18300
18400,50000,127,106,-0.506837775617255,0.3044320344924927,-88.96832637253,38.1024576574564,0.3044320344924927,0.18557603657245636,0,0,0.0,0.01496736891567707,18400
18500,50000,128,40,-3.890955522486056,3.8037670254707336,-31.981505727246347,27.772282913327217,0.8037670254707336,0.11721690744161606,0,0,0.0,0.01486767828464508,18500
18600,50000,128,140,-0.04538672780938542,0.10648686438798904,-86.14209448784796,71.71350377053022,0.10648686438798904,0.3903973698616028,0,0,0.0,0.014913867227733135,18600
18700,50000,128,240,-0.17679096841369757,0.24540100991725922,-150.5584181400469,105.69383579492569,0.24540100991725922,0.21294115483760834,0,0,0.0,0.01495757419615984,18700
18800,50000,129,100,-0.13871086142437095,0.08950073271989822,-40.196609936424565,22.101180067285895,0.08950073271989822,0.6043603420257568,0,0,0.0,0.014803924597799778,18800
18900,50000,130,44,-3.812762995304587,3.8068365454673767,-37.89698552445115,33.636748030781746,0.8068365454673767,0.11592455953359604,0,0,0.0,0.014773298986256123,18900
19000,50000,130,144,-0.5989386763965843,0.07163239270448685,-155.37450100221784,113.61272478848696,0.07163239270448685,0.38122794032096863,0,0,0.0,0.01468583382666111,19000
19100,50000,131,4,-0.46617446932734763,0.10172033309936523,-2.4484071444391993,0.46049053221940994,0.10172033309936523,0.33014199137687683,0,0,0.0,0.014602236449718475,19100
19200,50000,131,104,-1.3531187471581883,0.0777999684214592,-84.2617822837043,15.256690166890621,0.0777999684214592,0.3688364028930664,0,0,0.0,0.01469397358596325,19200
19300,50000,132,10,-0.5622330249703111,0.1808260977268219,-5.720318206969183,1.3283334076404572,0.1808260977268219,0.4438341557979584,0,0,0.0,0.014876095578074455,19300
19400,50000,132,110,0.03159414104634145,0.028283676132559776,-39.56700364770403,20.385537153109908,0.028283676132559776,0.5547930002212524,0,0,0.0,0.014913774095475674,19400
19500,50000,132,210,-1.2148820861018046,0.08516605198383331,-71.14876306803878,30.498852532356977,0.08516605198383331,0.355540007352829,0,0,0.0,0.01482030376791954,19500
19600,50000,133,70,-0.7238864523451355,0.0913156047463417,-21.18995410358399,8.74623591080308,0.0913156047463417,0.3454672694206238,0,0,0.0,0.014798017218708992,19600
19700,50000,133,170,-0.19914356425652044,0.15424519777297974,-122.59081572733754,72.87911838665605,0.15424519777297974,0.275966614484787,0,0,0.0,0.014869584701955318,19700
19800,50000,134,30,-0.44893501834194494,0.14337116479873657,-8.3798835544493,4.462929859757423,0.14337116479873657,0.34019696712493896,0,0,0.0,0.014889230951666832,19800
19900,50000,135,57,-0.05111896901018667,0.03649146109819412,-67.65129433756427,36.28938524797559,0.03649146109819412,0.4972781240940094,0,0,0.0,0.014875187538564205,19900
20000,50000,135,157,-0.7091868861889372,0.31332167983055115,-103.28544598396506,50.031103294342756,0.31332167983055115,0.4221377372741699,0,0,0.0,0.015083695761859417,20000
20100,50000,136,17,-0.21422192870066403,0.19291381537914276,-4.0383435212238865,3.148956313729286,0.19291381537914276,0.2579522132873535,0,0,0.0,0.01526879146695137,20100
20200,50000,137,22,-1.0929307820068983,0.6425440311431885,-15.498808534542654,9.135305002331734,0.6425440311431885,0.1683732122182846,0,0,0.0,0.015531152486801147,20200
20300,50000,137,122,-0.6497521013728119,0.5098110437393188,-140.88742463209988,108.73581731878221,0.5098110437393188,0.12123636156320572,0,0,0.0,0.01566677913069725,20300
20400,50000,138,49,-14.58604831335937,11.840953707695007,-123.44527243990888,101.88984870910645,0.8409537076950073,-0.00352196185849607,0,1,0.0,0.015855029225349426,20400
20500,50000,140,6,-0.3699859585084698,0.0489768385887146,-2.230096765599265,0.3244897872209549,0.0489768385887146,0.4424460828304291,0,0,0.0,0.01593426987528801,20500
20600,50000,140,106,-0.22973650725211456,0.2009810507297516,-51.94545374487726,14.24601874500513,0.2009810507297516,0.238634392619133,0,0,0.0,0.01597919873893261,20600
20700,50000,140,206,-1.343131680432937,0.02203092910349369,-91.14533529850785,19.910452131181955,0.02203092910349369,0.6306293606758118,0,0,0.0,0.016156066209077835,20700
20800,50000,141,66,-0.39774054594567654,0.12868112325668335,-33.053529114145945,9.16156853735447,0.12868112325668335,0.3192673921585083,0,0,0.0,0.016331035643815994,20800
20900,50000,141,166,-0.14860697508884957,0.02205073833465576,-64.1793266309516,15.482853826135397,0.02205073833465576,0.6302947998046875,0,0,0.0,0.0164360161870718,20900
21000,50000,142,26,-4.024405772893515,3.8356655836105347,-20.710379268987108,15.702594980597496,0.8356655836105347,0.11740320175886154,0,0,0.0,0.016498662531375885,21000
21100,50000,142,126,-0.7682378411173844,0.1351175457239151,-80.9830995760137,42.24506853707135,0.1351175457239151,0.29107266664505005,0,0,0.0,0.01646186225116253,21100
21200,50000,142,226,-0.1832731357228593,0.026833971962332726,-113.15355654004246,52.36121687851846,0.026833971962332726,0.5685900449752808,0,0,0.0,0.01645655557513237,21200
21300,50000,143,86,-1.273859018087387,0.22117768228054047,-42.581099965903945,14.869034931063652,0.22117768228054047,0.22626720368862152,0,0,0.0,0.01644422486424446,21300
21400,50000,143,186,-1.2544309901952193,0.0713910311460495,-168.73533042694692,24.274165214970708,0.0713910311460495,0.47964856028556824,0,0,0.0,0.01647026278078556,21400
21500,50000,144,46,-0.41558908532970185,0.40991976857185364,-6.341347181981012,7.128391750156879,0.40991976857185364,0.22715981304645538,0,0,0.0,0.016669049859046936,21500
21600,50000,145,32,-0.7374251124201854,0.2514793872833252,-14.243433107603568,6.090106680989265,0.2514793872833252,0.2605604827404022,0,0,0.0,0.016778411343693733,21600
21700,50000,146,39,-4.450263317912784,3.8269723057746887,-57.78499506326571,38.38815473020077,0.8269723057746887,0.05339274927973747,0,0,0.0,0.016864357516169548,21700
21800,50000,146,139,-0.5540844674784138,0.41085025668144226,-117.13635359320949,88.73991877958179,0.41085025668144226,0.24460332095623016,0,0,0.0,0.017008153721690178,21800
21900,50000,146,239,-0.11038654234311707,0.14256860315799713,-146.95516028812096,106.71273431554437,0.14256860315799713,0.3691529333591461,0,0,0.0,0.016997145488858223,21900
22000,50000,147,99,-0.2441938860105236,0.0706331878900528,-58.30992519319778,23.69358003139496,0.0706331878900528,0.38336166739463806,0,0,0.0,0.016947712749242783,22000
22100,50000,147,199,-0.22936907302355797,0.11773853003978729,-74.17792913884665,30.455599285662174,0.11773853003978729,0.3308940827846527,0,0,0.0,0.017149031162261963,22100
22200,50000,148,59,-0.5206385113558976,0.3326862156391144,-27.28532927473904,15.470200389623642,0.3326862156391144,0.1744011491537094,0,0,0.0,0.01711052842438221,22200
22300,50000,148,159,-0.3184722276140264,0.0687728300690651,-139.3169366441252,111.39583404362202,0.0687728300690651,0.3874382972717285,0,0,0.0,0.017014287412166595,22300
22400,50000,149,19,-0.1973081674990744,0.12441616505384445,-9.133282344788627,3.8524017855525017,0.12441616505384445,0.30226388573646545,0,0,0.0,0.016933875158429146,22400
22500,50000,149,119,-0.052525721723309576,0.1376025676727295,-48.923659636939384,14.279551666229963,0.1376025676727295,0.28861668705940247,0,0,0.0,0.016985680907964706,22500
22600,50000,149,219,-0.6007274316591704,0.23802125453948975,-85.5219433003385,23.839578112587333,0.23802125453948975,0.28996342420578003,0,0,0.0,0.017105305567383766,22600
22700,50000,151,5,-0.48618957678958197,0.19817642867565155,-3.016442447198797,1.1617343723773956,0.19817642867565155,0.24045716226100922,0,0,0.0,0.0171269029378891,22700
22800,50000,151,105,-0.039624499279821604,0.1240173727273941,-22.6042635297991,15.0001380443573,0.1240173727273941,0.30270180106163025,0,0,0.0,0.017108317464590073,22800
22900,50000,153,48,-0.17336502964508327,0.06874590367078781,-5.34318740312921,2.7098777294158936,0.06874590367078781,0.45361328125,0,0,0.0,0.01724735088646412,22900
23000,50000,153,148,-0.8439906352361025,0.5621660351753235,-34.427967672628135,23.982597462832928,0.5621660351753235,0.14615538716316223,0,0,0.0,0.017204031348228455,23000
23100,50000,154,60,-0.23099415675881807,0.16247180104255676,-29.98670014426461,13.698919162154198,0.16247180104255676,0.29721003770828247,0,0,0.0,0.0173567496240139,23100
23200,50000,154,160,-0.2260413853180262,0.059783633798360825,-50.06375177729636,20.494807559996843,0.059783633798360825,0.5775073170661926,0,0,0.0,0.017549684271216393,23200
23300,50000,155,20,0.07213585301579584,0.05737491697072983,0.19907250660836598,2.052215937525034,0.05737491697072983,0.4159854054450989,0,0,0.0,0.017694935202598572,23300
23400,50000,156,93,-0.3643383526768574,0.06113499775528908,-23.645777606913946,10.101925734430552,0.06113499775528908,0.7211206555366516,0,0,0.0,0.017590904608368874,23400
23500,50000,156,193,-0.9358622665808071,0.11496005207300186,-60.73167764481985,22.64565259590745,0.11496005207300186,0.3131038248538971,0,0,0.0,0.01773480698466301,23500
23600,50000,158,2,-0.40560259309641455,0.21910780668258667,-0.8780082666641196,0.4919714033603668,0.21910780668258667,0.28512200713157654,0,0,0.0,0.017903920263051987,23600
23700,50000,158,102,-0.4522009922473808,0.07274755835533142,-30.401077559192622,12.17774723097682,0.07274755835533142,0.6431766748428345,0,0,0.0,0.01772904023528099,23700
23800,50000,158,202,-0.4678589834013519,0.025804022327065468,-62.80350042599416,27.12872184626758,0.025804022327065468,0.5794553160667419,0,0,0.0,0.01767302118241787,23800
23900,50000,159,62,-0.8018364566474339,0.424797385931015,-49.41100385144575,26.355619445443153,0.424797385931015,0.15005837380886078,0,0,0.0,0.01753360778093338,23900
24000,50000,159,162,-0.10088237806136313,0.028900226578116417,-74.8437024809729,41.649273162707686,0.028900226578116417,0.5493741631507874,0,0,0.0,0.01737034320831299,24000
24100,50000,160,22,-0.12928077681731226,0.20038525760173798,-2.86201856066845,3.671068459749222,0.20038525760173798,0.31546419858932495,0,0,0.0,0.017160123214125633,24100
24200,50000,160,122,-0.08446880736406803,0.0335712656378746,-24.279795725319577,19.270035419613123,0.0335712656378746,0.5147470831871033,0,0,0.0,0.017011813819408417,24200
24300,50000,160,222,-0.08410315568163192,0.018701955676078796,-50.74305253555216,23.882757941260934,0.018701955676078796,0.7066366076469421,0,0,0.0,0.016839824616909027,24300
24400,50000,161,82,-0.6109019241120723,0.4352092742919922,-89.47193109303228,56.00572596490383,0.4352092742919922,0.14084438979625702,0,0,0.0,0.016848433762788773,24400
24500,50000,163,36,-1.6062194214184071,0.3781433701515198,-36.01471698297596,18.48132160305977,0.3781433701515198,0.15835614502429962,0,0,0.0,0.016861656680703163,24500
24600,50000,163,136,-0.47521503316593344,0.08422661572694778,-80.6818821861148,34.05512464046478,0.08422661572694778,0.35715603828430176,0,0,0.0,0.016995036974549294,24600
24700,50000,163,236,0.06920337974780918,0.03499126806855202,-106.70661308688855,49.699290443211794,0.03499126806855202,0.5059346556663513,0,0,0.0,0.016857266426086426,24700
24800,50000,164,96,-0.042918952053993015,0.021037502214312553,-17.24943827175017,16.413671789690852,0.021037502214312553,0.6487311124801636,0,0,0.0,0.016950663179159164,24800
24900,50000,165,66,-0.06397813753821943,0.05609282851219177,-21.891308868482785,14.020109921693802,0.05609282851219177,0.4196665287017822,0,0,0.0,0.016854075714945793,24900
25000,50000,166,31,-0.4593458816424886,0.1258835792541504,-23.08201943520407,7.66953444480896,0.1258835792541504,0.3006661534309387,0,0,0.0,0.01672995090484619,25000
25100,50000,166,131,-0.448156398113598,0.20153313875198364,-67.52395370724084,28.077279629185796,0.20153313875198364,0.2382788211107254,0,0,0.0,0.016713446006178856,25100
25200,50000,166,231,-0.6691136288873087,0.08562231063842773,-123.94593790393318,43.93694461323321,0.08562231063842773,0.6692521572113037,0,0,0.0,0.016631964594125748,25200
25300,50000,168,41,-0.6881281765136902,0.16874946653842926,-25.011193838904898,9.308513805270195,0.16874946653842926,0.2614641785621643,0,0,0.0,0.016638826578855515,25300
25400,50000,168,141,-0.1498081842804834,0.05362706258893013,-54.52879748058156,25.132953986525536,0.05362706258893013,0.42708030343055725,0,0,0.0,0.01660013757646084,25400
25500,50000,169,1,-0.5003895154202473,0.17146489024162292,-0.5003895154202473,0.17146489024162292,0.17146489024162292,0.49949049949645996,0,0,0.0,0.016450615599751472,25500
25600,50000,169,101,-1.0148954927803269,0.48790857195854187,-57.528653752742684,29.289211601018906,0.48790857195854187,0.18705306947231293,0,0,0.0,0.01654154807329178,25600
25700,50000,169,201,-5.297096090219687,3.81986141204834,-147.81104848514425,87.28671278618276,0.8198614120483398,0.025554576888680458,0,0,0.0,0.016530925408005714,25700
25800,50000,170,61,-0.8469665833836487,0.2390023171901703,-102.35127971053811,82.83629368245602,0.2390023171901703,0.2163199931383133,0,0,0.0,0.016494225710630417,25800
25900,50000,170,161,-0.13050714286000648,0.14224080741405487,-179.98071864710266,88.52420637570322,0.14224080741405487,0.6486625671386719,0,0,0.0,0.016320738941431046,25900
26000,50000,171,21,-0.18774217440987287,0.1428980976343155,-2.678385702081125,2.383654236793518,0.1428980976343155,0.42389819025993347,0,0,0.0,0.016233032569289207,26000
26100,50000,171,121,-0.3199480834783464,0.1591566801071167,-38.290191585769705,26.401378523558378,0.1591566801071167,0.269191712141037,0,0,0.0,0.01620008423924446,26100
26200,50000,172,1,-0.33281978129138745,0.22876417636871338,-0.33281978129138745,0.22876417636871338,0.22876417636871338,0.3056701123714447,0,0,0.0,0.01610361970961094,26200
26300,50000,173,65,-0.24976042358484413,0.12473338097333908,-12.986558903714128,8.643510822206736,0.12473338097333908,0.3019166886806488,0,0,0.0,0.016205130144953728,26300
26400,50000,174,24,-0.32319444679534237,0.21434906125068665,-9.728334609005103,6.351234093308449,0.21434906125068665,0.23550312221050262,0,0,0.0,0.016219763085246086,26400
26500,50000,174,124,-0.21440229445079312,0.15477783977985382,-24.031388365475824,15.760423704981804,0.15477783977985382,0.42918360233306885,0,0,0.0,0.01626330241560936,26500
26600,50000,174,224,-0.44511397090388594,0.042903512716293335,-46.602149541984836,23.213806688785553,0.042903512716293335,0.5054871439933777,0,0,0.0,0.016313282772898674,26600
26700,50000,175,84,-0.3067992953292151,0.16199524700641632,-17.328209448928007,10.209866866469383,0.16199524700641632,0.26685279607772827,0,0,0.0,0.016283130273222923,26700
26800,50000,175,184,-0.2196553633513969,0.043200377374887466,-44.762711970897044,31.663642186671495,0.043200377374887466,0.4647611975669861,0,0,0.0,0.01635267585515976,26800
26900,50000,176,44,-0.4595337896306729,0.3221128284931183,-13.28033170133378,7.418594963848591,0.3221128284931183,0.23666782677173615,0,0,0.0,0.016257697716355324,26900
27000,50000,176,144,-0.3893533245309327,0.18771672248840332,-57.376403990994866,43.87314211577177,0.18771672248840332,0.44533610343933105,0,0,0.0,0.0162443146109581,27000
27100,50000,177,4,-0.5861868285537197,0.2632769048213959,-2.1845873145861088,0.9778141677379608,0.2632769048213959,0.2509310245513916,0,0,0.0,0.01638416014611721,27100
27200,50000,177,104,-0.3002349774985694,0.025767242535948753,-27.849440850414837,13.90690184570849,0.025767242535948753,0.579862117767334,0,0,0.0,0.016445549204945564,27200
27300,50000,177,204,-0.3513558367982344,0.2480161488056183,-51.667595659273935,29.288939494639635,0.2480161488056183,0.215676411986351,0,0,0.0,0.01649174839258194,27300
27400,50000,178,64,-0.3330021238624017,0.23078852891921997,-51.883625098096694,15.585928067564964,0.23078852891921997,0.2731626629829407,0,0,0.0,0.016371330246329308,27400
27500,50000,178,164,0.008875306460728746,0.018995115533471107,-60.79477402764652,23.23489156924188,0.018995115533471107,0.6976407170295715,0,0,0.0,0.016448453068733215,27500
27600,50000,179,24,-0.19522317732552802,0.2797185182571411,-1.295275374890311,3.6604272201657295,0.2797185182571411,0.2732970714569092,0,0,0.0,0.016379106789827347,27600
27700,50000,179,124,-0.3012610841533019,0.23947986960411072,-38.03087369937261,27.525580443441868,0.23947986960411072,0.27356213331222534,0,0,0.0,0.0163874514400959,27700
27800,50000,179,224,-0.27682730661713323,0.16997794806957245,-52.84510269399218,39.42041880078614,0.16997794806957245,0.44810575246810913,0,0,0.0,0.01636381447315216,27800
27900,50000,180,84,-0.11951126192926609,0.12227978557348251,-81.45573278849574,63.90343146212399,0.12227978557348251,0.5562738180160522,0,0,0.0,0.016185622662305832,27900
28000,50000,180,184,-0.903200180144765,0.7058080434799194,-121.58935603137932,84.06911454536021,0.7058080434799194,0.15433676540851593,0,0,0.0,0.016086043789982796,28000
28100,50000,181,44,-0.5771230695172842,0.28892165422439575,-32.96450641833944,10.37114330381155,0.28892165422439575,0.2335694581270218,0,0,0.0,0.016214774921536446,28100
28200,50000,181,144,-0.23923420781211915,0.05739837884902954,-56.620607076799864,18.23584070429206,0.05739837884902954,0.5211566090583801,0,0,0.0,0.016126396134495735,28200
28300,50000,182,4,-0.24136756259546538,0.20780707895755768,-1.2316366118056388,0.9239409863948822,0.20780707895755768,0.374720960855484,0,0,0.0,0.016123265027999878,28300
28400,50000,183,37,-0.1978541529257302,0.04154582694172859,-11.325489013380446,3.816048201173544,0.04154582694172859,0.4719998240470886,0,0,0.0,0.015887057408690453,28400
28500,50000,183,137,-0.03023749521139239,0.018262194469571114,-22.056791252150514,7.86042252369225,0.018262194469571114,0.7215378284454346,0,0,0.0,0.015866350382566452,28500
28600,50000,183,237,-0.15040197768723731,0.03758545219898224,-34.49525064975751,11.398806527256966,0.03758545219898224,0.6445765495300293,0,0,0.0,0.015882443636655807,28600
28700,50000,184,97,-0.7410437704817037,0.16033877432346344,-54.375497789651824,31.59662300348282,0.16033877432346344,0.39622703194618225,0,0,0.0,0.01587126962840557,28700
28800,50000,185,72,-0.30448286039099487,0.08498788625001907,-23.508744925141883,12.851399436593056,0.08498788625001907,0.3558448255062103,0,0,0.0,0.01574702374637127,28800
28900,50000,185,172,-0.2267739557713574,0.07890266925096512,-48.42094611231551,18.027302967384458,0.07890266925096512,0.6154919862747192,0,0,0.0,0.01569311134517193,28900
29000,50000,186,32,-0.31413107225831594,0.271066814661026,-5.341708294568242,3.9301651045680046,0.271066814661026,0.3058222830295563,0,0,0.0,0.015584573149681091,29000
29100,50000,187,25,-3.8424082956472696,3.8853189945220947,-20.90293505023273,19.109334975481033,0.8853189945220947,0.09424649924039841,0,0,0.0,0.015486263670027256,29100
29200,50000,187,125,-0.5540767262096951,0.2061542421579361,-76.95935441989064,67.1366864182055,0.2061542421579361,0.3516574501991272,0,0,0.0,0.015509549528360367,29200
29300,50000,187,225,-1.044246002027104,0.34712010622024536,-201.16949665858505,170.54371033981442,0.34712010622024536,0.1949397772550583,0,0,0.0,0.015386270359158516,29300
29400,50000,188,85,-0.19735492755806497,0.12125164270401001,-16.312977994671364,10.494630550965667,0.12125164270401001,0.5502138733863831,0,0,0.0,0.01527834590524435,29400
29500,50000,188,185,-0.3704602585866298,0.2690471112728119,-33.69862382632476,23.762979108840227,0.2690471112728119,0.3001389801502228,0,0,0.0,0.015131334774196148,29500
29600,50000,189,45,-0.46959145909741923,0.13128620386123657,-23.335699828673718,4.792207453399897,0.13128620386123657,0.30071359872817993,0,0,0.0,0.015048121102154255,29600
29700,50000,189,145,-0.7454325986000597,0.07341286540031433,-91.99369948032582,12.488541558384895,0.07341286540031433,0.5360507369041443,0,0,0.0,0.015037030912935734,29700
29800,50000,190,5,-0.03913001618803953,0.060574859380722046,-0.651022874431796,0.3188830800354481,0.060574859380722046,0.6400468945503235,0,0,0.0,0.015005222521722317,29800
29900,50000,191,40,-0.08978516274844991,0.17675425112247467,-20.119256915725373,4.944163970649242,0.17675425112247467,0.3704949915409088,0,0,0.0,0.014927014708518982,29900
30000,50000,192,23,-0.4064739002311879,0.21726259589195251,-5.838223646609274,3.9132453352212906,0.21726259589195251,0.2688237726688385,0,0,0.0,0.014868584461510181,30000
30100,50000,192,123,-0.4932795825771654,0.24463385343551636,-107.11215732710242,84.74274132028222,0.24463385343551636,0.3897949159145355,0,0,0.0,0.014896645210683346,30100
30200,50000,192,223,-1.9153521702950709,0.07192592322826385,-218.48456367589938,98.93350146152079,0.07192592322826385,0.7467038035392761,0,0,0.0,0.014938948675990105,30200
30300,50000,193,83,-0.09637755103762352,0.08782390505075455,-48.48248624342268,17.567730056121945,0.08782390505075455,0.770402193069458,0,0,0.0,0.014905938878655434,30300
30400,50000,193,183,-0.8203643464992287,0.18499787151813507,-93.26407700296691,57.51989823393524,0.18499787151813507,0.25151851773262024,0,0,0.0,0.014827280305325985,30400
30500,50000,194,43,-0.36345842258612293,0.25753146409988403,-10.684327260729532,8.044871985912323,0.25753146409988403,0.26016873121261597,0,0,0.0,0.014888698235154152,30500
30600,50000,194,143,-0.6779484296888689,0.20716606080532074,-53.92944531646436,32.43105234205723,0.20716606080532074,0.23470990359783173,0,0,0.0,0.0149301178753376,30600
30700,50000,195,3,-1.2366225784682148,0.34115463495254517,-4.307908002750654,1.1979872584342957,0.34115463495254517,0.17124487459659576,0,0,0.0,0.014923490583896637,30700
30800,50000,195,103,-0.14427196589852911,0.09538131207227707,-39.2807373780466,12.523651689291,0.09538131207227707,0.3392438292503357,0,0,0.0,0.014998682774603367,30800
30900,50000,195,203,-0.11619062522443557,0.056979212909936905,-56.40148423711003,18.23585573770106,0.056979212909936905,0.5074470639228821,0,0,0.0,0.014852811582386494,30900
31000,50000,196,63,-0.11023248416244343,0.023428741842508316,-16.691484886727277,9.709713300690055,0.023428741842508316,0.6090492606163025,0,0,0.0,0.014727216213941574,31000
31100,50000,196,163,-0.32539389101399724,0.20167990028858185,-55.22738751588057,34.76919618807733,0.20167990028858185,0.23818446695804596,0,0,0.0,0.014567365869879723,31100
31200,50000,197,23,-0.5188148493308069,0.5252258777618408,-8.658534966989313,7.244286984205246,0.5252258777618408,0.19621793925762177,0,0,0.0,0.014419636689126492,31200
31300,50000,197,123,0.047774288932819486,0.08002916723489761,-51.482726514830134,36.30976038612425,0.08002916723489761,0.58855140209198,0,0,0.0,0.014601477421820164,31300
31400,50000,197,223,-0.3920482559702328,0.08661819249391556,-79.55837582542921,56.215542847290635,0.08661819249391556,0.35308408737182617,0,0,0.0,0.014529225416481495,31400
31500,50000,198,83,-4.34534229173356,3.8042402267456055,-81.6985773538942,56.65892234444618,0.8042402267456055,0.11919126659631729,0,0,0.0,0.014510974287986755,31500
31600,50000,198,183,-0.20340595328186764,0.027584698051214218,-148.7827788089124,104.40654147416353,0.027584698051214218,0.5612475872039795,0,0,0.0,0.014416701160371304,31600
31700,50000,199,43,-3.721763012277267,3.800000011920929,-55.44855446655435,49.955992087721825,0.800000011920929,0.10311926901340485,0,0,0.0,0.01439974457025528,31700
31800,50000,200,36,-0.9127413799622122,0.6906110048294067,-16.201800577652048,11.268427014350891,0.6906110048294067,0.14774149656295776,0,0,0.0,0.014286582358181477,31800
31900,50000,200,136,-0.13324837709358506,0.06159355863928795,-53.225075110777624,40.84082180634141,0.06159355863928795,0.40461307764053345,0,0,0.0,0.01433953084051609,31900
32000,50000,201,11,-0.645076778475372,0.19896294176578522,-7.0671133983004735,2.492577224969864,0.19896294176578522,0.23994319140911102,0,0,0.0,0.014464695937931538,32000
32100,50000,201,111,-0.48896447686807454,0.38492223620414734,-37.68954069782299,15.895374085754156,0.38492223620414734,0.26009127497673035,0,0,0.0,0.014507335610687733,32100
32200,50000,202,77,-0.2346815168690094,0.19590641558170319,-39.293460547037284,20.084650047123432,0.19590641558170319,0.25403687357902527,0,0,0.0,0.014503289014101028,32200
32300,50000,202,177,-0.18670968510415042,0.0375010147690773,-63.54612333461835,28.81519804149866,0.0375010147690773,0.49178552627563477,0,0,0.0,0.014645085670053959,32300
32400,50000,203,37,-4.244610483682554,3.818476974964142,-31.85747694713967,25.740902930498123,0.8184769749641418,0.10728933662176132,0,0,0.0,0.01469033770263195,32400
32500,50000,203,137,-0.9835799804349157,0.5557565093040466,-104.20778758528452,73.95492129772902,0.5557565093040466,0.17645122110843658,0,0,0.0,0.014610552228987217,32500
32600,50000,203,237,-0.1219948255291567,0.029433052986860275,-186.9444736874274,131.5992882028222,0.029433052986860275,0.5448805093765259,0,0,0.0,0.01465595606714487,32600
32700,50000,204,97,-0.3442165151181167,0.05689399316906929,-62.182380985551134,30.894003838300705,0.05689399316906929,0.4173530340194702,0,0,0.0,0.014726127497851849,32700
32800,50000,204,197,-0.6782145025602848,0.5536761283874512,-91.73447077160623,46.06251561641693,0.5536761283874512,0.17299194633960724,0,0,0.0,0.014855382032692432,32800
32900,50000,206,50,-0.010651368279484652,0.21822287142276764,-6.065857110682112,6.273823626339436,0.21822287142276764,0.3624928891658783,0,0,0.0,0.014692334458231926,32900
33000,50000,207,90,-0.5666580111383267,0.5894048810005188,-37.37523448229558,30.644209004938602,0.5894048810005188,0.1415155678987503,0,0,0.0,0.014676391147077084,33000
33100,50000,208,58,-0.3682894384757834,0.1533755362033844,-8.41898469018427,7.392649106681347,0.1533755362033844,0.2868238389492035,0,0,0.0,0.01473588403314352,33100
33200,50000,208,158,-0.5271390115707675,0.18076731264591217,-55.392733173222084,30.697097703814507,0.18076731264591217,0.30908095836639404,0,0,0.0,0.014664589427411556,33200
33300,50000,209,18,-0.7154617134145999,0.4036039710044861,-6.361948301710005,6.341452211141586,0.4036039710044861,0.20164062082767487,0,0,0.0,0.014512642286717892,33300
33400,50000,209,118,-0.27217108378792887,0.19646863639354706,-49.91381397994741,37.89092233031988,0.19646863639354706,0.2415807992219925,0,0,0.0,0.014387157745659351,33400
33500,50000,209,218,-0.2840625759899603,0.07312574237585068,-81.9411265440073,48.074048448354006,0.07312574237585068,0.37810811400413513,0,0,0.0,0.014397788792848587,33500
33600,50000,210,78,-0.16751614851525262,0.2834029495716095,-25.724275890697573,17.070945896208286,0.2834029495716095,0.19462569057941437,0,0,0.0,0.014497295022010803,33600
33700,50000,211,87,-0.3787027063403775,0.11206881701946259,-32.48490219537809,22.158324293792248,0.11206881701946259,0.31662359833717346,0,0,0.0,0.014580680988729,33700
33800,50000,211,187,-0.5078865315221912,0.028587214648723602,-78.64279491254034,26.58063235320151,0.028587214648723602,0.5520946383476257,0,0,0.0,0.014634138904511929,33800
33900,50000,212,47,-4.122237357726054,3.800000011920929,-41.142276429257926,28.26303841173649,0.800000011920929,0.11104364693164825,0,0,0.0,0.01461761724203825,33900
34000,50000,212,147,-0.12648483912868413,0.04483700916171074,-127.37173605857386,66.54655711352825,0.04483700916171074,0.4580063819885254,0,0,0.0,0.01462514791637659,34000
34100,50000,214,9,-0.1836839618803811,0.20860539376735687,-1.7337044879066439,1.6296546310186386,0.20860539376735687,0.3729817569255829,0,0,0.0,0.01463286206126213,34100
34200,50000,215,7,-0.20260497920944154,0.13526886701583862,-2.616678875629177,1.3844627737998962,0.13526886701583862,0.2981797456741333,0,0,0.0,0.014773334376513958,34200
34300,50000,215,107,0.03832822089775248,0.11689897626638412,-24.553499961598682,21.847814943641424,0.11689897626638412,0.5924473404884338,0,0,0.0,0.01466369442641735,34300
34400,50000,215,207,-0.66690268167961,0.33714932203292847,-110.64157059315194,89.39178746566176,0.33714932203292847,0.17272736132144928,0,0,0.0,0.014657137915492058,34400
34500,50000,216,67,-0.050446321962349716,0.06667812913656235,-7.979422603052297,10.062047876417637,0.06667812913656235,0.3922005593776703,0,0,0.0,0.014758759178221226,34500
34600,50000,216,167,-0.3249236465387888,0.10607776790857315,-25.96265086752391,21.919002678245306,0.10607776790857315,0.32426318526268005,0,0,0.0,0.014710238203406334,34600
34700,50000,217,27,-0.5172455144665244,0.3316614627838135,-9.291630924685894,5.326109632849693,0.3316614627838135,0.27786895632743835,0,0,0.0,0.014654313214123249,34700
34800,50000,218,85,-0.503567235940059,0.33431532979011536,-38.569855133378844,21.29258032888174,0.33431532979011536,0.1745438128709793,0,0,0.0,0.014721844345331192,34800
34900,50000,218,185,-0.5804510737356424,0.24470047652721405,-84.02344621108436,47.65020599961281,0.24470047652721405,0.2133064717054367,0,0,0.0,0.014676586724817753,34900
35000,50000,219,45,-0.8663044646508036,0.4823189079761505,-20.509543173969952,11.284006580710411,0.4823189079761505,0.1657164841890335,0,0,0.0,0.014693076722323895,35000
35100,50000,219,145,-0.5493912804063513,0.2703414857387543,-74.54322944016519,38.651336535811424,0.2703414857387543,0.20061074197292328,0,0,0.0,0.014534651301801205,35100
35200,50000,220,5,-0.23043434316094255,0.09480904787778854,-1.3091461320375348,0.47213613241910934,0.09480904787778854,0.4903677999973297,0,0,0.0,0.014443419873714447,35200
35300,50000,220,105,-4.093656172123644,3.814676582813263,-78.0323456721385,65.00356059521437,0.8146765828132629,0.11253336071968079,0,0,0.0,0.014667953364551067,35300
35400,50000,220,205,-0.8792344527443413,0.5144330263137817,-271.20995780162013,245.4122135490179,0.5144330263137817,0.12012080103158951,0,0,0.0,0.0147813456133008,35400
35500,50000,221,65,-0.523715170738358,0.15639172494411469,-13.266016136255276,9.338370330631733,0.15639172494411469,0.2715146541595459,0,0,0.0,0.014784849248826504,35500
35600,50000,221,165,-0.6431466960890766,0.20268163084983826,-51.349520359198955,22.321307986974716,0.20268163084983826,0.24743406474590302,0,0,0.0,0.014529231935739517,35600
35700,50000,222,25,-0.29036049100325445,0.21616582572460175,-1.5849748520929645,3.5661321505904198,0.21616582572460175,0.3320365250110626,0,0,0.0,0.014607090502977371,35700
35800,50000,222,125,0.06439377780275093,0.11444903165102005,-118.22849709327704,103.21606189757586,0.11444903165102005,0.3137184679508209,0,0,0.0,0.014740473590791225,35800
35900,50000,222,225,-0.40207593859200363,0.278590589761734,-137.256553640748,115.47325527667999,0.278590589761734,0.4082251489162445,0,0,0.0,0.014820155687630177,35900
36000,50000,223,85,-0.5325173393956726,0.1700335144996643,-31.204772575203478,23.4605812728405,0.1700335144996643,0.2604665756225586,0,0,0.0,0.014871739782392979,36000
36100,50000,223,185,-0.03324681708471376,0.021261369809508324,-51.33032725885271,33.698985951021314,0.021261369809508324,0.6444070339202881,0,0,0.0,0.014734233729541302,36100
36200,50000,224,45,-0.8432720169969901,0.2872162461280823,-23.802894365930506,6.061276398599148,0.2872162461280823,0.27282392978668213,0,0,0.0,0.01485383789986372,36200
36300,50000,224,145,-0.49952397448536007,0.03975015506148338,-176.58654143154573,124.34139956533909,0.03975015506148338,0.48038384318351746,0,0,0.0,0.014960997737944126,36300
36400,50000,225,5,-0.1607155762887375,0.09296024590730667,-0.5471948011170733,0.6652308031916618,0.09296024590730667,0.47571370005607605,0,0,0.0,0.014963866211473942,36400
36500,50000,225,105,-0.15773161073647657,0.08598122745752335,-29.24341195988264,15.713711919263005,0.08598122745752335,0.5000917315483093,0,0,0.0,0.0148258525878191,36500
36600,50000,225,205,-0.12990280795799508,0.06366787105798721,-67.13645464510543,27.348189698532224,0.06366787105798721,0.4433734714984894,0,0,0.0,0.014944377355277538,36600
36700,50000,226,65,-0.15249915768073635,0.2145332545042038,-29.252467782157794,28.216764643788338,0.2145332545042038,0.23019684851169586,0,0,0.0,0.014938535168766975,36700
36800,50000,226,165,-0.3864613047516634,0.08938532322645187,-48.89194094264521,39.27762150205672,0.08938532322645187,0.7768855690956116,0,0,0.0,0.015004328452050686,36800
36900,50000,227,25,-0.05430983455277733,0.07249739021062851,-0.5473507606976997,1.753200240433216,0.07249739021062851,0.45153361558914185,0,0,0.0,0.015068039298057556,36900
37000,50000,227,125,-0.6907433447305993,0.24236680567264557,-42.32728822184134,19.202641487121582,0.24236680567264557,0.21922515332698822,0,0,0.0,0.015089177526533604,37000
37100,50000,227,225,-0.24078916727214061,0.32905417680740356,-85.96060114614689,49.33981437981129,0.32905417680740356,0.2213534563779831,0,0,0.0,0.01515777874737978,37100
37200,50000,228,85,-0.362645049023514,0.019245294854044914,-58.83774658482718,21.531199457123876,0.019245294854044914,0.6904634237289429,0,0,0.0,0.015187130309641361,37200
37300,50000,228,185,-0.17198113994836847,0.1612597107887268,-142.2822292666407,102.96155261434615,0.1612597107887268,0.3190099895000458,0,0,0.0,0.015246040187776089,37300
37400,50000,230,15,-0.15544990937422484,0.30780747532844543,-1.819595913887258,4.126731127500534,0.30780747532844543,0.2447880059480667,0,0,0.0,0.01528884842991829,37400
37500,50000,230,115,-0.18012681049969395,0.18505550920963287,-53.21004367410047,31.408593617379665,0.18505550920963287,0.2493729144334793,0,0,0.0,0.015331722795963287,37500
37600,50000,231,86,-0.2893567139444738,0.19445723295211792,-20.486249692000197,20.003342567011714,0.19445723295211792,0.4519653022289276,0,0,0.0,0.015386638231575489,37600
37700,50000,231,186,-0.8592441334479284,0.1766420602798462,-67.3380361987836,44.813366988673806,0.1766420602798462,0.25545942783355713,0,0,0.0,0.015344997867941856,37700
37800,50000,232,46,-0.1612536744738104,0.08157707750797272,-3.515078470206796,3.3071973584592342,0.08157707750797272,0.41006720066070557,0,0,0.0,0.015222787857055664,37800
37900,50000,232,146,-0.03398741742154018,0.020624686032533646,-18.213138044475293,10.359474098309875,0.020624686032533646,0.6571379899978638,0,0,0.0,0.015083709731698036,37900
38000,50000,233,6,-0.8844096461472876,0.37467655539512634,-6.195670640193134,1.7905016541481018,0.37467655539512634,0.31278157234191895,0,0,0.0,0.015050639398396015,38000
38100,50000,234,57,-0.16083164882900072,0.21940484642982483,-17.380456167396865,11.844974532723427,0.21940484642982483,0.24654172360897064,0,0,0.0,0.014843245968222618,38100
38200,50000,234,157,-0.5984681369702589,0.3493557870388031,-37.44845971693672,26.220433186739683,0.3493557870388031,0.245083287358284,0,0,0.0,0.014878479763865471,38200
38300,50000,235,17,-0.5456222459011344,0.12487657368183136,-7.947751068400416,2.8559940829873085,0.12487657368183136,0.3095460832118988,0,0,0.0,0.01484391838312149,38300
38400,50000,235,117,-0.34136081181494726,0.3463532626628876,-52.31814031858035,23.052176512777805,0.3463532626628876,0.1693476289510727,0,0,0.0,0.014835950918495655,38400
38500,50000,235,217,-0.18503392945423522,0.018707288429141045,-68.48354619151651,30.513149416074157,0.018707288429141045,0.7064668536186218,0,0,0.0,0.014833538793027401,38500
38600,50000,236,77,-0.5439164355109757,0.2671648859977722,-26.35756185916683,16.37045655399561,0.2671648859977722,0.2021126002073288,0,0,0.0,0.014788508415222168,38600
38700,50000,236,177,-0.5736075527649893,0.31429028511047363,-77.13661517923495,53.128133706748486,0.31429028511047363,0.23954640328884125,0,0,0.0,0.014944327995181084,38700
38800,50000,237,37,-0.2922981089836265,0.11535432189702988,-10.530015702166441,6.183215223252773,0.11535432189702988,0.31388381123542786,0,0,0.0,0.014985872432589531,38800
38900,50000,237,137,-0.16712368026810992,0.14687561988830566,-31.42681210180571,15.161624785512686,0.14687561988830566,0.320560485124588,0,0,0.0,0.01508191879838705,38900
39000,50000,239,13,-0.3308702523073691,0.24086575210094452,-7.765160643131993,5.066100373864174,0.24086575210094452,0.21532614529132843,0,0,0.0,0.015087824314832687,39000
39100,50000,239,113,-0.13418610907521528,0.058613743633031845,-23.295751020197173,16.983332028612494,0.058613743633031845,0.5346243381500244,0,0,0.0,0.015231406316161156,39100
39200,50000,239,213,-0.07049783589386255,0.07492382824420929,-30.144938331982317,22.184414610266685,0.07492382824420929,0.7220778465270996,0,0,0.0,0.015116507187485695,39200
39300,50000,240,73,-0.13231807974954243,0.019783470779657364,-23.636863821348754,20.65871187672019,0.019783470779657364,0.6763411164283752,0,0,0.0,0.015161776915192604,39300
39400,50000,240,173,-0.10386851060003036,0.18161585927009583,-61.7652162258308,38.38133009895682,0.18161585927009583,0.3249819278717041,0,0,0.0,0.015063182450830936,39400
39500,50000,241,54,-0.22695618643450075,0.12033189833164215,-17.986006272966584,5.201041631400585,0.12033189833164215,0.31229060888290405,0,0,0.0,0.014995180070400238,39500
39600,50000,241,154,-0.5216464755194643,0.05955490097403526,-49.86566634741713,19.894332552328706,0.05955490097403526,0.6672525405883789,0,0,0.0,0.014818409457802773,39600
39700,50000,242,14,-0.4668220811898894,0.3280930519104004,-5.50429270958951,3.494451478123665,0.3280930519104004,0.23003534972667694,0,0,0.0,0.014794468879699707,39700
39800,50000,242,114,-0.2570558375933525,0.1941535323858261,-36.83272532075551,25.90898439846933,0.1941535323858261,0.35168221592903137,0,0,0.0,0.014795138500630856,39800
39900,50000,243,68,-0.1305881498697535,0.09099800139665604,-20.612125256740896,16.27105576545,0.09099800139665604,0.34596729278564453,0,0,0.0,0.01491798460483551,39900
40000,50000,243,168,-0.2627516840931828,0.19427849352359772,-57.959837739991094,36.90611902624369,0.19427849352359772,0.24858586490154266,0,0,0.0,0.014976678416132927,40000
40100,50000,244,28,-0.7492946174584973,0.2602829039096832,-13.520037824832606,6.88697923719883,0.2602829039096832,0.20858515799045563,0,0,0.0,0.015055276453495026,40100
40200,50000,245,19,-0.19913779150142574,0.043501343578100204,-5.339150128995575,1.5615953393280506,0.043501343578100204,0.5256845951080322,0,0,0.0,0.015167482197284698,40200
40300,50000,245,119,-0.46256931675044355,0.36882495880126953,-35.232854654949456,19.485544212162495,0.36882495880126953,0.20104558765888214,0,0,0.0,0.015196584165096283,40300
40400,50000,246,19,-0.32381876566566037,0.24265480041503906,-5.23670463788965,4.110822424292564,0.24265480041503906,0.25368568301200867,0,0,0.0,0.015147454105317593,40400
40500,50000,246,119,-0.34049275809920165,0.26874881982803345,-48.464312774206206,28.2474145591259,0.26874881982803345,0.26560279726982117,0,0,0.0,0.015077842399477959,40500
40600,50000,246,219,-0.42752084016054254,0.018849661573767662,-82.37403194148544,45.40332506224513,0.018849661573767662,0.7020198702812195,0,0,0.0,0.015159542672336102,40600
40700,50000,247,79,-0.2850423096148615,0.16741414368152618,-31.598284728549622,24.726232640445232,0.16741414368152618,0.2625105082988739,0,0,0.0,0.015323881059885025,40700
40800,50000,247,179,-0.26515498604075477,0.30289745330810547,-77.56928640741864,55.42413866892457,0.30289745330810547,0.18621383607387543,0,0,0.0,0.015322931110858917,40800
40900,50000,248,48,-0.3773150395391178,0.25762611627578735,-17.54361194584102,13.871808513998985,0.25762611627578735,0.20673878490924835,0,0,0.0,0.015300319530069828,40900
41000,50000,248,148,-0.22694353689230135,0.0665220096707344,-30.180995104903833,23.053358318284154,0.0665220096707344,0.44075167179107666,0,0,0.0,0.015482143498957157,41000
41100,50000,249,8,-0.16900062758276094,0.2244778275489807,-1.08871852929716,1.3047104328870773,0.2244778275489807,0.3419646620750427,0,0,0.0,0.01562628149986267,41100
41200,50000,249,108,-0.12974327421414394,0.09010620415210724,-69.25912472983254,30.070881314575672,0.09010620415210724,0.40357285737991333,0,0,0.0,0.015639454126358032,41200
41300,50000,249,208,-0.5047041770091967,0.11780314147472382,-112.81772121088474,45.3391848243773,0.11780314147472382,0.30974051356315613,0,0,0.0,0.01550639234483242,41300
41400,50000,252,21,-0.21476642624402262,0.22640392184257507,-3.395744415199353,3.0097042992711067,0.22640392184257507,0.3402649760246277,0,0,0.0,0.01545071229338646,41400
41500,50000,253,13,-0.5092518063156997,0.30509263277053833,-5.791007114499151,3.169699653983116,0.30509263277053833,0.3022991120815277,0,0,0.0,0.015486633405089378,41500
41600,50000,253,113,-0.3262736051930926,0.41008269786834717,-57.785670149205856,29.430212192237377,0.41008269786834717,0.21088330447673798,0,0,0.0,0.015513492748141289,41600
41700,50000,253,213,-0.4927793602596495,0.5390944480895996,-80.52690598583581,47.53410283662379,0.5390944480895996,0.18355576694011688,0,0,0.0,0.015377623029053211,41700
41800,50000,254,73,-0.2857127109901672,0.21377882361412048,-31.130672831716854,10.18313068151474,0.21377882361412048,0.2396269589662552,0,0,0.0,0.015323142521083355,41800
41900,50000,254,173,-0.3525545328557439,0.23789213597774506,-58.787404121552655,28.257496364414692,0.23789213597774506,0.22978301346302032,0,0,0.0,0.015262894332408905,41900
42000,50000,255,33,-0.5349594728568539,0.30709168314933777,-18.619596205940866,10.717144697904587,0.30709168314933777,0.2147900015115738,0,0,0.0,0.015307457186281681,42000
42100,50000,255,133,-0.7699309643528366,0.1434289962053299,-89.04346969065409,27.997903373092413,0.1434289962053299,0.283048152923584,0,0,0.0,0.015115476213395596,42100
42200,50000,255,233,-0.492436457164962,0.15055954456329346,-131.05912964155993,40.251549595966935,0.15055954456329346,0.2783569097518921,0,0,0.0,0.015232626348733902,42200
42300,50000,257,4,-0.21418868720979645,0.25209593772888184,-0.9640287780120446,0.9518781006336212,0.25209593772888184,0.500937283039093,0,0,0.0,0.015148631297051907,42300
42400,50000,257,104,-0.7841874828780931,0.22664152085781097,-108.17151386413006,75.27620758116245,0.22664152085781097,0.3047676384449005,0,0,0.0,0.015065782703459263,42400
42500,50000,257,204,-1.0894998314397526,0.15977507829666138,-197.07786427901956,87.6425334662199,0.15977507829666138,0.4967030882835388,0,0,0.0,0.014928345568478107,42500
42600,50000,258,64,-0.0970240145392707,0.026732709258794785,-23.239515558915116,15.837484126910567,0.026732709258794785,0.5696157217025757,0,0,0.0,0.01494973711669445,42600
42700,50000,259,24,-0.022018089960370732,0.13893631100654602,-2.4980970699548912,3.7575033083558083,0.13893631100654602,0.33339935541152954,0,0,0.0,0.01485167071223259,42700
42800,50000,259,124,-0.8803482489460129,0.11086416244506836,-44.289171220207464,27.75073853135109,0.11086416244506836,0.31812116503715515,0,0,0.0,0.014826877973973751,42800
42900,50000,260,6,-0.043334783810137195,0.16185206174850464,-1.8907545432599875,1.1564141809940338,0.16185206174850464,0.2669696807861328,0,0,0.0,0.014858712442219257,42900
43000,50000,261,69,-0.36721385721356065,0.1307900995016098,-13.537351626078,6.925257835537195,0.1307900995016098,0.3063136041164398,0,0,0.0,0.014790017157793045,43000
43100,50000,261,169,-0.2491926346230543,0.0683005154132843,-54.881076634862076,32.40692479535937,0.0683005154132843,0.38849571347236633,0,0,0.0,0.014729021117091179,43100
43200,50000,262,29,-0.6562203116488394,0.16133908927440643,-17.738734428616908,6.310310259461403,0.16133908927440643,0.2790006101131439,0,0,0.0,0.014686751179397106,43200
43300,50000,262,129,-0.456708514298937,0.2219926118850708,-139.15628441283306,93.38608038425446,0.2219926118850708,0.2257939726114273,0,0,0.0,0.014597627334296703,43300
43400,50000,262,229,-0.569531213285245,0.17015612125396729,-200.08551490104466,111.97279109619558,0.17015612125396729,0.5420360565185547,0,0,0.0,0.014401729218661785,43400
43500,50000,263,89,-0.17967694259339878,0.21099919080734253,-31.52475282208863,23.879580872133374,0.21099919080734253,0.41784271597862244,0,0,0.0,0.014185660518705845,43500
43600,50000,263,189,-0.3614687007673513,0.26019102334976196,-123.95721747872365,108.97379174269736,0.26019102334976196,0.20735406875610352,0,0,0.0,0.014164820313453674,43600
43700,50000,264,49,-0.7374466736628573,0.24147412180900574,-42.43683289401687,13.667669668793678,0.24147412180900574,0.21500344574451447,0,0,0.0,0.014043569564819336,43700
43800,50000,264,149,-0.8440387902838031,0.024722540751099586,-103.56272337673029,18.314310057088733,0.024722540751099586,0.8584424257278442,0,0,0.0,0.01413481030613184,43800
43900,50000,265,9,-0.031443035067764594,0.049629125744104385,-2.0628482909844847,0.4531581811606884,0.049629125744104385,0.5001815557479858,0,0,0.0,0.014161626808345318,43900
44000,50000,265,109,-0.47311952260925494,0.4608727693557739,-18.589888179492,12.14680228754878,0.4608727693557739,0.22254697978496552,0,0,0.0,0.014132949523627758,44000
44100,50000,265,209,-0.5465988806944804,0.15818753838539124,-98.15461196233224,33.60928554087877,0.15818753838539124,0.5016418099403381,0,0,0.0,0.014149889349937439,44100
44200,50000,266,69,-0.2704725724704693,0.1978471577167511,-8.232275880035411,9.845004308968782,0.1978471577167511,0.2406729906797409,0,0,0.0,0.014087963849306107,44200
44300,50000,267,69,-0.20065716441352338,0.3460129499435425,-35.55317396124806,28.794300317764282,0.3460129499435425,0.1694709211587906,0,0,0.0,0.014052117243409157,44300
44400,50000,267,169,-0.5037669430868164,0.12492620944976807,-57.32234155518857,39.16787247732282,0.12492620944976807,0.5055841207504272,0,0,0.0,0.013989092782139778,44400
44500,50000,268,29,-0.34062370086794913,0.25184524059295654,-11.195471945790556,8.998809307813644,0.25184524059295654,0.2096317857503891,0,0,0.0,0.013941879384219646,44500
44600,50000,268,129,-0.09568927856656956,0.10090719163417816,-28.46221545375981,21.252688886597753,0.10090719163417816,0.3809233009815216,0,0,0.0,0.0139923682436347,44600
44700,50000,268,229,-0.4546549933534736,0.22496454417705536,-48.390829063140515,36.145070815458894,0.22496454417705536,0.2240838259458542,0,0,0.0,0.013984518125653267,44700
44800,50000,269,89,-0.6494913801142504,0.472173273563385,-51.62722312692553,31.899620220065117,0.472173273563385,0.1456463485956192,0,0,0.0,0.0139419324696064,44800
44900,50000,269,189,-0.670729179917328,0.33283695578575134,-91.62725864117793,59.07291904464364,0.33283695578575134,0.23044945299625397,0,0,0.0,0.013932348228991032,44900
45000,50000,270,49,-0.22465754531980564,0.1746925413608551,-16.303271821665383,9.867543458938599,0.1746925413608551,0.2666643559932709,0,0,0.0,0.013861979357898235,45000
45100,50000,271,8,-0.27681992461094795,0.10429256409406662,-0.7814530071973936,0.9788064882159233,0.10429256409406662,0.4031252861022949,0,0,0.0,0.013663146644830704,45100
45200,50000,271,108,-0.08538009690474242,0.16365216672420502,-29.036181507912232,9.611184541136026,0.16365216672420502,0.7546228170394897,0,0,0.0,0.013735760934650898,45200
45300,50000,271,208,-0.20781873758421704,0.09368379414081573,-51.677309467415704,28.574261981993914,0.09368379414081573,0.48877209424972534,0,0,0.0,0.01386088877916336,45300
45400,50000,272,68,-0.2343581625053811,0.06878529489040375,-59.54446935837413,54.542159266769886,0.06878529489040375,0.3874105215072632,0,0,0.0,0.013952313922345638,45400
45500,50000,272,168,0.029447961460348032,0.13059361279010773,-93.75048370997978,70.85372091829777,0.13059361279010773,0.29567697644233704,0,0,0.0,0.014050650410354137,45500
45600,50000,273,28,-1.117571085049708,0.5118935704231262,-60.529606167994,50.525202199816704,0.5118935704231262,0.12073243409395218,0,0,0.0,0.01406641025096178,45600
45700,50000,273,128,-0.4873208993239201,0.10445155203342438,-134.34070214432637,62.36873838491738,0.10445155203342438,0.45995914936065674,0,0,0.0,0.014097372069954872,45700
45800,50000,273,228,-1.066406690041323,0.29750439524650574,-244.64566150259455,77.06740767881274,0.29750439524650574,0.1963544636964798,0,0,0.0,0.014219311997294426,45800
45900,50000,275,36,-3.913458799836429,3.826418161392212,-36.860662812149485,33.56695432960987,0.8264181613922119,0.09640391916036606,0,0,0.0,0.01424181368201971,45900
46000,50000,276,89,-0.3067309492539178,0.10867977142333984,-23.10986386106468,14.207474617287517,0.10867977142333984,0.7087544798851013,0,0,0.0,0.014174058102071285,46000
46100,50000,276,189,-1.2807599730694212,0.3841535747051239,-95.43984856903378,35.84889873676002,0.3841535747051239,0.31077128648757935,0,0,0.0,0.014177937991917133,46100
46200,50000,277,49,-0.42707741453151876,0.24904480576515198,-27.55719722725831,12.677781902253628,0.24904480576515198,0.21105872094631195,0,0,0.0,0.014222959987819195,46200
46300,50000,277,149,-0.6218866475764065,0.10640221834182739,-71.71261926597597,21.387916246429086,0.10640221834182739,0.3635479807853699,0,0,0.0,0.014197408221662045,46300
46400,50000,278,9,0.08002773313683226,0.19322778284549713,-0.539303779754414,2.4329213201999664,0.19322778284549713,0.24374248087406158,0,0,0.0,0.014106550253927708,46400
46500,50000,279,94,-0.2587561683101183,0.11428297311067581,-15.593099154011506,12.65809067338705,0.11428297311067581,0.3139188885688782,0,0,0.0,0.014109019190073013,46500
46600,50000,279,194,-0.26768437456135874,0.07528737932443619,-47.30734193694047,18.20523190870881,0.07528737932443619,0.6736046671867371,0,0,0.0,0.014099402353167534,46600
46700,50000,281,12,0.010181845919588484,0.1867988258600235,-1.924005958345849,2.495195358991623,0.1867988258600235,0.2510872781276703,0,0,0.0,0.013983124867081642,46700
46800,50000,281,112,-0.12291811679848182,0.03185337781906128,-33.59040096774641,22.206000585108995,0.03185337781906128,0.5263528823852539,0,0,0.0,0.013945615850389004,46800
46900,50000,281,212,-1.1209811406712151,0.35271570086479187,-86.30989034165857,50.5650812741369,0.35271570086479187,0.16706575453281403,0,0,0.0,0.013887523673474789,46900
47000,50000,284,31,-0.23321358695931838,0.08843351900577545,-4.929133496874155,6.52178218960762,0.08843351900577545,0.35008296370506287,0,0,0.0,0.013833507895469666,47000
47100,50000,285,83,-0.3804799782031458,0.23734241724014282,-112.72590908969491,95.53240248560905,0.23734241724014282,0.2172122746706009,0,0,0.0,0.013952073641121387,47100
47200,50000,287,53,-0.4936744647496789,0.3912433385848999,-22.332005604305255,18.08503657579422,0.3912433385848999,0.1825687140226364,0,0,0.0,0.013886651024222374,47200
47300,50000,287,153,-0.03347105632919416,0.03417735546827316,-60.53340840703294,37.771023359149694,0.03417735546827316,0.5109062790870667,0,0,0.0,0.01391415111720562,47300
47400,50000,288,13,-0.20143276343134547,0.1875196397304535,-2.4511364291151874,2.5329755693674088,0.1875196397304535,0.3835773766040802,0,0,0.0,0.01391470804810524,47400
47500,50000,288,113,-0.2072996371451507,0.16145414113998413,-19.7508833503517,18.61606658063829,0.16145414113998413,0.28021857142448425,0,0,0.0,0.01392815075814724,47500
47600,50000,289,93,-0.14561989817986054,0.11761385947465897,-19.127557880523593,7.729509562253952,0.11761385947465897,0.6842073798179626,0,0,0.0,0.013953257352113724,47600
47700,50000,289,193,-0.16522592103167427,0.25321999192237854,-39.83650012522672,21.976203175261617,0.25321999192237854,0.20893745124340057,0,0,0.0,0.014015432447195053,47700
47800,50000,290,53,-0.24928642230389705,0.06342735886573792,-16.982408517196674,11.04645074158907,0.06342735886573792,0.39998698234558105,0,0,0.0,0.014006633311510086,47800
47900,50000,290,153,-0.2747033471246305,0.5626080632209778,-116.03012210305381,87.01609602943063,0.5626080632209778,0.15445993840694427,0,0,0.0,0.013935551978647709,47900
48000,50000,292,41,-0.15186468726006552,0.18833060562610626,-5.383282163528313,7.527236044406891,0.18833060562610626,0.24708466231822968,0,0,0.0,0.013726836070418358,48000
48100,50000,292,141,-0.043431563480990004,0.11364910006523132,-27.269776738012606,21.03560240007937,0.11364910006523132,0.5025039315223694,0,0,0.0,0.013585026375949383,48100
48200,50000,293,82,-0.20417777442459686,0.21744626760482788,-11.897130894341743,10.974805358797312,0.21744626760482788,0.2342175394296646,0,0,0.0,0.013560782186686993,48200
48300,50000,294,1,20.012517958241286,0.09469981491565704,20.012517958241286,0.09469981491565704,0.09469981491565704,0.49376821517944336,1,0,0.0,0.013608119450509548,48300
48400,50000,295,100,-0.18947138975806524,0.10197114199399948,-35.64505370317452,14.084539882838726,0.10197114199399948,0.3297956883907318,0,0,0.0,0.01379699818789959,48400
48500,50000,296,47,-0.4451032730828047,0.1697392612695694,-11.210294129706863,6.568848744034767,0.1697392612695694,0.29770582914352417,0,0,0.0,0.013828521594405174,48500
48600,50000,296,147,-0.26455529672029454,0.032907333225011826,-44.47712581445829,17.60480766929686,0.032907333225011826,0.5191004276275635,0,0,0.0,0.01389977429062128,48600
48700,50000,297,7,-0.17716712737508836,0.25000056624412537,-1.088703686634822,1.6892556101083755,0.25000056624412537,0.3441201448440552,0,0,0.0,0.013870252296328545,48700
48800,50000,298,11,-0.18680065580131844,0.2849253714084625,-1.140698060217232,2.5251446664333344,0.2849253714084625,0.34367796778678894,0,0,0.0,0.013820300810039043,48800
48900,50000,298,111,-0.37266592776360113,0.17524011433124542,-31.27586744570253,22.817737409844995,0.17524011433124542,0.4929240345954895,0,0,0.0,0.013850536197423935,48900
49000,50000,299,70,-0.24916825775572804,0.1190878301858902,-11.934170855735305,9.400927640497684,0.1190878301858902,0.33166787028312683,0,0,0.0,0.01374988816678524,49000
49100,50000,299,170,-0.1680898067235148,0.09579043090343475,-29.558254790036706,18.441113747656345,0.09579043090343475,0.3420514762401581,0,0,0.0,0.013706018216907978,49100
49200,50000,301,1,-0.8003829722329874,0.24707838892936707,-0.8003829722329874,0.24707838892936707,0.24707838892936707,0.48154470324516296,0,0,0.0,0.013821342960000038,49200
49300,50000,302,28,-0.7802734924791048,0.22937369346618652,-20.753463308136645,5.70368467271328,0.22937369346618652,0.27210739254951477,0,0,0.0,0.01382084097713232,49300
49400,50000,302,128,0.09427946942346796,0.05449427291750908,-49.98734561360808,15.91718028113246,0.05449427291750908,0.6805403232574463,0,0,0.0,0.01382723543792963,49400
49500,50000,303,97,-0.35704608674683147,0.07512203603982925,-74.05379812105384,63.796934902668,0.07512203603982925,0.37406036257743835,0,0,0.0,0.013844963163137436,49500
49600,50000,303,197,-0.04398442570188012,0.018973059952259064,-91.947775294491,67.61206345818937,0.018973059952259064,0.6982945799827576,0,0,0.0,0.013971060514450073,49600
49700,50000,304,57,-0.36917329268367693,0.23246322572231293,-17.518072112849726,16.898168832063675,0.23246322572231293,0.21987415850162506,0,0,0.0,0.013965706340968609,49700
49800,50000,304,157,-0.5787748640589987,0.29052674770355225,-53.247824746021266,37.3099951967597,0.29052674770355225,0.24684761464595795,0,0,0.0,0.013648638501763344,49800
49900,50000,305,17,-0.2213103116850813,0.15069706737995148,-1.6361691697808092,1.5907345861196518,0.15069706737995148,0.4017038941383362,0,0,0.0,0.013535465113818645,49900
50000,50000,305,117,-0.33844748323630935,0.1400439739227295,-39.9690700792593,31.679091036319733,0.1400439739227295,0.28625181317329407,0,0,0.0,0.013492457568645477,50000
