step,total_steps,episode,reset_seed,reset_source,reset_jitter_seed,episode_length,latest_reward,latest_cost,episode_reward,episode_cost,risk_global,d_min,success,collision,collision_any,collision_capsule_overlap,collision_pybullet_contact,termination_collision,safety_filter_status,safety_filter_intervention_norm,safety_filter_safe_stop,safety_filter_max_constraint_violation,predictive_h_min_m,predictive_max_link_speed_bound_mps,predictive_link_velocity_norms_mps,safety_filter_solve_time_s,residual_control_enabled,residual_control_mode,residual_control_base_qdot_norm,residual_qdot_norm,lambda,alpha,loss_actor,loss_actor_anchor,loss_reward_q,loss_cost_q,replay_size
440500,540000,2983,,default,,10,0.16244722228309794,0.1329864263534546,1.4171141047342664,0.6083820387721062,0.1329864263534546,0.5474218726158142,0,0,0,0,0,0,not_enabled,nan,False,nan,nan,nan,,nan,False,disabled,0.0,0.0,0.0,0.00885181874036789,nan,nan,nan,nan,500
441000,540000,2994,,default,,5,0.23511867168107803,0.03345431014895439,0.23681445644000118,0.21827856078743935,0.03345431014895439,0.5155025720596313,0,0,0,0,0,0,not_enabled,nan,False,nan,nan,nan,,nan,False,disabled,0.0,0.0,0.0,0.00885181874036789,nan,nan,nan,nan,1000
441500,540000,3009,,default,,15,-0.09827690562037322,0.12413717806339264,0.8612675187744543,2.209854207932949,0.12413717806339264,0.30257007479667664,0,0,0,0,0,0,not_enabled,nan,False,nan,nan,nan,,nan,False,disabled,0.0,0.0,0.0,0.00885181874036789,nan,nan,nan,nan,1500
442000,540000,3019,,default,,102,-0.2562844372710654,0.1902363896369934,-28.542116939739994,26.13582406193018,0.1902363896369934,0.24577292799949646,0,0,0,0,0,0,not_enabled,nan,False,nan,nan,nan,,nan,False,disabled,0.0,0.0,0.0,0.00885181874036789,nan,nan,nan,nan,2000
442500,540000,3029,,default,,17,0.02682554256503364,0.04633284732699394,2.7731034643156756,0.6704145632684231,0.04633284732699394,0.5097116827964783,0,0,0,0,0,0,not_enabled,nan,False,nan,nan,nan,,nan,False,disabled,0.0,0.0,0.0,0.00885181874036789,nan,nan,nan,nan,2500
443000,540000,3037,,default,,152,0.01528532679051231,0.06783779710531235,-17.079286366669578,14.428590945899487,0.06783779710531235,0.38954076170921326,0,0,0,0,0,0,not_enabled,nan,False,nan,nan,nan,,nan,False,disabled,0.0,0.0,0.0,0.00885181874036789,nan,nan,nan,nan,3000
443500,540000,3044,,default,,224,-0.34647619897933624,0.3241425156593323,-86.82862338833966,81.80594911426306,0.3241425156593323,0.17902904748916626,0,0,0,0,0,0,not_enabled,nan,False,nan,nan,nan,,nan,False,disabled,0.0,0.0,0.0,0.00885181874036789,nan,nan,nan,nan,3500
444000,540000,3063,,default,,44,-0.48778455001160137,0.26241981983184814,-10.47303515145052,13.555301114916801,0.26241981983184814,0.20439161360263824,0,0,0,0,0,0,not_enabled,nan,False,nan,nan,nan,,nan,False,disabled,0.0,0.0,0.0,0.00885181874036789,nan,nan,nan,nan,4000
444500,540000,3070,,default,,219,-0.1696049205493779,0.07193293422460556,-22.457839205437683,17.181789860129356,0.07193293422460556,0.38059353828430176,0,0,0,0,0,0,not_enabled,nan,False,nan,nan,nan,,nan,False,disabled,0.0,0.0,0.0,0.00885181874036789,nan,nan,nan,nan,4500
445000,540000,3084,,default,,4,0.3898024120738366,0.06268967688083649,1.0128164909186523,0.2886083126068115,0.06268967688083649,0.40182653069496155,0,0,0,0,0,0,not_enabled,nan,False,nan,nan,nan,,nan,False,disabled,0.0,0.0,0.0,0.00885181874036789,nan,nan,nan,nan,5000
445500,540000,3104,,default,,30,-0.3623854306887562,0.33929985761642456,-6.323435076194059,9.390547819435596,0.33929985761642456,0.19761712849140167,0,0,0,0,0,0,not_enabled,nan,False,nan,nan,nan,,nan,False,disabled,0.0,0.0,0.0,0.00885181874036789,nan,nan,nan,nan,5500
446000,540000,3112,,default,,128,-0.432088137300047,0.31277894973754883,-49.379050594148545,47.779626823961735,0.31277894973754883,0.18216505646705627,0,0,0,0,0,0,not_enabled,nan,False,nan,nan,nan,,nan,False,disabled,0.0,0.0,0.0,0.00885181874036789,nan,nan,nan,nan,6000
446500,540000,3123,,default,,7,0.20188409611401753,0.12246961146593094,1.7082197307882336,0.9770758673548698,0.12246961146593094,0.304416686296463,0,0,0,0,0,0,not_enabled,nan,False,nan,nan,nan,,nan,False,disabled,0.0,0.0,0.0,0.00885181874036789,nan,nan,nan,nan,6500
447000,540000,3127,,default,,227,-0.1862133177573459,0.174663245677948,-48.919975529817194,46.175432205200195,0.174663245677948,0.26720622181892395,0,0,0,0,0,0,not_enabled,nan,False,nan,nan,nan,,nan,False,disabled,0.0,0.0,0.0,0.00885181874036789,nan,nan,nan,nan,7000
447500,540000,3141,,default,,58,-0.0055763669870913385,0.04581344127655029,1.4735165128383647,2.707844067364931,0.04581344127655029,0.45875948667526245,0,0,0,0,0,0,not_enabled,nan,False,nan,nan,nan,,nan,False,disabled,0.0,0.0,0.0,0.00885181874036789,nan,nan,nan,nan,7500
448000,540000,3147,,default,,1,-0.09107129958747578,0.061361830681562424,-0.09107129958747578,0.061361830681562424,0.061361830681562424,0.40521055459976196,0,0,0,0,0,0,not_enabled,nan,False,nan,nan,nan,,nan,False,disabled,0.0,0.0,0.0,0.00885181874036789,nan,nan,nan,nan,8000
448500,540000,3160,,default,,101,-0.37094063022547974,0.3082053065299988,-26.304438482727633,29.16381823271513,0.3082053065299988,0.20736348628997803,0,0,0,0,0,0,not_enabled,nan,False,nan,nan,nan,,nan,False,disabled,0.0,0.0,0.0,0.00885181874036789,nan,nan,nan,nan,8500
449000,540000,3166,,default,,53,-0.3607817303980636,0.2884955108165741,-17.805522029266292,16.03803549706936,0.2884955108165741,0.21627050638198853,0,0,0,0,0,0,not_enabled,nan,False,nan,nan,nan,,nan,False,disabled,0.0,0.0,0.0,0.00885181874036789,nan,nan,nan,nan,9000
449500,540000,3174,,default,,2,0.24915423088339478,0.02842838503420353,0.261659651593103,0.058096203953027725,0.02842838503420353,0.5534989833831787,0,0,0,0,0,0,not_enabled,nan,False,nan,nan,nan,,nan,False,disabled,0.0,0.0,0.0,0.00885181874036789,nan,nan,nan,nan,9500
450000,540000,3190,,default,,55,-0.2741098621881756,0.2735592722892761,-15.837451558611447,18.090654402971268,0.2735592722892761,0.1991083323955536,0,0,0,0,0,0,not_enabled,nan,False,nan,nan,nan,,nan,False,disabled,0.0,0.0,0.0,0.00885181874036789,nan,nan,nan,nan,10000
450500,540000,3199,,default,,147,-0.25867811312089917,0.18741433322429657,-45.508762217812034,37.58890798687935,0.18741433322429657,0.24904567003250122,0,0,0,0,0,0,not_enabled,nan,False,nan,nan,nan,,nan,False,disabled,0.0,0.0,0.0,0.00885181874036789,nan,nan,0.4278987944126129,113.72818756103516,10500
451000,540000,3221,,default,,32,-0.42155359520352653,0.2243247926235199,-14.393977217305324,10.052570395171642,0.2243247926235199,0.22444991767406464,0,0,0,0,0,0,not_enabled,nan,False,nan,nan,nan,,nan,False,disabled,0.0,0.0,0.0,0.00885181874036789,nan,nan,0.4271291196346283,90.91265869140625,11000
451500,540000,3227,,default,,4,-0.13316243324070293,0.36164161562919617,-0.7713933734207234,1.0379358977079391,0.36164161562919617,0.2827625572681427,0,0,0,0,0,0,not_enabled,nan,False,nan,nan,nan,,nan,False,disabled,0.0,0.0,0.0,0.00885181874036789,nan,nan,0.6217185258865356,60.31060791015625,11500
452000,540000,3234,,default,,167,-0.14712093726989856,0.030388059094548225,-10.329851893621257,4.967867378145456,0.030388059094548225,0.5968363285064697,0,0,0,0,0,0,not_enabled,nan,False,nan,nan,nan,,nan,False,disabled,0.0,0.0,0.0,0.00885181874036789,nan,nan,0.5400754809379578,72.34989166259766,12000
452500,540000,3245,,default,,63,-0.07927558459830955,0.06193936616182327,-3.7611848074687924,4.652800861746073,0.06193936616182327,0.4037269651889801,0,0,0,0,0,0,not_enabled,nan,False,nan,nan,nan,,nan,False,disabled,0.0,0.0,0.0,0.00885181874036789,nan,nan,0.410450279712677,59.18906784057617,12500
453000,540000,3253,,default,,108,-0.02700977026674041,0.029359256848692894,-2.3644452857789116,3.8015884030610323,0.029359256848692894,0.5801094174385071,0,0,0,0,0,0,not_enabled,nan,False,nan,nan,nan,,nan,False,disabled,0.0,0.0,0.0,0.00885181874036789,nan,nan,1.4866451025009155,104.56205749511719,13000
453500,540000,3260,,default,,40,-0.3613625571251107,0.11941567808389664,-7.481429137721552,8.394595377147198,0.11941567808389664,0.30787399411201477,0,0,0,0,0,0,not_enabled,nan,False,nan,nan,nan,,nan,False,disabled,0.0,0.0,0.0,0.00885181874036789,nan,nan,0.5338929295539856,61.69194793701172,13500
454000,540000,3265,,default,,6,0.6550742884189364,0.03678004816174507,1.4676530506507333,0.3099040277302265,0.03678004816174507,0.4956822097301483,0,0,0,0,0,0,not_enabled,nan,False,nan,nan,nan,,nan,False,disabled,0.0,0.0,0.0,0.00885181874036789,nan,nan,0.5229426622390747,41.30298614501953,14000
454500,540000,3274,,default,,155,-0.3123462345714165,0.14514729380607605,-38.74916036271177,38.599645525217056,0.14514729380607605,0.28145405650138855,0,0,0,0,0,0,not_enabled,nan,False,nan,nan,nan,,nan,False,disabled,0.0,0.0,0.0,0.00885181874036789,nan,nan,0.5849105715751648,55.822410583496094,14500
455000,540000,3284,,default,,53,-0.2561054749624221,0.053626660257577896,0.3874053664240322,2.4083676151931286,0.053626660257577896,0.5758693814277649,0,0,0,0,0,0,not_enabled,nan,False,nan,nan,nan,,nan,False,disabled,0.0,0.0,0.0,0.00885181874036789,nan,nan,0.7656341791152954,69.90877532958984,15000
455500,540000,3289,,default,,38,-0.06881104847631705,0.02276477962732315,2.8491312719154993,2.0917011741548777,0.02276477962732315,0.6188180446624756,0,0,0,0,0,0,not_enabled,nan,False,nan,nan,nan,,nan,False,disabled,0.0,0.0,0.0,0.00885181874036789,nan,nan,0.4811811149120331,59.00412368774414,15500
456000,540000,3294,,default,,19,0.4562319350643131,0.021455885842442513,0.6424263615474137,2.0685296151787043,0.021455885842442513,0.6407724022865295,0,0,0,0,0,0,not_enabled,nan,False,nan,nan,nan,,nan,False,disabled,0.0,0.0,0.0,0.00885181874036789,nan,nan,0.5818846821784973,57.34596252441406,16000
456500,540000,3310,,default,,137,0.11475961728158579,0.027595259249210358,-3.8984014539353447,4.546847887337208,0.027595259249210358,0.5611474514007568,0,0,0,0,0,0,not_enabled,nan,False,nan,nan,nan,,nan,False,disabled,0.0,0.0,0.0,0.00885181874036789,nan,nan,1.6638457775115967,106.22418212890625,16500
457000,540000,3312,,default,,157,-0.15640203224268845,0.14161594212055206,-35.978256731412664,31.054469037801027,0.14161594212055206,0.289389967918396,0,0,0,0,0,0,not_enabled,nan,False,nan,nan,nan,,nan,False,disabled,0.0,0.0,0.0,0.00885181874036789,nan,nan,0.468433678150177,49.57935333251953,17000
457500,540000,3321,,default,,91,-0.0866215531060589,0.17270539700984955,-20.31203474342975,18.361942790448666,0.17270539700984955,0.25841692090034485,0,0,0,0,0,0,not_enabled,nan,False,nan,nan,nan,,nan,False,disabled,0.0,0.0,0.0,0.00885181874036789,nan,nan,1.2059353590011597,59.96472930908203,17500
458000,540000,3333,,default,,2,0.010368893321192368,0.06914997100830078,-0.1683590552221638,0.1524990200996399,0.06914997100830078,0.4002949297428131,0,0,0,0,0,0,not_enabled,nan,False,nan,nan,nan,,nan,False,disabled,0.0,0.0,0.0,0.00885181874036789,nan,nan,0.6465052962303162,44.934715270996094,18000
458500,540000,3339,,default,,167,-0.1404535104483398,0.15086644887924194,-37.06895258290151,33.82333627343178,0.15086644887924194,0.2773970663547516,0,0,0,0,0,0,not_enabled,nan,False,nan,nan,nan,,nan,False,disabled,0.0,0.0,0.0,0.00885181874036789,nan,nan,0.8372770547866821,48.965797424316406,18500
459000,540000,3349,,default,,11,0.4115116788637344,0.026759594678878784,3.256591439611006,0.38413347490131855,0.026759594678878784,0.5693425536155701,0,0,0,0,0,0,not_enabled,nan,False,nan,nan,nan,,nan,False,disabled,0.0,0.0,0.0,0.00885181874036789,nan,nan,0.7839123010635376,43.29527282714844,19000
459500,540000,3367,,default,,14,0.2715414080896283,0.07811513543128967,3.904908099405398,0.9090875759720802,0.07811513543128967,0.4970099627971649,0,0,0,0,0,0,not_enabled,nan,False,nan,nan,nan,,nan,False,disabled,0.0,0.0,0.0,0.00885181874036789,nan,nan,1.1372431516647339,64.89991760253906,19500
460000,540000,3383,,default,,27,-0.08508353640671816,0.08736467361450195,1.6928027415539617,2.4026749841868877,0.08736467361450195,0.4604448974132538,0,0,0,0,0,0,not_enabled,nan,False,nan,nan,nan,,nan,False,disabled,0.0,0.0,0.0,0.00885181874036789,nan,nan,1.497117042541504,97.54078674316406,20000
460500,540000,3386,,default,,239,-1.38137740856751,0.023443803191184998,-108.95261310279683,8.578239750117064,0.023443803191184998,0.6088366508483887,0,0,0,0,0,0,not_enabled,nan,False,nan,nan,nan,,nan,False,disabled,0.0,0.0,0.0,0.0121982516720891,-2.939220428466797,0.0,1.4147804975509644,89.71316528320312,20500
461000,540000,3390,,default,,8,0.19306552531359952,0.05236954241991043,0.44136471974973174,0.4982633702456951,0.05236954241991043,0.5311874151229858,0,0,0,0,0,0,not_enabled,nan,False,nan,nan,nan,,nan,False,disabled,0.0,0.0,0.0,0.014490383677184582,-3.9190940856933594,0.0,0.8176535367965698,47.34861755371094,21000
461500,540000,3396,,default,,126,-0.2801760103233002,0.2474181056022644,-20.87033741360079,17.759403064846992,0.2474181056022644,0.21477364003658295,0,0,0,0,0,0,not_enabled,nan,False,nan,nan,nan,,nan,False,disabled,0.0,0.0,0.0,0.01633176952600479,-7.270281791687012,0.0,0.7619470357894897,42.12779998779297,21500
462000,540000,3403,,default,,66,-0.3538980293918474,0.47162553668022156,-15.022001078677233,14.6472532376647,0.47162553668022156,0.2066858559846878,0,0,0,0,0,0,not_enabled,nan,False,nan,nan,nan,,nan,False,disabled,0.0,0.0,0.0,0.017826398834586143,-9.195697784423828,0.0,0.8136382102966309,57.2791748046875,22000
462500,540000,3406,,default,,137,-0.44945431784946577,0.06431224197149277,-38.0858546924139,9.224179293960333,0.06431224197149277,0.45756205916404724,0,0,0,0,0,0,not_enabled,nan,False,nan,nan,nan,,nan,False,disabled,0.0,0.0,0.0,0.018617477267980576,-9.29606819152832,0.0,1.1308386325836182,72.63723754882812,22500
463000,540000,3411,,default,,6,0.08463188444244879,0.30241671204566956,-0.39965840335688724,1.2775031998753548,0.30241671204566956,0.3333207666873932,0,0,0,0,0,0,not_enabled,nan,False,nan,nan,nan,,nan,False,disabled,0.0,0.0,0.0,0.018807683140039444,-10.189022064208984,0.0,0.7436501979827881,83.13578033447266,23000
463500,540000,3413,,default,,26,-0.05533350195743033,0.09567118436098099,-3.103787690870065,4.876928761601448,0.09567118436098099,0.3388122022151947,0,0,0,0,0,0,not_enabled,nan,False,nan,nan,nan,,nan,False,disabled,0.0,0.0,0.0,0.018483221530914307,-12.075455665588379,0.0,0.4025811553001404,46.97069549560547,23500
464000,540000,3416,,default,,26,-0.13279174839793945,0.027577603235840797,2.582660925368402,0.9674140978604555,0.027577603235840797,0.5613149404525757,0,0,0,0,0,0,not_enabled,nan,False,nan,nan,nan,,nan,False,disabled,0.0,0.0,0.0,0.017735550180077553,-14.235279083251953,0.0,0.44797369837760925,45.60354995727539,24000
464500,540000,3419,,default,,194,-0.5545899640280652,0.25570207834243774,-39.531167814478586,22.503670897334814,0.25570207834243774,0.2076939344406128,0,0,0,0,0,0,not_enabled,nan,False,nan,nan,nan,,nan,False,disabled,0.0,0.0,0.0,0.01667795516550541,-14.076753616333008,0.0,0.3485569357872009,53.90641784667969,24500
465000,540000,3423,,default,,80,-0.08894797346016531,0.03362836316227913,-4.4669627867615285,3.2910687290132046,0.03362836316227913,0.5296649932861328,0,0,0,0,0,0,not_enabled,nan,False,nan,nan,nan,,nan,False,disabled,0.0,0.0,0.0,0.01569957286119461,-14.296688079833984,0.0,0.3623165488243103,55.1553840637207,25000
465500,540000,3429,,default,,18,-0.13640065953950994,0.2868925929069519,-1.1276971871315424,4.959427535533905,0.2868925929069519,0.2763005197048187,0,0,0,0,0,0,not_enabled,nan,False,nan,nan,nan,,nan,False,disabled,0.0,0.0,0.0,0.014845207333564758,-14.644527435302734,0.0,0.26805195212364197,45.49003982543945,25500
466000,540000,3431,,default,,214,-0.7173281155562498,0.03847452253103256,-45.393204710198475,12.315305277705193,0.03847452253103256,0.48671698570251465,0,0,0,0,0,0,not_enabled,nan,False,nan,nan,nan,,nan,False,disabled,0.0,0.0,0.0,0.01427021436393261,-13.464756965637207,0.0,0.3518179655075073,60.00658416748047,26000
466500,540000,3439,,default,,100,-0.26395696605469887,0.018304230645298958,-19.6181346178196,5.085010947659612,0.018304230645298958,0.7200307846069336,0,0,0,0,0,0,not_enabled,nan,False,nan,nan,nan,,nan,False,disabled,0.0,0.0,0.0,0.013534064404666424,-14.199392318725586,0.0,0.23529121279716492,46.07416915893555,26500
467000,540000,3441,,default,,120,-0.6310717437715477,0.05097787082195282,-69.91733904744663,10.24284354224801,0.05097787082195282,0.43559160828590393,0,0,0,0,0,0,not_enabled,nan,False,nan,nan,nan,,nan,False,disabled,0.0,0.0,0.0,0.012871154583990574,-15.217665672302246,0.0,0.2438758760690689,59.388916015625,27000
467500,540000,3443,,default,,140,-0.16291322389646426,0.03875497728586197,-11.731620278213553,7.422649879008532,0.03875497728586197,0.4852956533432007,0,0,0,0,0,0,not_enabled,nan,False,nan,nan,nan,,nan,False,disabled,0.0,0.0,0.0,0.012139263562858105,-14.437601089477539,0.0,0.2447514533996582,54.98418426513672,27500
468000,540000,3446,,default,,146,-0.4299104733003493,0.34076786041259766,-63.53557934673597,54.76780504733324,0.34076786041259766,0.17138724029064178,0,0,0,0,0,0,not_enabled,nan,False,nan,nan,nan,,nan,False,disabled,0.0,0.0,0.0,0.011426855809986591,-15.449601173400879,0.0,0.22634628415107727,122.8282470703125,28000
468500,540000,3450,,default,,52,-0.40468093740569344,0.23127414286136627,-16.166123473092604,16.858922690153122,0.23127414286136627,0.22053192555904388,0,0,0,0,0,0,not_enabled,nan,False,nan,nan,nan,,nan,False,disabled,0.0,0.0,0.0,0.010908573865890503,-15.164557456970215,0.0,0.2317865937948227,67.6014633178711,28500
469000,540000,3455,,default,,15,-0.1435198797153891,0.02278938889503479,0.8853828811250828,0.2935964222997427,0.02278938889503479,0.7293844223022461,0,0,0,0,0,0,not_enabled,nan,False,nan,nan,nan,,nan,False,disabled,0.0,0.0,0.0,0.010719980113208294,-14.927355766296387,0.0,0.1871051788330078,53.86078643798828,29000
469500,540000,3458,,default,,27,-0.0653346722181152,0.08697250485420227,0.2169511870693356,2.34287042170763,0.08697250485420227,0.37568190693855286,0,0,0,0,0,0,not_enabled,nan,False,nan,nan,nan,,nan,False,disabled,0.0,0.0,0.0,0.01026062946766615,-15.366422653198242,0.0,0.20097604393959045,58.89936065673828,29500
470000,540000,3460,,default,,226,-0.1678088594534763,0.12380053848028183,-31.541607946913807,12.036297488957644,0.12380053848028183,0.44224870204925537,0,0,0,0,0,0,not_enabled,nan,False,nan,nan,nan,,nan,False,disabled,0.0,0.0,0.0,0.009992120787501335,-15.750264167785645,0.0,0.16575977206230164,70.72814178466797,30000
470500,540000,3463,,default,,6,0.3955212645908977,0.0531182587146759,0.7220143238745675,0.5371535494923592,0.0531182587146759,0.4286688268184662,0,0,0,0,0,0,not_enabled,nan,False,nan,nan,nan,,nan,False,disabled,0.0,0.0,0.0,0.009943605400621891,-15.38043212890625,0.0,0.17961254715919495,49.19300079345703,30500
471000,540000,3472,,default,,132,-0.5258083151790323,0.20180916786193848,-70.96268610403334,33.14404456317425,0.20180916786193848,0.23810143768787384,0,0,0,0,0,0,not_enabled,nan,False,nan,nan,nan,,nan,False,disabled,0.0,0.0,0.0,0.009533115662634373,-15.450834274291992,0.0,0.21211868524551392,56.470245361328125,31000
471500,540000,3478,,default,,81,-0.4590774234818321,0.18316303193569183,-28.977850682993488,16.3988226801157,0.18316303193569183,0.25071531534194946,0,0,0,0,0,0,not_enabled,nan,False,nan,nan,nan,,nan,False,disabled,0.0,0.0,0.0,0.009525059722363949,-15.622854232788086,0.0,0.23930059373378754,58.443641662597656,31500
472000,540000,3481,,default,,43,-0.10796655933351992,0.1060839369893074,-3.0398773960659464,5.507984410971403,0.1060839369893074,0.3470446765422821,0,0,0,0,0,0,not_enabled,nan,False,nan,nan,nan,,nan,False,disabled,0.0,0.0,0.0,0.00935991108417511,-16.26974868774414,0.0,0.2679479122161865,63.93354034423828,32000
472500,540000,3484,,default,,223,-0.04327604931361549,0.05757111683487892,-24.160244944326553,13.676944721490145,0.05757111683487892,0.44138896465301514,0,0,0,0,0,0,not_enabled,nan,False,nan,nan,nan,,nan,False,disabled,0.0,0.0,0.0,0.009427623823285103,-15.521200180053711,0.0,0.21676747500896454,137.49658203125,32500
473000,540000,3489,,default,,143,0.009856145771125549,0.027898604050278664,-7.640251992152807,5.124512709677219,0.027898604050278664,0.5583058595657349,0,0,0,0,0,0,not_enabled,nan,False,nan,nan,nan,,nan,False,disabled,0.0,0.0,0.0,0.009225825779139996,-15.96807861328125,0.0,0.15587067604064941,50.74308776855469,33000
473500,540000,3492,,default,,195,-0.15350271351432185,0.0643143430352211,-24.06486529806048,15.304277405142784,0.0643143430352211,0.3990519046783447,0,0,0,0,0,0,not_enabled,nan,False,nan,nan,nan,,nan,False,disabled,0.0,0.0,0.0,0.009209462441504002,-16.870677947998047,0.0,0.17966800928115845,48.81587219238281,33500
474000,540000,3500,,default,,27,-0.32863281755676726,0.05358539894223213,-1.3769397043726561,2.5011736787855625,0.05358539894223213,0.4272095859050751,0,0,0,0,0,0,not_enabled,nan,False,nan,nan,nan,,nan,False,disabled,0.0,0.0,0.0,0.008952622301876545,-15.927867889404297,0.0,0.14100658893585205,47.959999084472656,34000
474500,540000,3502,,default,,47,-0.25632309830531597,0.10628120601177216,-9.897975088286419,8.893297743052244,0.10628120601177216,0.3239956200122833,0,0,0,0,0,0,not_enabled,nan,False,nan,nan,nan,,nan,False,disabled,0.0,0.0,0.0,0.008870122954249382,-16.191940307617188,0.0,0.15704680979251862,59.71373748779297,34500
475000,540000,3505,,default,,193,-0.412180559126378,0.09989291429519653,-67.4451428863611,42.67021742463112,0.09989291429519653,0.4045417606830597,0,0,0,0,0,0,not_enabled,nan,False,nan,nan,nan,,nan,False,disabled,0.0,0.0,0.0,0.008761993609368801,-14.9888916015625,0.0,0.2709670960903168,66.2138671875,35000
475500,540000,3516,,default,,17,-0.11024064654119885,0.1413981169462204,-3.205444953308403,4.644062936306,0.1413981169462204,0.28495994210243225,0,0,0,0,0,0,not_enabled,nan,False,nan,nan,nan,,nan,False,disabled,0.0,0.0,0.0,0.00872081145644188,-15.580934524536133,0.0,0.16290390491485596,76.9340591430664,35500
476000,540000,3518,,default,,37,-0.2276665007675735,0.31382811069488525,-8.92219527966629,6.616826005280018,0.31382811069488525,0.2837860882282257,0,0,0,0,0,0,not_enabled,nan,False,nan,nan,nan,,nan,False,disabled,0.0,0.0,0.0,0.008508226834237576,-16.131851196289062,0.0,0.17869314551353455,54.837181091308594,36000
476500,540000,3521,,default,,48,-0.01990039640058086,0.0537070706486702,-2.690700012027521,2.8031551614403725,0.0537070706486702,0.4367995858192444,0,0,0,0,0,0,not_enabled,nan,False,nan,nan,nan,,nan,False,disabled,0.0,0.0,0.0,0.008357926271855831,-15.366432189941406,0.0,0.2170179784297943,118.01823425292969,36500
477000,540000,3526,,default,,11,-0.3083130463512555,0.06256774812936783,-0.3753846981862688,1.2050645351409912,0.06256774812936783,0.40213334560394287,0,0,0,0,0,0,not_enabled,nan,False,nan,nan,nan,,nan,False,disabled,0.0,0.0,0.0,0.00838120561093092,-15.691699028015137,0.0,0.1666700541973114,75.48347473144531,37000
477500,540000,3532,,default,,189,-0.36311924339500257,0.05663829296827316,-58.966186895115996,5.549994733184576,0.05663829296827316,0.708670437335968,0,0,0,0,0,0,not_enabled,nan,False,nan,nan,nan,,nan,False,disabled,0.0,0.0,0.0,0.00819078367203474,-15.984651565551758,0.0,0.177734836935997,79.5189208984375,37500
478000,540000,3536,,default,,127,-0.3811224565632438,0.04982915148139,-45.9975793781348,19.452244695276022,0.04982915148139,0.4394785165786743,0,0,0,0,0,0,not_enabled,nan,False,nan,nan,nan,,nan,False,disabled,0.0,0.0,0.0,0.008235570974647999,-14.665769577026367,0.0,0.14520889520645142,61.28955841064453,38000
478500,540000,3543,,default,,45,0.061490498576022457,0.032719697803258896,0.8949424942331394,1.7325073592364788,0.032719697803258896,0.5203599333763123,0,0,0,0,0,0,not_enabled,nan,False,nan,nan,nan,,nan,False,disabled,0.0,0.0,0.0,0.00821004156023264,-15.321415901184082,0.0,0.21097993850708008,60.71103286743164,38500
479000,540000,3549,,default,,192,-0.5978854820808557,0.19241422414779663,-104.1494390677215,79.85982123017311,0.19241422414779663,0.2442913055419922,0,0,0,0,0,0,not_enabled,nan,False,nan,nan,nan,,nan,False,disabled,0.0,0.0,0.0,0.008257698267698288,-15.12841796875,0.0,0.17987430095672607,96.21590423583984,39000
479500,540000,3554,,default,,5,-0.05079293136107965,0.3058171272277832,-0.5781915262208702,1.1796907931566238,0.3058171272277832,0.27131035923957825,0,0,0,0,0,0,not_enabled,nan,False,nan,nan,nan,,nan,False,disabled,0.0,0.0,0.0,0.008256222121417522,-15.281139373779297,0.0,0.1790018379688263,97.22032165527344,39500
480000,540000,3556,,default,,25,20.338240763530862,0.020017268136143684,21.712541724544643,1.463057005777955,0.020017268136143684,0.6706885099411011,1,0,0,0,0,0,not_enabled,nan,False,nan,nan,nan,,nan,False,disabled,0.0,0.0,0.0,0.008237593807280064,-15.644729614257812,0.0,0.14700272679328918,72.8864517211914,40000
480500,540000,3562,,default,,200,-0.2643968308856658,0.1051778644323349,-28.06127034681141,22.931854225695133,0.1051778644323349,0.32545390725135803,0,0,0,0,0,0,not_enabled,nan,False,nan,nan,nan,,nan,False,disabled,0.0,0.0,0.0,0.008133893832564354,-14.709657669067383,0.0,0.14539220929145813,80.55632019042969,40500
481000,540000,3565,,default,,208,-0.2256760722143018,0.15667299926280975,-37.38582673372406,25.415782246738672,0.15667299926280975,0.27717503905296326,0,0,0,0,0,0,not_enabled,nan,False,nan,nan,nan,,nan,False,disabled,0.0,0.0,0.0,0.00796536449342966,-14.861257553100586,0.0,0.15865281224250793,71.05461120605469,41000
481500,540000,3569,,default,,168,-0.20860992338224066,0.11979027837514877,-32.81934481300071,26.46506056934595,0.11979027837514877,0.3143986761569977,0,0,0,0,0,0,not_enabled,nan,False,nan,nan,nan,,nan,False,disabled,0.0,0.0,0.0,0.00789501890540123,-15.037467956542969,0.0,0.18833918869495392,70.09906005859375,41500
482000,540000,3575,,default,,111,-0.3575114461242044,0.09863637387752533,-44.6669589348633,24.941393293440342,0.09863637387752533,0.33448392152786255,0,0,0,0,0,0,not_enabled,nan,False,nan,nan,nan,,nan,False,disabled,0.0,0.0,0.0,0.007855792529881,-13.930229187011719,0.0,0.1294787973165512,56.41808319091797,42000
482500,540000,3581,,default,,48,-0.4109813545508567,0.34125056862831116,-18.264724624182254,15.110763907432556,0.34125056862831116,0.17218410968780518,0,0,0,0,0,0,not_enabled,nan,False,nan,nan,nan,,nan,False,disabled,0.0,0.0,0.0,0.007686732802540064,-14.133739471435547,0.0,0.12960530817508698,57.77532196044922,42500
483000,540000,3586,,default,,34,-0.3851105497931714,0.2129184901714325,-8.816598144413398,9.00620324909687,0.2129184901714325,0.2311716228723526,0,0,0,0,0,0,not_enabled,nan,False,nan,nan,nan,,nan,False,disabled,0.0,0.0,0.0,0.007752556353807449,-14.098278045654297,0.0,0.18851368129253387,69.6068115234375,43000
483500,540000,3600,,default,,94,-0.22825122291049854,0.18413768708705902,-22.00654946814999,18.815906461328268,0.18413768708705902,0.2500220835208893,0,0,0,0,0,0,not_enabled,nan,False,nan,nan,nan,,nan,False,disabled,0.0,0.0,0.0,0.007679815869778395,-14.387086868286133,0.0,0.17158927023410797,57.23912048339844,43500
484000,540000,3604,,default,,79,-0.0015767235103979274,0.026335904374718666,-1.4412277885405347,3.293994203209877,0.026335904374718666,0.5737216472625732,0,0,0,0,0,0,not_enabled,nan,False,nan,nan,nan,,nan,False,disabled,0.0,0.0,0.0,0.007466749753803015,-13.46504020690918,0.0,0.17048576474189758,436.22869873046875,44000
484500,540000,3608,,default,,71,-0.2801693884057245,0.0676795095205307,-2.6815536776076736,3.2971733920276165,0.0676795095205307,0.4952813684940338,0,0,0,0,0,0,not_enabled,nan,False,nan,nan,nan,,nan,False,disabled,0.0,0.0,0.0,0.00755833275616169,-13.511049270629883,0.0,0.16984887421131134,54.95465850830078,44500
485000,540000,3613,,default,,16,0.0826195786843191,0.05509195104241371,3.2399902185292544,1.3243549577891827,0.05509195104241371,0.4999747574329376,0,0,0,0,0,0,not_enabled,nan,False,nan,nan,nan,,nan,False,disabled,0.0,0.0,0.0,0.007526245433837175,-14.100520133972168,0.0,0.14864499866962433,55.15010070800781,45000
485500,540000,3617,,default,,4,0.46822817642115044,0.06267751753330231,0.8446090201545584,0.33109263330698013,0.06267751753330231,0.4018571078777313,0,0,0,0,0,0,not_enabled,nan,False,nan,nan,nan,,nan,False,disabled,0.0,0.0,0.0,0.007655713707208633,-13.273367881774902,0.0,0.4217356741428375,77.17228698730469,45500
486000,540000,3626,,default,,51,-0.15914589202095653,0.16657480597496033,-7.254675031059341,10.924422465264797,0.16657480597496033,0.2631728947162628,0,0,0,0,0,0,not_enabled,nan,False,nan,nan,nan,,nan,False,disabled,0.0,0.0,0.0,0.0077852592803537846,-13.603340148925781,0.0,0.167616069316864,53.76432800292969,46000
486500,540000,3635,,default,,92,-0.09969470520627582,0.04554241523146629,-3.318913431174852,4.3872463516891,0.04554241523146629,0.504509449005127,0,0,0,0,0,0,not_enabled,nan,False,nan,nan,nan,,nan,False,disabled,0.0,0.0,0.0,0.007938200607895851,-14.466711044311523,0.0,0.20159924030303955,109.78068542480469,46500
487000,540000,3641,,default,,124,-0.1766158614157989,0.21756139397621155,-25.626568797552736,20.579756528139114,0.21756139397621155,0.2917081415653229,0,0,0,0,0,0,not_enabled,nan,False,nan,nan,nan,,nan,False,disabled,0.0,0.0,0.0,0.008017516694962978,-13.192110061645508,0.0,0.14533784985542297,56.940948486328125,47000
487500,540000,3646,,default,,169,-0.6045844883634132,0.5156729221343994,-60.270847519672174,50.088188014924526,0.5156729221343994,0.19488625228405,0,0,0,0,0,0,not_enabled,nan,False,nan,nan,nan,,nan,False,disabled,0.0,0.0,0.0,0.007999301888048649,-13.113099098205566,0.0,0.16891905665397644,61.98801803588867,47500
488000,540000,3657,,default,,31,-0.20494126392295706,0.03913670778274536,0.2522740698534808,1.1618084870278835,0.03913670778274536,0.5369142293930054,0,0,0,0,0,0,not_enabled,nan,False,nan,nan,nan,,nan,False,disabled,0.0,0.0,0.0,0.008063312619924545,-13.402050018310547,0.0,0.17801807820796967,85.26387023925781,48000
488500,540000,3662,,default,,221,-0.33968770294586714,0.23777338862419128,-76.0721002275503,62.35210093483329,0.23777338862419128,0.2169799506664276,0,0,0,0,0,0,not_enabled,nan,False,nan,nan,nan,,nan,False,disabled,0.0,0.0,0.0,0.008269211277365685,-13.183621406555176,0.0,0.14433535933494568,67.69348907470703,48500
489000,540000,3667,,default,,140,-0.5025555328491949,0.32522881031036377,-80.1061341081058,21.217130333185196,0.32522881031036377,0.22574269771575928,0,0,0,0,0,0,not_enabled,nan,False,nan,nan,nan,,nan,False,disabled,0.0,0.0,0.0,0.008346468210220337,-12.439327239990234,0.0,0.17098820209503174,68.52243041992188,49000
489500,540000,3671,,default,,145,-0.2500046150034905,0.17738640308380127,-48.94310518448177,18.65960043668747,0.17738640308380127,0.25490832328796387,0,0,0,0,0,0,not_enabled,nan,False,nan,nan,nan,,nan,False,disabled,0.0,0.0,0.0,0.008414044976234436,-11.851011276245117,0.0,0.164481058716774,72.83734130859375,49500
490000,540000,3675,,default,,134,-0.4377383252467598,0.2751956582069397,-48.06543729664203,40.599283784627914,0.2751956582069397,0.1985246241092682,0,0,0,0,0,0,not_enabled,nan,False,nan,nan,nan,,nan,False,disabled,0.0,0.0,0.0,0.008373786695301533,-13.627155303955078,0.0,0.2777827978134155,74.03794860839844,50000
490500,540000,3688,,default,,7,0.14534737497812628,0.09386922419071198,0.1783111812188213,0.9711829349398613,0.09386922419071198,0.34152087569236755,0,0,0,0,0,0,not_enabled,nan,False,nan,nan,nan,,nan,False,disabled,0.0,0.0,0.0,0.008495594374835491,-12.483749389648438,0.0,0.19673655927181244,167.73196411132812,50500
491000,540000,3702,,default,,223,-0.008453860576002198,0.2218988835811615,-83.76867106849804,67.25871949642897,0.2218988835811615,0.24967212975025177,0,0,0,0,0,0,not_enabled,nan,False,nan,nan,nan,,nan,False,disabled,0.0,0.0,0.0,0.008538957685232162,-12.026418685913086,0.0,0.3559277653694153,95.79207611083984,51000
491500,540000,3708,,default,,16,-0.04625680669397081,0.3401796221733093,-0.6185373014644246,3.8561316654086113,0.3401796221733093,0.3478541672229767,0,0,0,0,0,0,not_enabled,nan,False,nan,nan,nan,,nan,False,disabled,0.0,0.0,0.0,0.008299688808619976,-12.098689079284668,0.0,0.1663857400417328,75.11650085449219,51500
492000,540000,3721,,default,,120,-0.07827382646086818,0.026433179154992104,-8.00876438184597,6.0011589378118515,0.026433179154992104,0.6127838492393494,0,0,0,0,0,0,not_enabled,nan,False,nan,nan,nan,,nan,False,disabled,0.0,0.0,0.0,0.008399789221584797,-12.466848373413086,0.0,0.1572575718164444,69.31028747558594,52000
492500,540000,3724,,default,,119,-0.03450097528598808,0.032001882791519165,-2.658765355812619,4.793242905288935,0.032001882791519165,0.5253040790557861,0,0,0,0,0,0,not_enabled,nan,False,nan,nan,nan,,nan,False,disabled,0.0,0.0,0.0,0.008395024575293064,-11.30724048614502,0.0,0.18761727213859558,77.2647705078125,52500
493000,540000,3730,,default,,91,-0.07432470891603835,0.0311239305883646,-1.7035768787792958,3.4589545372873545,0.0311239305883646,0.531641960144043,0,0,0,0,0,0,not_enabled,nan,False,nan,nan,nan,,nan,False,disabled,0.0,0.0,0.0,0.008571543730795383,-12.390615463256836,0.0,0.14428502321243286,58.37546157836914,53000
493500,540000,3735,,default,,80,-0.25757246287055424,0.23985479772090912,-22.15751148823576,23.261555790901184,0.23985479772090912,0.2206878513097763,0,0,0,0,0,0,not_enabled,nan,False,nan,nan,nan,,nan,False,disabled,0.0,0.0,0.0,0.008525478653609753,-12.132946968078613,0.0,0.1954803168773651,62.1514892578125,53500
494000,540000,3739,,default,,52,-0.633893962727816,0.5237778425216675,-13.814781611165232,15.042649641633034,0.5237778425216675,0.21608680486679077,0,0,0,0,0,0,not_enabled,nan,False,nan,nan,nan,,nan,False,disabled,0.0,0.0,0.0,0.008580859750509262,-12.342267990112305,0.0,0.22753991186618805,79.49008178710938,54000
494500,540000,3745,,default,,8,0.2702788065467254,0.0729684978723526,-0.09660129940640216,0.8176790028810501,0.0729684978723526,0.37843284010887146,0,0,0,0,0,0,not_enabled,nan,False,nan,nan,nan,,nan,False,disabled,0.0,0.0,0.0,0.008515256457030773,-11.754430770874023,0.0,0.16582167148590088,60.81456756591797,54500
495000,540000,3750,,default,,210,-0.42938294851847336,0.43398821353912354,-82.56810080786231,75.80693818628788,0.43398821353912354,0.1873895525932312,0,0,0,0,0,0,not_enabled,nan,False,nan,nan,nan,,nan,False,disabled,0.0,0.0,0.0,0.008363918401300907,-12.282449722290039,0.0,0.1572631597518921,60.28546142578125,55000
495500,540000,3757,,default,,222,-0.6493331808399319,0.6255694627761841,-106.488957030519,93.50997062027454,0.6255694627761841,0.153931125998497,0,0,0,0,0,0,not_enabled,nan,False,nan,nan,nan,,nan,False,disabled,0.0,0.0,0.0,0.008533995598554611,-10.847373962402344,0.0,0.23226842284202576,63.316139221191406,55500
496000,540000,3763,,default,,184,-1.1519918954548893,0.16314302384853363,-59.84605783284193,29.138862900435925,0.16314302384853363,0.26591986417770386,0,0,0,0,0,0,not_enabled,nan,False,nan,nan,nan,,nan,False,disabled,0.0,0.0,0.0,0.00859449990093708,-11.803129196166992,0.0,0.20407304167747498,135.75021362304688,56000
496500,540000,3774,,default,,59,-0.01990110671303029,0.02627679891884327,0.793948946205386,1.6570086274296045,0.02627679891884327,0.6243172883987427,0,0,0,0,0,0,not_enabled,nan,False,nan,nan,nan,,nan,False,disabled,0.0,0.0,0.0,0.008405767381191254,-11.953826904296875,0.0,0.17436763644218445,62.86726379394531,56500
497000,540000,3783,,default,,27,0.118335294726748,0.027784451842308044,3.2216651530969442,1.0651442408561707,0.027784451842308044,0.559367299079895,0,0,0,0,0,0,not_enabled,nan,False,nan,nan,nan,,nan,False,disabled,0.0,0.0,0.0,0.008383719250559807,-11.966339111328125,0.0,0.15798860788345337,70.97093963623047,57000
497500,540000,3798,,default,,35,-0.2286457537439607,0.1514323353767395,-6.121543819288237,5.963733047246933,0.1514323353767395,0.2882889211177826,0,0,0,0,0,0,not_enabled,nan,False,nan,nan,nan,,nan,False,disabled,0.0,0.0,0.0,0.008487929590046406,-11.32615852355957,0.0,0.15186309814453125,62.45763397216797,57500
498000,540000,3807,,default,,90,-0.14038109491544853,0.16290412843227386,-13.721040783188801,12.212606497108936,0.16290412843227386,0.27051663398742676,0,0,0,0,0,0,not_enabled,nan,False,nan,nan,nan,,nan,False,disabled,0.0,0.0,0.0,0.008427700027823448,-11.331232070922852,0.0,0.1471816599369049,65.65148162841797,58000
498500,540000,3819,,default,,13,0.14699503588814955,0.0566989965736866,1.2512688900364441,0.6993133090436459,0.0566989965736866,0.45213794708251953,0,0,0,0,0,0,not_enabled,nan,False,nan,nan,nan,,nan,False,disabled,0.0,0.0,0.0,0.00851591769605875,-11.786588668823242,0.0,0.5523443222045898,323.77191162109375,58500
499000,540000,3823,,default,,235,-0.26586735665646344,0.08586616069078445,-39.694340073671924,34.05737233161926,0.08586616069078445,0.35434967279434204,0,0,0,0,0,0,not_enabled,nan,False,nan,nan,nan,,nan,False,disabled,0.0,0.0,0.0,0.008529341779649258,-12.22815227508545,0.0,0.16555491089820862,73.95555114746094,59000
499500,540000,3841,,default,,6,0.6135635277026403,0.030564095824956894,1.8737444681553923,0.19506592862308025,0.030564095824956894,0.5358654856681824,0,0,0,0,0,0,not_enabled,nan,False,nan,nan,nan,,nan,False,disabled,0.0,0.0,0.0,0.00853046029806137,-11.191280364990234,0.0,0.15224991738796234,69.67371368408203,59500
500000,540000,3847,,default,,110,-0.32563833790041774,0.08405369520187378,-22.496988513632566,16.337206460535526,0.08405369520187378,0.35745587944984436,0,0,0,0,0,0,not_enabled,nan,False,nan,nan,nan,,nan,False,disabled,0.0,0.0,0.0,0.008396421559154987,-11.805301666259766,0.0,0.20470204949378967,182.2005615234375,60000
500500,540000,3851,,default,,94,-0.5487052156723335,0.3129725754261017,-40.248164913515694,36.970933850854635,0.3129725754261017,0.18208707869052887,0,0,0,0,0,0,not_enabled,nan,False,nan,nan,nan,,nan,False,disabled,0.0,0.0,0.0,0.008538379333913326,-10.857797622680664,0.0,0.3539726138114929,155.9530487060547,60500
501000,540000,3856,,default,,51,-0.5345908878201389,0.07096689939498901,-19.063842150018196,6.297765396535397,0.07096689939498901,0.3826448321342468,0,0,0,0,0,0,not_enabled,nan,False,nan,nan,nan,,nan,False,disabled,0.0,0.0,0.0,0.00856122188270092,-11.87446403503418,0.0,0.2830335199832916,87.67326354980469,61000
501500,540000,3863,,default,,187,-0.29945909699594386,0.19140765070915222,-44.33101034156784,25.66740470379591,0.19140765070915222,0.35875728726387024,0,0,0,0,0,0,not_enabled,nan,False,nan,nan,nan,,nan,False,disabled,0.0,0.0,0.0,0.008541991002857685,-11.520089149475098,0.0,0.1547456830739975,74.69805908203125,61500
502000,540000,3871,,default,,69,-0.20199274187185198,0.031165262684226036,-3.5054661978945085,2.54115061275661,0.031165262684226036,0.5313359498977661,0,0,0,0,0,0,not_enabled,nan,False,nan,nan,nan,,nan,False,disabled,0.0,0.0,0.0,0.00854361243546009,-11.606732368469238,0.0,0.23244088888168335,98.45471954345703,62000
502500,540000,3875,,default,,199,-0.38191133151128165,0.08367300033569336,-57.31319744110821,41.35767748579383,0.08367300033569336,0.3581186532974243,0,0,0,0,0,0,not_enabled,nan,False,nan,nan,nan,,nan,False,disabled,0.0,0.0,0.0,0.008513064123690128,-12.096773147583008,0.0,0.2296740710735321,90.49873352050781,62500
503000,540000,3878,,default,,204,-0.22077862584670158,0.042283784598112106,-7.669663066543897,5.109618704766035,0.042283784598112106,0.7733150124549866,0,0,0,0,0,0,not_enabled,nan,False,nan,nan,nan,,nan,False,disabled,0.0,0.0,0.0,0.008556071668863297,-11.302629470825195,0.0,0.40215057134628296,164.48617553710938,63000
503500,540000,3894,,default,,1,-0.15303864440371784,0.17134550213813782,-0.15303864440371784,0.17134550213813782,0.17134550213813782,0.25945574045181274,0,0,0,0,0,0,not_enabled,nan,False,nan,nan,nan,,nan,False,disabled,0.0,0.0,0.0,0.008604832924902439,-11.053617477416992,0.0,0.16296005249023438,61.78913879394531,63500
504000,540000,3897,,default,,21,-0.7335756733830545,0.33333835005760193,-37.18105363428745,34.61793649196625,0.33333835005760193,0.1741551160812378,0,0,0,0,0,0,not_enabled,nan,False,nan,nan,nan,,nan,False,disabled,0.0,0.0,0.0,0.008576552383601665,-10.666489601135254,0.0,0.20995165407657623,347.4012451171875,64000
504500,540000,3900,,default,,27,-0.23457828617946808,0.16069261729717255,-4.126313171878762,4.8229730278253555,0.16069261729717255,0.2684488892555237,0,0,0,0,0,0,not_enabled,nan,False,nan,nan,nan,,nan,False,disabled,0.0,0.0,0.0,0.008661783300340176,-10.938919067382812,0.0,0.1863984912633896,74.1005859375,64500
505000,540000,3908,,default,,80,-0.48120792163344306,0.04213482514023781,-9.699707578716843,2.623349802568555,0.04213482514023781,0.7732316851615906,0,0,0,0,0,0,not_enabled,nan,False,nan,nan,nan,,nan,False,disabled,0.0,0.0,0.0,0.008612341247498989,-11.185895919799805,0.0,0.1989453285932541,65.25263977050781,65000
505500,540000,3912,,default,,27,-0.16128630261037347,0.2649002969264984,-5.9869606752675075,8.344157502055168,0.2649002969264984,0.2258790284395218,0,0,0,0,0,0,not_enabled,nan,False,nan,nan,nan,,nan,False,disabled,0.0,0.0,0.0,0.008632590994238853,-11.621391296386719,0.0,0.17380359768867493,74.30470275878906,65500
506000,540000,3916,,default,,14,-0.11390089199602138,0.10722733289003372,-0.11245743582873466,1.2328824326395988,0.10722733289003372,0.4109964072704315,0,0,0,0,0,0,not_enabled,nan,False,nan,nan,nan,,nan,False,disabled,0.0,0.0,0.0,0.008570799604058266,-10.655760765075684,0.0,0.20891812443733215,82.89808654785156,66000
506500,540000,3933,,default,,11,-0.17110227910129225,0.16990803182125092,-1.6166679093751515,2.5105076283216476,0.16990803182125092,0.2605637013912201,0,0,0,0,0,0,not_enabled,nan,False,nan,nan,nan,,nan,False,disabled,0.0,0.0,0.0,0.008549705147743225,-10.7423734664917,0.0,0.13633683323860168,77.53073120117188,66500
507000,540000,3939,,default,,186,-0.4603666472161798,0.26741933822631836,-62.941904244808185,53.55323587357998,0.26741933822631836,0.20199158787727356,0,0,0,0,0,0,not_enabled,nan,False,nan,nan,nan,,nan,False,disabled,0.0,0.0,0.0,0.008630541153252125,-11.772480010986328,0.0,0.17818303406238556,87.61279296875,67000
507500,540000,3953,,default,,49,-0.12001826594535062,0.10942985117435455,-2.7637824688436443,5.658211540430784,0.10942985117435455,0.327450156211853,0,0,0,0,0,0,not_enabled,nan,False,nan,nan,nan,,nan,False,disabled,0.0,0.0,0.0,0.008538521826267242,-11.554237365722656,0.0,0.36874526739120483,97.83740997314453,67500
508000,540000,3957,,default,,11,0.15423759168169138,0.11843370646238327,3.3571236071315758,1.8433171063661575,0.11843370646238327,0.3090071678161621,0,0,0,0,0,0,not_enabled,nan,False,nan,nan,nan,,nan,False,disabled,0.0,0.0,0.0,0.00862775556743145,-10.650283813476562,0.0,0.30049803853034973,134.1505126953125,68000
508500,540000,3960,,default,,10,0.2718042233527328,0.03607344627380371,1.802832201880455,0.5067196413874626,0.03607344627380371,0.49962809681892395,0,0,0,0,0,0,not_enabled,nan,False,nan,nan,nan,,nan,False,disabled,0.0,0.0,0.0,0.008526913821697235,-10.726517677307129,0.0,0.40572166442871094,123.90316009521484,68500
509000,540000,3964,,default,,1,-0.4027919784251415,0.2246517688035965,-0.4027919784251415,0.2246517688035965,0.2246517688035965,0.37305325269699097,0,0,0,0,0,0,not_enabled,nan,False,nan,nan,nan,,nan,False,disabled,0.0,0.0,0.0,0.008315990678966045,-9.974159240722656,0.0,0.18452632427215576,87.1729965209961,69000
509500,540000,3972,,default,,111,-0.367607078119819,0.4266902804374695,-43.62757594145487,31.5772857144475,0.4266902804374695,0.2169809341430664,0,0,0,0,0,0,not_enabled,nan,False,nan,nan,nan,,nan,False,disabled,0.0,0.0,0.0,0.00845169834792614,-10.822279930114746,0.0,0.29207301139831543,214.73312377929688,69500
510000,540000,3977,,default,,58,-0.5133656359347188,0.40196692943573,-18.125072446364836,19.195172876119614,0.40196692943573,0.17345193028450012,0,0,0,0,0,0,not_enabled,nan,False,nan,nan,nan,,nan,False,disabled,0.0,0.0,0.0,0.008480926975607872,-11.577898025512695,0.0,0.24397030472755432,258.9213562011719,70000
510500,540000,3991,,default,,135,-0.2646318505196888,0.2794860601425171,-29.60680201812092,23.413310132920742,0.2794860601425171,0.2756994962692261,0,0,0,0,0,0,not_enabled,nan,False,nan,nan,nan,,nan,False,disabled,0.0,0.0,0.0,0.008512848988175392,-11.10743522644043,0.0,0.20837177336215973,101.0670166015625,70500
511000,540000,4000,,default,,161,-0.08872667750313788,0.05380803719162941,-15.954811634187346,8.905607089400291,0.05380803719162941,0.42652031779289246,0,0,0,0,0,0,not_enabled,nan,False,nan,nan,nan,,nan,False,disabled,0.0,0.0,0.0,0.008584121242165565,-11.04404067993164,0.0,0.18763414025306702,121.59913635253906,71000
511500,540000,4007,,default,,38,-0.43913557727917835,0.2952880859375,-10.687114706511172,11.316840887069702,0.2952880859375,0.1894274652004242,0,0,0,0,0,0,not_enabled,nan,False,nan,nan,nan,,nan,False,disabled,0.0,0.0,0.0,0.008359716273844242,-10.907959938049316,0.0,0.255993515253067,158.66903686523438,71500
512000,540000,4012,,default,,10,0.3038285924333507,0.027104195207357407,3.099325236372076,0.37462014704942703,0.027104195207357407,0.5658950805664062,0,0,0,0,0,0,not_enabled,nan,False,nan,nan,nan,,nan,False,disabled,0.0,0.0,0.0,0.008470163680613041,-11.206267356872559,0.0,0.18078523874282837,90.26119995117188,72000
512500,540000,4026,,default,,217,-0.3414034992999635,0.16036807000637054,-87.73422972249378,75.10013830661774,0.16036807000637054,0.2681879699230194,0,0,0,0,0,0,not_enabled,nan,False,nan,nan,nan,,nan,False,disabled,0.0,0.0,0.0,0.008513526059687138,-10.535087585449219,0.0,0.2152586728334427,228.478515625,72500
513000,540000,4045,,default,,148,-0.1876831041360627,0.15287218987941742,-25.075037970318263,23.104908011853695,0.15287218987941742,0.27694636583328247,0,0,0,0,0,0,not_enabled,nan,False,nan,nan,nan,,nan,False,disabled,0.0,0.0,0.0,0.008553036488592625,-10.776997566223145,0.0,0.18466439843177795,118.03333282470703,73000
513500,540000,4050,,default,,137,-0.38064896571754225,0.2668658196926117,-48.41061226520984,44.32264371216297,0.2668658196926117,0.20225496590137482,0,0,0,0,0,0,not_enabled,nan,False,nan,nan,nan,,nan,False,disabled,0.0,0.0,0.0,0.008685917593538761,-11.52932071685791,0.0,0.21671095490455627,147.38539123535156,73500
514000,540000,4058,,default,,59,-0.10667818790686198,0.19662357866764069,-10.487041295969098,11.836468610912561,0.19662357866764069,0.24147842824459076,0,0,0,0,0,0,not_enabled,nan,False,nan,nan,nan,,nan,False,disabled,0.0,0.0,0.0,0.008714159950613976,-10.485376358032227,0.0,0.2509972155094147,247.08782958984375,74000
514500,540000,4066,,default,,96,-1.0157782553918266,0.07258214801549911,-83.60990407981862,10.275591403245926,0.07258214801549911,0.3792344033718109,0,0,0,0,0,0,not_enabled,nan,False,nan,nan,nan,,nan,False,disabled,0.0,0.0,0.0,0.00872382614761591,-11.461150169372559,0.0,0.16061383485794067,118.13169860839844,74500
515000,540000,4077,,default,,7,-0.23075816906533078,0.15093567967414856,0.4980685577340155,0.9627214819192886,0.15093567967414856,0.3703586161136627,0,0,0,0,0,0,not_enabled,nan,False,nan,nan,nan,,nan,False,disabled,0.0,0.0,0.0,0.008831467479467392,-11.799750328063965,0.0,0.19012898206710815,118.93390655517578,75000
515500,540000,4092,,default,,22,-0.20971477540349157,0.3384835720062256,-7.83990559109508,3.8222558423876762,0.3384835720062256,0.3067307472229004,0,0,0,0,0,0,not_enabled,nan,False,nan,nan,nan,,nan,False,disabled,0.0,0.0,0.0,0.00868961215019226,-11.355379104614258,0.0,0.29388627409935,244.43234252929688,75500
516000,540000,4096,,default,,14,-0.2777588838393701,0.14312204718589783,-4.542425360731582,2.624500125646591,0.14312204718589783,0.2833351492881775,0,0,0,0,0,0,not_enabled,nan,False,nan,nan,nan,,nan,False,disabled,0.0,0.0,0.0,0.008692335337400436,-11.51341438293457,0.0,0.8266180753707886,592.9506225585938,76000
516500,540000,4102,,default,,198,-0.1692394612560949,0.01880563236773014,-13.050995231093836,6.958320835605264,0.01880563236773014,0.7033776044845581,0,0,0,0,0,0,not_enabled,nan,False,nan,nan,nan,,nan,False,disabled,0.0,0.0,0.0,0.008582975715398788,-10.789960861206055,0.0,0.4442877769470215,265.37347412109375,76500
517000,540000,4116,,default,,5,-0.4421259305887413,0.2555193305015564,-2.5165745879133645,1.622133731842041,0.2555193305015564,0.20778505504131317,0,0,0,0,0,0,not_enabled,nan,False,nan,nan,nan,,nan,False,disabled,0.0,0.0,0.0,0.008690138347446918,-9.893163681030273,0.0,0.24818673729896545,187.362060546875,77000
517500,540000,4120,,default,,226,-0.27423218110488706,0.19153107702732086,-45.18966417677308,37.38591831177473,0.19153107702732086,0.26804783940315247,0,0,0,0,0,0,not_enabled,nan,False,nan,nan,nan,,nan,False,disabled,0.0,0.0,0.0,0.00882119033485651,-11.16046142578125,0.0,0.17657971382141113,171.94448852539062,77500
518000,540000,4132,,default,,94,-0.19245790028982135,0.03926347196102142,-3.236462062107165,2.8898440822958946,0.03926347196102142,0.7307650446891785,0,0,0,0,0,0,not_enabled,nan,False,nan,nan,nan,,nan,False,disabled,0.0,0.0,0.0,0.008533080108463764,-10.94033145904541,0.0,0.19873206317424774,205.1665496826172,78000
518500,540000,4138,,default,,35,-0.278024798479785,0.20994606614112854,-6.715977790134197,10.19027154147625,0.20994606614112854,0.2329869121313095,0,0,0,0,0,0,not_enabled,nan,False,nan,nan,nan,,nan,False,disabled,0.0,0.0,0.0,0.008561626076698303,-10.681347846984863,0.0,0.17850863933563232,141.58062744140625,78500
519000,540000,4150,,default,,153,-0.48313686420613355,0.15374234318733215,-67.70898319811683,48.85184399783611,0.15374234318733215,0.27378350496292114,0,0,0,0,0,0,not_enabled,nan,False,nan,nan,nan,,nan,False,disabled,0.0,0.0,0.0,0.008661964908242226,-11.060091018676758,0.0,0.2806083559989929,237.74205017089844,79000
519500,540000,4158,,default,,83,-0.1408372359479325,0.05736101046204567,-6.064825252871444,4.736691810190678,0.05736101046204567,0.4186587333679199,0,0,0,0,0,0,not_enabled,nan,False,nan,nan,nan,,nan,False,disabled,0.0,0.0,0.0,0.008585713803768158,-10.699039459228516,0.0,0.2430495321750641,124.9880142211914,79500
520000,540000,4164,,default,,13,0.15186425952110066,0.1676042079925537,1.052523056053155,2.0838331654667854,0.1676042079925537,0.43168535828590393,0,0,0,0,0,0,not_enabled,nan,False,nan,nan,nan,,nan,False,disabled,0.0,0.0,0.0,0.008603258058428764,-10.911062240600586,0.0,0.18179520964622498,243.454833984375,80000
520500,540000,4170,,default,,30,-0.15006157877098406,0.18946076929569244,-4.64231903670365,7.860498659312725,0.18946076929569244,0.25087878108024597,0,0,0,0,0,0,not_enabled,nan,False,nan,nan,nan,,nan,False,disabled,0.0,0.0,0.0,0.008479874581098557,-9.910125732421875,0.0,0.23096033930778503,208.83929443359375,80500
521000,540000,4175,,default,,10,-0.23331746048095084,0.10597269982099533,-3.821014004137525,1.2049162313342094,0.10597269982099533,0.33768361806869507,0,0,0,0,0,0,not_enabled,nan,False,nan,nan,nan,,nan,False,disabled,0.0,0.0,0.0,0.00858810544013977,-10.75660514831543,0.0,0.18135136365890503,118.29244232177734,81000
521500,540000,4178,,default,,24,-0.17297558575306654,0.12006612122058868,-4.857630476380015,5.2704614996910095,0.12006612122058868,0.3178676962852478,0,0,0,0,0,0,not_enabled,nan,False,nan,nan,nan,,nan,False,disabled,0.0,0.0,0.0,0.008531562052667141,-10.216512680053711,0.0,0.2666094899177551,213.17611694335938,81500
522000,540000,4181,,default,,25,-0.3747309035873152,0.3024963438510895,-5.002282263460822,7.954878196120262,0.3024963438510895,0.1965898722410202,0,0,0,0,0,0,not_enabled,nan,False,nan,nan,nan,,nan,False,disabled,0.0,0.0,0.0,0.008548649027943611,-10.55231761932373,0.0,0.24358077347278595,136.2341766357422,82000
522500,540000,4185,,default,,192,-0.446310406868874,0.2718454599380493,-66.38889239903357,61.126966685056686,0.2718454599380493,0.19990618526935577,0,0,0,0,0,0,not_enabled,nan,False,nan,nan,nan,,nan,False,disabled,0.0,0.0,0.0,0.00842457078397274,-11.208893775939941,0.0,0.24558234214782715,160.18777465820312,82500
523000,540000,4187,,default,,212,-0.47188203947015184,0.22841700911521912,-74.12094689388381,53.52155151218176,0.22841700911521912,0.222127303481102,0,0,0,0,0,0,not_enabled,nan,False,nan,nan,nan,,nan,False,disabled,0.0,0.0,0.0,0.008567458018660545,-10.336689949035645,0.0,0.26974427700042725,128.12289428710938,83000
523500,540000,4197,,default,,115,-0.17137695656987903,0.09258256107568741,-16.89969474878044,12.610433720052242,0.09258256107568741,0.3525834083557129,0,0,0,0,0,0,not_enabled,nan,False,nan,nan,nan,,nan,False,disabled,0.0,0.0,0.0,0.008582431823015213,-10.456043243408203,0.0,0.24522525072097778,187.24002075195312,83500
524000,540000,4203,,default,,76,-0.313537083109913,0.07095899432897568,-27.06954869747187,15.908430062234402,0.07095899432897568,0.38266175985336304,0,0,0,0,0,0,not_enabled,nan,False,nan,nan,nan,,nan,False,disabled,0.0,0.0,0.0,0.00871686078608036,-10.092403411865234,0.0,0.23854297399520874,144.92242431640625,84000
524500,540000,4208,,default,,61,-0.18780613697055532,0.12981411814689636,-11.057566964277171,13.23325565457344,0.12981411814689636,0.296488493680954,0,0,0,0,0,0,not_enabled,nan,False,nan,nan,nan,,nan,False,disabled,0.0,0.0,0.0,0.008650061674416065,-11.144431114196777,0.0,0.22612860798835754,167.30392456054688,84500
525000,540000,4213,,default,,41,-0.04475809748193936,0.036666352301836014,0.6759674132137731,1.6583879105746746,0.036666352301836014,0.49630844593048096,0,0,0,0,0,0,not_enabled,nan,False,nan,nan,nan,,nan,False,disabled,0.0,0.0,0.0,0.00868765264749527,-10.580592155456543,0.0,0.28049004077911377,186.9501495361328,85000
525500,540000,4218,,default,,20,-0.008555958519313983,0.04443749040365219,4.076831431348818,0.6735363677144051,0.04443749040365219,0.7130399346351624,0,0,0,0,0,0,not_enabled,nan,False,nan,nan,nan,,nan,False,disabled,0.0,0.0,0.0,0.008570751175284386,-9.686537742614746,0.0,0.43297475576400757,395.5431823730469,85500
526000,540000,4221,,default,,28,-0.2994787390108201,0.12970122694969177,-1.7438368287839152,4.634689509868622,0.12970122694969177,0.3044182360172272,0,0,0,0,0,0,not_enabled,nan,False,nan,nan,nan,,nan,False,disabled,0.0,0.0,0.0,0.008518720045685768,-9.369714736938477,0.0,0.3560434877872467,239.15892028808594,86000
526500,540000,4225,,default,,233,-0.2486345289836861,0.2272404432296753,-50.81629937499482,39.04255796223879,0.2272404432296753,0.2865130603313446,0,0,0,0,0,0,not_enabled,nan,False,nan,nan,nan,,nan,False,disabled,0.0,0.0,0.0,0.00847648736089468,-10.922691345214844,0.0,0.2323407381772995,137.59197998046875,86500
527000,540000,4234,,default,,177,-0.2577714644701462,0.08947350829839706,-30.09765648962346,24.243761096149683,0.08947350829839706,0.3483968675136566,0,0,0,0,0,0,not_enabled,nan,False,nan,nan,nan,,nan,False,disabled,0.0,0.0,0.0,0.008337700739502907,-10.32861328125,0.0,0.22392944991588593,130.22434997558594,87000
527500,540000,4239,,default,,171,-0.3354525994369199,0.1970941424369812,-47.00567408595038,40.74688860028982,0.1970941424369812,0.24116802215576172,0,0,0,0,0,0,not_enabled,nan,False,nan,nan,nan,,nan,False,disabled,0.0,0.0,0.0,0.008271565660834312,-10.51751708984375,0.0,0.20628663897514343,172.55667114257812,87500
528000,540000,4246,,default,,134,-0.551643635054368,0.07813269644975662,-44.32464281829299,17.7862356454134,0.07813269644975662,0.36820295453071594,0,0,0,0,0,0,not_enabled,nan,False,nan,nan,nan,,nan,False,disabled,0.0,0.0,0.0,0.008228344842791557,-10.198137283325195,0.0,0.25282934308052063,242.79006958007812,88000
528500,540000,4251,,default,,108,-0.02648712986347697,0.027939600870013237,0.017165992386894466,3.306697754189372,0.027939600870013237,0.6315720677375793,0,0,0,0,0,0,not_enabled,nan,False,nan,nan,nan,,nan,False,disabled,0.0,0.0,0.0,0.008378149010241032,-8.738788604736328,0.0,0.3039773106575012,559.179931640625,88500
529000,540000,4261,,default,,22,-0.02596414543013459,0.11275338381528854,-2.1529000758282013,3.7619893327355385,0.11275338381528854,0.3823077380657196,0,0,0,0,0,0,not_enabled,nan,False,nan,nan,nan,,nan,False,disabled,0.0,0.0,0.0,0.008282281458377838,-9.663461685180664,0.0,0.24773332476615906,116.79084014892578,89000
529500,540000,4267,,default,,8,0.10712445509868862,0.2548002600669861,-2.4760887272090715,1.5066872909665108,0.2548002600669861,0.38673797249794006,0,0,0,0,0,0,not_enabled,nan,False,nan,nan,nan,,nan,False,disabled,0.0,0.0,0.0,0.008200600743293762,-8.887931823730469,0.0,0.5632625818252563,594.876953125,89500
530000,540000,4272,,default,,211,-0.30471637991719364,0.1847633272409439,-62.64331521362392,58.786330580711365,0.1847633272409439,0.24957919120788574,0,0,0,0,0,0,not_enabled,nan,False,nan,nan,nan,,nan,False,disabled,0.0,0.0,0.0,0.008214408531785011,-10.36703872680664,0.0,0.20540611445903778,135.15435791015625,90000
530500,540000,4281,,default,,130,-0.3585984437333582,0.12949179112911224,-44.849112215705055,39.2970909178257,0.12949179112911224,0.296825647354126,0,0,0,0,0,0,not_enabled,nan,False,nan,nan,nan,,nan,False,disabled,0.0,0.0,0.0,0.00820549763739109,-10.52418327331543,0.0,0.270643413066864,455.5721435546875,90500
531000,540000,4292,,default,,196,-0.26507891079527324,0.06034297123551369,-62.54451140829731,13.434314765036106,0.06034297123551369,0.42569273710250854,0,0,0,0,0,0,not_enabled,nan,False,nan,nan,nan,,nan,False,disabled,0.0,0.0,0.0,0.008115889504551888,-10.35693645477295,0.0,0.8176635503768921,1012.16796875,91000
531500,540000,4318,,default,,7,20.063454537594698,0.1611119955778122,20.877465727706088,1.5428272783756256,0.1611119955778122,0.4198242127895355,1,0,0,0,0,0,not_enabled,nan,False,nan,nan,nan,,nan,False,disabled,0.0,0.0,0.0,0.008195620030164719,-10.70346450805664,0.0,0.25456321239471436,249.2415008544922,91500
532000,540000,4331,,default,,117,-0.4389711719671757,0.06984838843345642,-35.43058738596702,21.51460050046444,0.06984838843345642,0.3850645422935486,0,0,0,0,0,0,not_enabled,nan,False,nan,nan,nan,,nan,False,disabled,0.0,0.0,0.0,0.008394219912588596,-9.329571723937988,0.0,0.27877533435821533,145.76072692871094,92000
532500,540000,4335,,default,,114,-0.14750864236710842,0.07519777864217758,-8.270379733367836,7.82735413312912,0.07519777864217758,0.4164968430995941,0,0,0,0,0,0,not_enabled,nan,False,nan,nan,nan,,nan,False,disabled,0.0,0.0,0.0,0.008376858197152615,-9.859369277954102,0.0,0.2877213954925537,156.0413818359375,92500
533000,540000,4341,,default,,81,-0.37410584093639104,0.3708028197288513,-33.35573886549641,34.8911641985178,0.3708028197288513,0.18191669881343842,0,0,0,0,0,0,not_enabled,nan,False,nan,nan,nan,,nan,False,disabled,0.0,0.0,0.0,0.008313765749335289,-8.598098754882812,0.0,0.21060267090797424,118.50900268554688,93000
533500,540000,4345,,default,,66,-0.19373574241837188,0.04143461212515831,-0.398702554371915,2.3331059645861387,0.04143461212515831,0.6369935870170593,0,0,0,0,0,0,not_enabled,nan,False,nan,nan,nan,,nan,False,disabled,0.0,0.0,0.0,0.008394347503781319,-9.368892669677734,0.0,0.23299449682235718,142.19631958007812,93500
534000,540000,4354,,default,,1,-0.5802860860753256,0.10707324743270874,-0.5802860860753256,0.10707324743270874,0.10707324743270874,0.5094765424728394,0,0,0,0,0,0,not_enabled,nan,False,nan,nan,nan,,nan,False,disabled,0.0,0.0,0.0,0.008494480513036251,-9.545117378234863,0.0,0.21862724423408508,140.6466064453125,94000
534500,540000,4359,,default,,201,-0.09581411276720461,0.12746571004390717,-25.289672783081002,23.91387989744544,0.12746571004390717,0.3607068955898285,0,0,0,0,0,0,not_enabled,nan,False,nan,nan,nan,,nan,False,disabled,0.0,0.0,0.0,0.008570248261094093,-10.646602630615234,0.0,0.2649232745170593,309.5397033691406,94500
535000,540000,4371,,default,,121,-0.17128301852858638,0.058083176612854004,-16.456432889077597,16.53783556446433,0.058083176612854004,0.4139992594718933,0,0,0,0,0,0,not_enabled,nan,False,nan,nan,nan,,nan,False,disabled,0.0,0.0,0.0,0.008466800674796104,-9.997661590576172,0.0,0.17048802971839905,121.23210906982422,95000
535500,540000,4375,,default,,155,-0.5917448583154468,0.5113362073898315,-70.89660967824614,60.959715746343136,0.5113362073898315,0.1519564390182495,0,0,0,0,0,0,not_enabled,nan,False,nan,nan,nan,,nan,False,disabled,0.0,0.0,0.0,0.008505910634994507,-9.733238220214844,0.0,0.2732793986797333,191.82583618164062,95500
536000,540000,4379,,default,,137,-0.2733020973520548,0.24502107501029968,-43.60803921241654,34.649322509765625,0.24502107501029968,0.2160419076681137,0,0,0,0,0,0,not_enabled,nan,False,nan,nan,nan,,nan,False,disabled,0.0,0.0,0.0,0.008444229140877724,-9.632417678833008,0.0,0.27298909425735474,129.20556640625,96000
536500,540000,4395,,default,,116,-0.32671002548845796,0.18602997064590454,-43.369538293898415,29.92223511636257,0.18602997064590454,0.31652575731277466,0,0,0,0,0,0,not_enabled,nan,False,nan,nan,nan,,nan,False,disabled,0.0,0.0,0.0,0.008593938313424587,-8.863295555114746,0.0,0.2960183024406433,143.8277587890625,96500
537000,540000,4408,,default,,10,0.42422443014273076,0.03109803795814514,3.879822563272147,0.4449872262775898,0.03109803795814514,0.531834065914154,0,0,0,0,0,0,not_enabled,nan,False,nan,nan,nan,,nan,False,disabled,0.0,0.0,0.0,0.008513664826750755,-8.906997680664062,0.0,0.32644733786582947,118.79694366455078,97000
537500,540000,4421,,default,,144,-0.07734835444509891,0.04756011813879013,-14.66365121958526,7.628439374268055,0.04756011813879013,0.490150511264801,0,0,0,0,0,0,not_enabled,nan,False,nan,nan,nan,,nan,False,disabled,0.0,0.0,0.0,0.008403923362493515,-8.026132583618164,0.0,0.20963218808174133,184.17160034179688,97500
538000,540000,4425,,default,,123,-0.22597237238480267,0.1542849987745285,-34.16197298260885,22.83931803703308,0.1542849987745285,0.2767033874988556,0,0,0,0,0,0,not_enabled,nan,False,nan,nan,nan,,nan,False,disabled,0.0,0.0,0.0,0.008388553746044636,-8.526541709899902,0.0,0.47627878189086914,493.9972839355469,98000
538500,540000,4433,,default,,43,-0.30623495486309826,0.22706429660320282,-11.953846575831783,13.000983320176601,0.22706429660320282,0.22289009392261505,0,0,0,0,0,0,not_enabled,nan,False,nan,nan,nan,,nan,False,disabled,0.0,0.0,0.0,0.008457140997052193,-8.823543548583984,0.0,0.35828709602355957,155.84580993652344,98500
539000,540000,4439,,default,,20,-0.12806340442568043,0.3465118706226349,-1.318481426919774,5.441856354475021,0.3465118706226349,0.27718567848205566,0,0,0,0,0,0,not_enabled,nan,False,nan,nan,nan,,nan,False,disabled,0.0,0.0,0.0,0.008388218469917774,-8.84477424621582,0.0,0.2590886354446411,116.80020141601562,99000
539500,540000,4456,,default,,5,0.2682051289606084,0.027066614478826523,1.2884654339670174,0.15101321414113045,0.027066614478826523,0.5662662982940674,0,0,0,0,0,0,not_enabled,nan,False,nan,nan,nan,,nan,False,disabled,0.0,0.0,0.0,0.008474349975585938,-9.06373405456543,0.0,0.22997793555259705,133.3614044189453,99500
540000,540000,4469,,default,,10,0.26766490229122936,0.027837757021188736,1.3920501267723915,0.26254913955926895,0.027837757021188736,0.6153255701065063,0,0,0,0,0,0,not_enabled,nan,False,nan,nan,nan,,nan,False,disabled,0.0,0.0,0.0,0.008346961811184883,-9.845946311950684,0.0,0.2268112748861313,107.99916076660156,100000
