episode,step,episode_reward,episode_cost,episode_length,success,collision,safety_violation_rate,min_distance,mean_risk,lambda,alpha
1,58,-4.936197907409593,35.0084822922945,58,0,1,0.05172413793103448,0.08812808245420456,0.31049107400507764,0.10010179726114048,0.20000000298023224
2,98,-32.923556883376975,74.06114903092384,40,0,1,0.35,-0.005936481524258852,0.6015287257730961,0.10092426902211048,0.20000000298023224
3,127,-32.46836283782351,45.68520191311836,29,0,1,0.2413793103448276,0.05841737613081932,0.5753517901075298,0.10229329309008574,0.20000000298023224
4,161,-13.341423802284417,37.77271111309528,34,0,1,0.14705882352941177,0.07018622010946274,0.43449150332633185,0.10394934700044305,0.20000000298023224
5,401,-17.989620555668086,123.95519796572626,240,0,0,0.09583333333333334,0.011932640336453915,0.2289799915238594,0.10558083821104441,0.20000000298023224
6,427,-25.797245191733225,69.13234081864357,26,0,1,0.5384615384615384,-0.004201939329504967,0.7358592622555219,0.10826022295378195,0.20000000298023224
7,444,-8.298927516608382,37.32232674956322,17,0,1,0.35294117647058826,-0.006946651265025139,0.6660192205625421,0.1117033539520168,0.20000000298023224
8,486,-5.062480116270891,77.03929652273655,42,0,1,0.35714285714285715,-0.002376944525167346,0.5723642029222988,0.11569146288275345,0.20000000298023224
9,726,-24.715195556534127,99.05302566476166,240,0,0,0.05416666666666667,0.09389802068471909,0.25022094026984026,0.11948652683708819,0.20000000298023224
10,772,-19.19758750742848,123.87397038936615,46,0,1,0.6086956521739131,-0.004561998415738344,0.6929123997688293,0.12423829379359061,0.20000000298023224
11,796,-9.229444802896822,32.34633405506611,24,0,1,0.16666666666666666,0.07838649302721024,0.5144305856277546,0.12922635436174845,0.20000000298023224
12,1036,-142.62076414512873,81.70838115364313,240,0,0,0.05,0.09406308084726334,0.1904515881401797,0.1339352376955685,0.19779053330421448
13,1276,-119.23132498951466,214.2391543518752,240,0,0,0.17916666666666667,0.0099713783711195,0.3551631431328133,0.13865500843426395,0.18407699465751648
14,1277,20.079399921793527,0.2789742648601532,1,1,0,0.0,0.4170512557029724,0.2789742648601532,0.1430782777684547,0.18402200937271118
15,1331,-16.89203993747384,53.16780785098672,54,0,1,0.12962962962962962,0.0940149798989296,0.4475519972404948,0.14757267815307468,0.18108120560646057
16,1475,-14.458208498380026,243.57940531149507,144,0,1,0.3819444444444444,0.005012938752770424,0.4901347591076046,0.1524881203424619,0.17357920110225677
17,1561,-35.200532031102846,70.53537948802114,86,0,1,0.13953488372093023,-0.005295591428875923,0.3085509242793155,0.1573678798380078,0.1693168431520462
18,1605,-56.85586809908147,94.4887657314539,44,0,1,0.45454545454545453,-0.0009406039025634527,0.6020174029875885,0.16287738733299745,0.16721482574939728
19,1633,-9.639699473715098,46.822116672992706,28,0,1,0.2857142857142857,-0.01721315085887909,0.5293613097497395,0.16874752867954107,0.1659209132194519
20,1665,-7.11757644929386,34.754456251859665,32,0,1,0.125,0.06975757330656052,0.46107675787061453,0.1746672013376928,0.16446499526500702
21,1690,-6.397698951416909,43.73844674229622,25,0,1,0.28,-0.00877947174012661,0.5895378696918487,0.1809656592977829,0.1633332222700119
22,1727,-14.781138669680534,42.507630333304405,37,0,1,0.16216216216216217,0.05176259204745293,0.44615217117038936,0.18732362179680503,0.16167877614498138
23,1774,-64.3218063963185,63.38456453382969,47,0,1,0.23404255319148937,0.007953787222504616,0.47626733050701464,0.19383799004889551,0.1596042513847351
24,1826,-15.500315982883098,67.49964385479689,52,0,1,0.23076923076923078,0.025362947955727577,0.4519162279768632,0.20047567492544682,0.15733979642391205
25,1852,-22.389030043949454,39.94773828983307,26,0,1,0.23076923076923078,0.05015796050429344,0.5364514726858872,0.20734970129451352,0.1562204658985138
26,2050,-154.4213838763296,268.2494736444205,198,0,1,0.29797979797979796,0.004610761534422636,0.42045188709303283,0.21435742400584512,0.14821381866931915
27,2129,-37.04657931542748,57.052416522055864,79,0,1,0.10126582278481013,0.05770885571837425,0.3171191964817198,0.2211758518254206,0.14513763785362244
28,2155,-10.157655398095663,41.280711114406586,26,0,1,0.23076923076923078,0.06299417465925217,0.5877196582464072,0.22824721808314052,0.14413860440254211
29,2169,-3.969103585627109,43.44723570346832,14,0,1,0.5714285714285714,4.900515250483295e-06,0.8176596931048802,0.23631670301738403,0.1436028927564621
30,2208,-10.497938432738971,63.513090804219246,39,0,1,0.28205128205128205,0.01482311449944973,0.5772587385697242,0.24459698409984124,0.14213043451309204
31,2262,-15.140805787515188,54.70645293593407,54,0,1,0.14814814814814814,0.013519441708922386,0.4204898691839642,0.2527697923590639,0.14010167121887207
32,2294,-3.0519940454610186,49.41712713241577,32,0,1,0.25,-0.0017083862330764532,0.5442852228879929,0.2611061028167694,0.13891194760799408
33,2372,-74.28880333880937,93.4572141468525,78,0,1,0.23076923076923078,0.014544108882546425,0.40329761726733965,0.26942468245765916,0.13604582846164703
34,2398,-14.795576136194155,32.340473383665085,26,0,1,0.15384615384615385,0.0642978772521019,0.4746335916794263,0.27774926529695954,0.13509534299373627
35,2638,-82.15082814874698,139.33205930516124,240,0,0,0.09583333333333334,0.02858695387840271,0.2930502471048385,0.28574789411784735,0.1265721172094345
36,2672,-34.44993571464969,116.21585175395012,34,0,1,0.7941176470588235,-0.002620910992845893,0.8004662280573565,0.2948556481411312,0.1254003494977951
37,2715,-15.15614424146285,74.21667118370533,43,0,1,0.32558139534883723,-0.00669664703309536,0.5631783996210542,0.3041709990118986,0.12394561618566513
38,2750,-17.968763210386854,49.49282958358526,35,0,1,0.22857142857142856,-0.01193611416965723,0.49979513095957895,0.3135276227617503,0.12277417629957199
39,2990,-220.41808318496317,220.89828930795193,240,0,0,0.19166666666666668,0.024896198883652687,0.345409538783133,0.32267662009350095,0.11504131555557251
40,3230,-136.4113417482989,125.12919962219894,240,0,0,0.1,0.01786051131784916,0.2213716650924956,0.3314288533912103,0.10776343941688538
41,3470,-298.56861010017207,37.43103801831603,240,0,0,0.0,0.15190453827381134,0.15596265840965012,0.33962145635323904,0.1008993536233902
42,3606,-65.92022129510225,226.71620150655508,136,0,1,0.35294117647058826,0.02250094711780548,0.5493838346070227,0.3480379446138816,0.09721802920103073
43,3846,-223.74365020005735,45.20196213759482,240,0,0,0.0,0.12079057842493057,0.18834150890664508,0.3559277792159454,0.0909995585680008
44,4086,-61.127835722613874,140.69825370796025,240,0,0,0.09583333333333334,0.08855213224887848,0.2987427237831677,0.3635162434497975,0.08519478142261505
45,4246,-37.19319190593322,19.04583371244371,160,1,0,0.0,0.2252218872308731,0.11903646070277318,0.3705848027023084,0.08154592663049698
46,4373,17.0329621044288,16.081919576972723,127,1,0,0.0,0.23403720557689667,0.12662928800765924,0.37716324863619766,0.07877954095602036
47,4613,-51.991947431223466,51.70339556410909,240,0,0,0.0,0.12717817723751068,0.21543081485045454,0.3833204876808176,0.07387295365333557
48,4853,-267.00944288975256,42.43674153275788,240,0,0,0.0,0.16128785908222198,0.17681975638649117,0.38905827465139986,0.06930489838123322
49,4914,-22.38427510278581,23.129191242158413,61,0,1,0.0,0.1533980518579483,0.24801952855997397,0.39449875580822474,0.06818902492523193
50,5154,-76.94115079847982,46.32102883607149,240,0,0,0.0,0.14668504893779755,0.19300428681696455,0.3995637150506169,0.0639733299612999
51,5394,-83.15709274911997,47.51812047325075,240,0,0,0.0,0.14285819232463837,0.19799216863854477,0.40427442241520867,0.06008993089199066
52,5634,-66.79575617562622,78.11800338700414,240,0,0,0.025,0.1133868545293808,0.2504916807791839,0.40871234025196046,0.0564531534910202
53,5874,-76.88340191118829,80.4189552590251,240,0,0,0.04583333333333333,0.08793866634368896,0.1975789802459379,0.41289590168699764,0.053115323185920715
54,6114,-58.45325452616854,60.366931580007076,240,0,0,0.008333333333333333,0.11519032716751099,0.22652888158336282,0.4167960494910746,0.04998837411403656
55,6354,-96.04818350887179,38.19309491477907,240,0,0,0.0,0.17514877021312714,0.1591378954782461,0.4203807588526869,0.04704485461115837
56,6442,11.577043526140468,49.036167591810226,88,1,0,0.056818181818181816,0.11391384899616241,0.3867746317251162,0.4238648473348084,0.04600103944540024
57,6682,-31.526274971500044,115.77150049991906,240,0,0,0.07916666666666666,0.08739213645458221,0.24488125208299608,0.4272159220188653,0.04330001026391983
58,6922,-68.54887527867487,113.58194985426962,240,0,0,0.058333333333333334,0.07970339804887772,0.2982581243927901,0.4304360720309158,0.04080453887581825
59,7162,-131.4576887197354,42.060804441571236,240,0,0,0.0,0.1325797438621521,0.17525335183988014,0.43338284121828363,0.03851347044110298
60,7172,22.753705738000345,1.5782116279006004,10,1,0,0.0,0.3122696280479431,0.15782116279006003,0.43606118252767817,0.03842174634337425
61,7412,-53.26443333841896,50.38227904960513,240,0,0,0.0,0.14900745451450348,0.20992616270668804,0.4385105698529563,0.03633979707956314
62,7652,-17.417432779698807,44.45862873457372,240,0,0,0.0,0.1648525446653366,0.18524428639405718,0.44073010995516754,0.03442215919494629
63,7892,-44.29301402779123,36.49770598299801,240,0,0,0.0,0.16127125918865204,0.15207377492915838,0.44271470993973283,0.032639242708683014
64,8132,-23.40961641914231,99.70810718275607,240,0,0,0.0625,0.04181085526943207,0.22795044659481695,0.44460780514836723,0.03097134456038475
65,8372,-18.456611228694516,21.897163769230247,240,0,0,0.0,0.26515668630599976,0.0912381823717927,0.4462518646877558,0.0293820071965456
66,8411,-6.416844943081403,22.68298150599003,39,0,1,0.0,0.1353246420621872,0.3764867052817956,0.44790452870537995,0.02914002351462841
67,8517,-33.80407749451695,53.99775344133377,106,0,1,0.0,0.12018559128046036,0.433941070201262,0.4495292659062801,0.02846807800233364
68,8673,2.2941553271776165,48.3357930034399,156,1,0,0.019230769230769232,0.11650243401527405,0.2521525192528199,0.4510276886606079,0.027532164007425308
69,8913,-63.474742709101314,58.05869891680777,240,0,0,0.0,0.14040721952915192,0.24191124548669904,0.4523721458999626,0.02618979476392269
70,9153,-69.87576340296181,39.886678950861096,240,0,0,0.0,0.16467885673046112,0.1661944956285879,0.45353247752516385,0.02496347203850746
71,9393,-19.981222616128004,62.38067211210728,240,0,0,0.0,0.13188189268112183,0.25991946713378034,0.45456475230267196,0.02384325861930847
72,9493,-110.74019444665137,207.65480929613113,100,0,1,0.46,-0.002407951047644019,0.6165480929613113,0.4563836873877853,0.023423530161380768
73,9733,-23.521774165462485,101.06998734921217,240,0,0,0.04583333333333333,0.11182044446468353,0.28362494728838405,0.45812223819228715,0.022470686584711075
74,9973,-46.81878993990565,123.85818263143301,240,0,0,0.0625,0.07181283831596375,0.3285757609643042,0.45983189933704605,0.021678168326616287
75,10213,-25.80232376932219,49.30986710265279,240,0,0,0.0,0.16665320098400116,0.20545777959438663,0.4613588063143642,0.021012715995311737
76,10453,-66.30002817890548,153.75534936785698,240,0,0,0.0875,0.10200005024671555,0.3781472890327374,0.4629296915873328,0.020440883934497833
77,10522,-17.23483186379877,31.536475330591202,69,0,1,0.0,0.12652859091758728,0.3411083381245102,0.46445055778020805,0.020285354927182198
78,10762,-21.26024621666845,60.77966218069196,240,0,0,0.0,0.16656367480754852,0.25324859241954983,0.46582200495964926,0.019847499206662178
79,11002,-59.718451136985934,38.98329555243254,240,0,0,0.0,0.19499458372592926,0.16243039813513557,0.467006094979186,0.01954762451350689
80,11242,-16.600234986257036,149.8638848233968,240,0,0,0.1125,0.013525063171982765,0.28693285343082003,0.4682431969244613,0.01929629035294056
81,11362,-28.25214185738762,105.1397862304002,120,0,1,0.14166666666666666,0.030759477987885475,0.3844982185866684,0.4696565262150995,0.019194267690181732
82,11602,-76.91239642604407,161.0866874177009,240,0,0,0.13333333333333333,0.0672682523727417,0.271194530907087,0.47113478630665934,0.018983256071805954
83,11668,21.977452190218052,15.36909656971693,66,1,0,0.0,0.18203552067279816,0.2328650995411656,0.47245556594341176,0.01896636188030243
84,11908,-21.473189727106476,51.68229731917381,240,0,0,0.0,0.15553174912929535,0.21534290549655755,0.47361797805107486,0.018814977258443832
85,12148,-22.09578289808431,53.820874497294426,240,0,0,0.0,0.1666172444820404,0.22425364373872678,0.47463439637522414,0.018709586933255196
86,12388,-25.245981858650282,65.54113862290978,240,0,0,0.0,0.12840251624584198,0.27308807759545745,0.4755365378219637,0.018653657287359238
87,12398,22.622954129822006,2.1347526162862778,10,1,0,0.0,0.22786714136600494,0.2134752616286278,0.4763003098271806,0.01865343004465103
88,12638,-27.75435930047839,40.393733479082584,240,0,0,0.0,0.1405140906572342,0.16830722282951077,0.47691004684355137,0.018558597192168236
89,12878,-28.68116363024992,31.83788832835853,240,0,0,0.0,0.22581477463245392,0.1326578680348272,0.47735562594312103,0.018397348001599312
90,12990,15.682834325291267,74.73012264817953,112,1,0,0.09821428571428571,0.09869096428155899,0.37259038078731727,0.4779125427066773,0.01835509203374386
91,13230,-21.017409323294558,37.26810213364661,240,0,0,0.0,0.17446351051330566,0.1552837588901942,0.4783192555115009,0.018337149173021317
92,13470,-33.62444756726131,94.70227736234665,240,0,0,0.029166666666666667,0.09794189780950546,0.307092822343111,0.4787029290872548,0.018521832302212715
93,13604,-17.031839900615253,42.499846927821636,134,0,1,0.0,0.1392676681280136,0.2574615442374749,0.47902600050260846,0.01858391985297203
94,13638,21.4730921570784,7.269998416304588,34,1,0,0.0,0.2512091398239136,0.2138234828324879,0.47923983008861065,0.018579138442873955
95,13878,-29.11770966307757,21.745499692857265,240,0,0,0.0,0.22154806554317474,0.0906062487202386,0.4792882713196729,0.018210476264357567
96,14118,-35.06347746841636,42.10497174412012,240,0,0,0.0,0.1940935105085373,0.17543738226716718,0.47922200918031554,0.017832886427640915
97,14358,-48.037043516657995,36.115916358307004,240,0,0,0.0,0.16195641458034515,0.15048298482627917,0.4790343016403392,0.017511330544948578
98,14598,-38.147080494493515,45.38660823367536,240,0,0,0.0,0.15752702951431274,0.189110867640314,0.47875053491118186,0.01720944605767727
99,14838,-47.23945331421635,70.55344797670841,240,0,0,0.0,0.13451841473579407,0.2939726999029517,0.4784279428684339,0.017163021489977837
100,15078,-20.766914637461877,46.85992329381406,240,0,0,0.0,0.15325982868671417,0.19524968039089194,0.4780191052680187,0.0171283558011055
101,15318,-26.51361070958606,98.04775255173445,240,0,0,0.0375,0.0903766080737114,0.29603230229889355,0.4776349756987738,0.01712709106504917
102,15369,20.868415200818003,14.322098515927792,51,1,0,0.0,0.14746974408626556,0.2808254610966234,0.4772104653385394,0.017036197707057
103,15609,-21.604967870094683,34.29683410003781,240,0,0,0.0,0.18303419649600983,0.14290347541682422,0.4766786322340251,0.016731921583414078
104,15849,-105.59039345033533,41.68415918201208,240,0,0,0.0,0.13338948786258698,0.17368399659171702,0.47606023278303244,0.0164297167211771
105,16089,-31.10473372952804,107.42517327703536,240,0,0,0.04583333333333333,0.09082667529582977,0.31010488865431396,0.4754965557489165,0.01648068055510521
106,16103,24.423085237622434,0.8061260655522346,14,1,0,0.0,0.48750579357147217,0.05758043325373104,0.4747898527831333,0.016501815989613533
107,16343,-33.07505588815543,53.00388887524605,240,0,0,0.016666666666666666,0.09826594591140747,0.17084953698019187,0.4740289097341293,0.01656983233988285
108,16583,-78.30528744825178,41.63103346526623,240,0,0,0.0,0.1247863695025444,0.1734626394386093,0.4731927451572948,0.01666153222322464
109,16767,6.4933898548645725,42.33172186464071,184,1,0,0.0,0.12978549301624298,0.23006370578609084,0.4723134206621951,0.01663515344262123
110,17007,-12.333472204075557,25.92563490010798,240,0,0,0.0,0.26649659872055054,0.10802347875044992,0.47133207413122563,0.01667184941470623
111,17059,17.098555468460322,14.401599317789078,52,1,0,0.0,0.19615240395069122,0.27695383303440535,0.47033827184332183,0.01668502576649189
112,17299,-18.440895846339156,23.05511057563126,240,0,0,0.0,0.23358798027038574,0.09606296073179692,0.4692421911501791,0.0166320763528347
113,17539,-58.05989701014602,73.4804440010339,240,0,0,0.016666666666666666,0.11229682713747025,0.25616851667097457,0.468153998750029,0.016904283314943314
114,17779,-57.00766130069035,34.75792075693607,240,0,0,0.0,0.2286619395017624,0.14482466982056696,0.4669926283047967,0.01670905388891697
115,17970,-60.97059431063746,65.91317978128791,191,0,1,0.020942408376963352,0.0965832844376564,0.24038314021616705,0.4658618739728765,0.016538454219698906
116,18210,-13.033953863645273,51.453343860805035,240,0,0,0.0,0.17034898698329926,0.2143889327533543,0.46469485182392894,0.016660301014780998
117,18450,-32.38437048343026,52.53106855973601,240,0,0,0.0,0.18035662174224854,0.21887945233223338,0.46349562050859494,0.016377124935388565
118,18690,-106.6303381995149,27.959545325487852,240,0,0,0.0,0.19340072572231293,0.11649810552286605,0.46221459981178903,0.016108041629195213
119,18930,-16.17874102681846,25.60397632792592,240,0,0,0.0,0.2544616758823395,0.10668323469969133,0.46085097176717327,0.015786567702889442
120,18957,-9.517186428620459,62.39556211233139,27,0,1,0.4444444444444444,-0.0011095241643488407,0.6813171152715329,0.46051099849723887,0.015759138390421867
121,19097,0.26824375095619857,103.62076542526484,140,1,0,0.12857142857142856,0.04212683066725731,0.35443403875189167,0.4603580980530343,0.01581604965031147
122,19337,-61.95871801985634,92.6875930428505,240,0,0,0.05,0.0875750407576561,0.23619830434521039,0.46020594178321256,0.015599584206938744
123,19577,-17.454898888772266,22.930917343124747,240,0,0,0.0,0.30498120188713074,0.09554548892968645,0.45990916607134674,0.015502739697694778
124,19709,-4.166667485024288,105.90891695767641,132,1,0,0.15151515151515152,0.07275228947401047,0.3477948254369425,0.4598283992850654,0.01540711335837841
125,19874,-46.71775838884353,223.4061917886138,165,0,1,0.26666666666666666,-0.012376219965517521,0.5054920714461442,0.46022865929806367,0.015494514256715775
126,20114,-86.71556135847926,167.00015714019537,240,0,0,0.11666666666666667,0.0962616577744484,0.3458339880841474,0.46075682330445406,0.015508928336203098
127,20354,-34.286779749501946,46.890217907726765,240,0,0,0.0,0.13205517828464508,0.19537590794886153,0.46115626706449936,0.015698201954364777
128,20594,-25.081783832348286,48.16613900102675,240,0,0,0.0,0.14690832793712616,0.20069224583761144,0.4614360847594612,0.01547197438776493
129,20834,-47.70614245844457,169.68172161653638,240,0,0,0.12916666666666668,0.009104096330702305,0.3195071734022349,0.46185541515637607,0.01568106934428215
130,21074,-29.658317350869826,104.260462641716,240,0,0,0.05416666666666667,0.09073758125305176,0.2719185943404833,0.4622709883306154,0.015605566091835499
131,21159,20.303083219434992,19.719745092093945,85,1,0,0.0,0.17411695420742035,0.23199700108345817,0.46258178134668454,0.015745026990771294
132,21399,-53.84743781602251,183.13373803719878,240,0,0,0.15,0.0441444031894207,0.3130572418216616,0.46305856333286105,0.01573571190237999
133,21639,-97.23257073077104,93.8041506903246,240,0,0,0.04583333333333333,0.08761868625879288,0.25335062787635254,0.4635069315336669,0.01567838527262211
134,21674,21.58700642124813,4.074560724198818,35,1,0,0.0,0.3085494339466095,0.11641602069139481,0.46379108933477814,0.015684913843870163
135,21914,-110.29998485399183,63.08534790016711,240,0,0,0.0,0.1261412799358368,0.26285561625069626,0.4639924670539592,0.015608074143528938
136,21988,18.879406633563654,7.622088890522718,74,1,0,0.0,0.30558887124061584,0.10300120122327998,0.4640352764877928,0.015514283441007137
137,22033,22.779402260234384,7.080981221050024,45,1,0,0.0,0.2683255076408386,0.15735513824555608,0.46395462301905754,0.015497175045311451
138,22273,-13.682674967614647,42.12873589806259,240,0,0,0.0,0.1698152869939804,0.17553639957526077,0.46376577042354666,0.01507506798952818
139,22513,-22.183492872692526,71.50709575042129,240,0,0,0.0125,0.10971221327781677,0.260446232293422,0.46353533357395804,0.014931363984942436
140,22588,22.11177909675942,24.238692197948694,75,1,0,0.0,0.15572316944599152,0.32318256263931594,0.4632780098481685,0.01495079230517149
141,22828,-11.824384465030633,35.957524839788675,240,0,0,0.0,0.21985213458538055,0.14982302016578614,0.46290846381875134,0.015012257732450962
142,23068,-27.376489678341176,23.688045596703887,240,0,0,0.0,0.25119611620903015,0.0987001899862662,0.46240674518579816,0.01498182862997055
143,23308,-36.71496529698066,89.50235764868557,240,0,0,0.041666666666666664,0.08635618537664413,0.24792649020285656,0.4619165757295941,0.015061314217746258
144,23548,-42.42988774333733,108.74331105872989,240,0,0,0.07083333333333333,0.08713630586862564,0.24059712941137454,0.4614774633109059,0.015299079939723015
145,23788,-34.12796367180065,130.24523391760886,240,0,0,0.0875,0.042600758373737335,0.28018847465670355,0.46113165075048046,0.015303464606404305
146,23991,-48.45004994870273,112.27087252959609,203,0,1,0.07389162561576355,-0.0014078447129577398,0.2919747415251039,0.46087965806076003,0.015297634527087212
147,24062,20.13636711606567,19.200678639113903,71,1,0,0.0,0.17372915148735046,0.2704320935086465,0.46057548105227997,0.01524666603654623
148,24093,23.085255544811837,10.854167506098747,31,1,0,0.0,0.17388541996479034,0.35013443568060476,0.4602615801120642,0.015222279354929924
149,24136,-16.780552234207697,65.66560004651546,43,0,1,0.2558139534883721,0.0035484677646309137,0.5736186057329178,0.4605269277077722,0.015211047604680061
150,24376,-36.5431913695542,50.30475425720215,240,0,0,0.0,0.16269780695438385,0.2096031427383423,0.46068380949506393,0.015035347081720829
151,24616,-105.49132796452913,111.91559470072389,240,0,0,0.041666666666666664,0.08794958889484406,0.34131497791968285,0.46086600468195094,0.014989867806434631
152,24856,-21.593422159486614,107.32621013000607,240,0,0,0.06666666666666667,0.06438366323709488,0.24719254220835865,0.4610626863805978,0.015240778215229511
153,25042,-34.248051542723886,33.477012142539024,186,0,1,0.0,0.14249803125858307,0.13697318356203778,0.4611395259624374,0.015284626744687557
154,25282,-36.723176485461664,59.951196854934096,240,0,0,0.0,0.1554078310728073,0.2497966535622254,0.46113742189196616,0.015151239931583405
155,25522,-32.95694272198447,70.43062286451459,240,0,0,0.0,0.12255106121301651,0.2934609286021441,0.4610821534893195,0.015420476906001568
156,25762,-47.71975121374805,53.54857347346842,240,0,0,0.0,0.1359999179840088,0.22311905613945177,0.4609412080348749,0.015391914173960686
157,26002,-22.464422731736622,91.5267622731626,240,0,0,0.03333333333333333,0.10775133967399597,0.28136150947151084,0.46079799060788834,0.01542370393872261
158,26242,-13.553625865929973,27.058612514287233,240,0,0,0.0,0.2062387466430664,0.11274421880953014,0.46051830616165584,0.01521341223269701
159,26482,-17.00924560105044,16.572001038119197,240,0,0,0.0,0.3051089644432068,0.06905000432549666,0.4600871309398977,0.015281625092029572
160,26722,-34.65189975266201,114.53550168685615,240,0,0,0.07916666666666666,0.05843306705355644,0.2397312570285673,0.4597161301077418,0.015049791894853115
161,26962,-46.88749435085967,43.60534216463566,240,0,0,0.0,0.1588788777589798,0.1816889256859819,0.45925452378003667,0.014877386391162872
162,27202,-48.30688490723199,161.50551492348313,240,0,0,0.11666666666666667,0.10823910683393478,0.32293964551451304,0.458952467591474,0.014725734479725361
163,27264,-15.863162003024419,72.59212778508663,62,0,1,0.20967741935483872,-0.0013480246998369694,0.41277625459817147,0.45905093459770313,0.014752011746168137
164,27277,23.594664442690135,3.4240200221538544,13,1,0,0.0,0.1854296177625656,0.2633861555502965,0.45907617133139594,0.014759406447410583
165,27517,-14.015557900067103,59.35083381459117,240,0,0,0.0,0.1284043788909912,0.24729514089412988,0.45902379379885117,0.014905058778822422
166,27757,-26.61802550627585,57.95757464878261,240,0,0,0.0,0.14099498093128204,0.24148989436992754,0.4588947800901186,0.014980529434978962
167,27997,-18.333663206774887,39.930536983534694,240,0,0,0.0,0.15789289772510529,0.16637723743139457,0.4586554056855383,0.01503494568169117
168,28041,-1.4119908074668932,26.906233847141266,44,0,1,0.0,0.1334667056798935,0.4296871328895742,0.45853375265854096,0.015102709643542767
169,28281,-51.60798526345448,33.46424370445311,240,0,0,0.0,0.18627972900867462,0.13943434876855462,0.45828789945727777,0.015153688378632069
170,28521,-62.48417635474234,240.86841756291687,240,0,0,0.2,0.04531046748161316,0.40361840651215364,0.4583561481193338,0.0151009950786829
171,28566,22.553459491494927,7.163770213723183,45,1,0,0.0,0.22526074945926666,0.15919489363829295,0.45830058179510613,0.014985465444624424
172,28806,-23.319597849411462,66.6295017208904,240,0,0,0.0125,0.11534290760755539,0.24012292383704334,0.4581866052490084,0.014983050525188446
173,28855,-8.550305795010514,21.982857435941696,49,0,1,0.0,0.1422071009874344,0.2853644374681979,0.4581026424020109,0.015043658204376698
174,29095,-20.04185179018168,66.48524145781994,240,0,0,0.008333333333333333,0.11825516074895859,0.2520218394075831,0.45796138861706703,0.015076404437422752
175,29317,-42.41815864616027,88.12558499351144,222,0,1,0.02252252252252252,0.07834934443235397,0.29335849096176325,0.4578256785686531,0.014789213426411152
176,29359,20.429143350083805,7.292367443442345,42,1,0,0.0,0.257184237241745,0.17362779627243677,0.457583567920796,0.01481429859995842
177,29599,-48.048125071676424,197.00264659710228,240,0,0,0.14166666666666666,0.09487467259168625,0.3958443608212595,0.45756398498574247,0.014875981025397778
178,29839,-27.173102398877557,62.13965470157564,240,0,0,0.0125,0.11648325622081757,0.22141522792323182,0.45747483881140316,0.014835992828011513
179,29966,9.437631299325224,34.112384082749486,127,1,0,0.0,0.12863320112228394,0.2686014494704684,0.4573244506705161,0.014932631514966488
180,30206,-56.903260529904934,100.25477056950331,240,0,0,0.05416666666666667,0.05867738649249077,0.2552282107062638,0.45719044604202647,0.015093970112502575
181,30268,18.941119092631126,126.99662253260612,62,1,0,0.46774193548387094,0.045075710862874985,0.6451068150420343,0.45788730795570814,0.015067075379192829
182,30320,-8.030409318418517,54.15457205474377,52,0,1,0.1346153846153846,0.06806007772684097,0.483741770283534,0.4588700438126937,0.015016911551356316
183,30480,18.64785401594463,19.55110377073288,160,1,0,0.0,0.23804925382137299,0.1221943985670805,0.4596647400761135,0.015096640214323997
184,30720,-10.074308178735288,38.501157723367214,240,0,0,0.0,0.17945550382137299,0.16042149051403007,0.46029991227161937,0.015078633092343807
185,30795,21.699193204619434,14.818211071193218,75,1,0,0.0,0.1863125115633011,0.19757614761590958,0.4608021139311579,0.015166571363806725
186,30796,19.913978301790358,0.40497565269470215,1,1,0,0.0,0.24119748175144196,0.40497565269470215,0.4612816933340668,0.015169905498623848
187,30825,-10.1037884409969,49.97700250148773,29,0,1,0.27586206896551724,0.08125708252191544,0.6198966379823356,0.4623989662237525,0.015200330875813961
188,31065,-9.855385110698577,54.965612752363086,240,0,0,0.0,0.14590951800346375,0.22902338646817952,0.46337488716218794,0.015172899700701237
189,31172,15.556329744730306,20.119618533179164,107,1,0,0.0,0.15218712389469147,0.188033818067095,0.4641960289627352,0.015314552932977676
190,31412,-29.65056868987465,152.9603169709444,240,0,0,0.075,0.07827749103307724,0.4123346540456017,0.4650947810002779,0.015447396785020828
191,31652,-21.166380329390687,22.39837109297514,240,0,0,0.0,0.25037163496017456,0.09332654622072975,0.4657952587090538,0.015300064347684383
192,31892,-62.49272073881955,102.28785298019648,240,0,0,0.05416666666666667,0.07778140157461166,0.26369938741748533,0.4664738122260997,0.0152430459856987
193,32132,-21.91227240328478,62.95062068477273,240,0,0,0.0,0.12446899712085724,0.2622942528532197,0.46704958519371986,0.0153879439458251
194,32372,-27.121989455277003,49.97038305737078,240,0,0,0.0,0.132127046585083,0.2082099294057116,0.4675006744776619,0.015281704254448414
195,32612,-22.351111275625993,53.210833102464676,240,0,0,0.0,0.13901032507419586,0.22171180459360282,0.46784006519970367,0.015159434638917446
196,32703,18.348530055813796,23.509970366954803,91,1,0,0.0,0.14857225120067596,0.258351322713789,0.4680916620470002,0.015296767465770245
197,32943,-19.824450207861872,64.1543839070946,240,0,0,0.0,0.1457510143518448,0.2673099329462275,0.468264334018405,0.015280844643712044
198,33183,-28.56278315776244,136.7804450634867,240,0,0,0.0875,0.10419505089521408,0.3074185210978612,0.4685133316517885,0.015373216941952705
199,33423,-53.00956307020974,70.91363470256329,240,0,0,0.0125,0.11548279970884323,0.25797347792734704,0.4686976161424665,0.015350677073001862
200,33663,-46.938085025557626,260.59870383515954,240,0,0,0.21666666666666667,0.06649797409772873,0.4358279326464981,0.46921560037493387,0.015425615943968296
201,33782,17.557962919652464,28.68573883548379,119,1,0,0.0,0.16259647905826569,0.24105662886961168,0.4696282137102127,0.015414955094456673
202,33832,19.091592379824792,9.191672079265118,50,1,0,0.0,0.22045506536960602,0.18383344158530235,0.4699121130995202,0.015483967028558254
203,34072,-23.956610896426508,89.2387366015464,240,0,0,0.03333333333333333,0.10876136273145676,0.27182806917311003,0.47016773155394886,0.01560727134346962
204,34312,-21.65698022600705,36.9899867773056,240,0,0,0.0,0.23445339500904083,0.15412494490544001,0.4702876315581088,0.015331342816352844
205,34357,22.927119100769353,6.975902818143368,45,1,0,0.0,0.2407836765050888,0.15502006262540818,0.4702790465933735,0.015344376675784588
206,34433,21.323661236705316,25.13055456802249,76,1,0,0.0,0.1417037397623062,0.3306651916845064,0.4702362234727172,0.015323998406529427
207,34673,-34.486016346048494,130.76580725423992,240,0,0,0.075,0.07056637853384018,0.31985753022599966,0.4702679702732067,0.015068433247506618
208,34741,18.230957323259446,22.914109751582146,68,1,0,0.0,0.13325172662734985,0.3369722022291492,0.47026661583478635,0.015055053867399693
209,34937,14.977517368476317,32.380654238164425,196,1,0,0.0,0.1419479101896286,0.16520741958247157,0.4701479328280782,0.01496365200728178
210,35177,-18.000829812822275,36.14179509691894,240,0,0,0.0,0.13296841084957123,0.15059081290382892,0.4699104793781574,0.01474764384329319
211,35417,-28.954463302653348,44.2194559853524,240,0,0,0.0,0.1451987475156784,0.18424773327230165,0.46957702246736877,0.014753538183867931
212,35657,-52.53128845705454,83.87138802185655,240,0,0,0.0,0.12060945481061935,0.3494641167577356,0.46923497046049845,0.014702321030199528
213,35746,18.81714479754952,24.078702203929424,89,1,0,0.0,0.14300982654094696,0.2705472157744879,0.46884529466185887,0.014687920920550823
214,35986,-24.193278514116567,28.87647869810462,240,0,0,0.0,0.1881362944841385,0.12031866124210258,0.46833526198377234,0.014516586437821388
215,36158,2.491909204942953,44.13858978077769,172,1,0,0.0,0.14756323397159576,0.2566197080277773,0.46777904079360405,0.01446201279759407
216,36203,20.245244645501973,6.896833185106516,45,1,0,0.0,0.31008437275886536,0.1532629596690337,0.46712726214277867,0.014482978731393814
217,36356,6.757810393060437,74.07411888986826,153,1,0,0.0457516339869281,0.11679709702730179,0.3468896659468514,0.46655014470844836,0.014458647929131985
218,36596,-44.18829105611984,61.76334595680237,240,0,0,0.0,0.14229312539100647,0.25734727482000985,0.4659305567832446,0.014539364725351334
219,36753,10.622237222066298,33.386614598333836,157,1,0,0.0,0.1525021344423294,0.21265359616773144,0.46524827505238486,0.014582864940166473
220,36809,20.584705036408845,9.391274020075798,56,1,0,0.0,0.2686338424682617,0.16770132178706781,0.46448395806896164,0.014547381550073624
221,36828,22.95541069627248,1.6323755532503128,19,1,0,0.0,0.4143781065940857,0.08591450280264805,0.46360081418611093,0.01456561591476202
222,36938,17.66486144823689,14.922458166256547,110,1,0,0.0,0.22712458670139313,0.13565871060233226,0.4626296568527039,0.014514420181512833
223,37178,-23.08656153949864,108.05055597051978,240,0,0,0.06666666666666667,0.10539595037698746,0.25021064987716574,0.46173216271090584,0.01436566561460495
224,37418,-18.89561688149995,65.72237287089229,240,0,0,0.004166666666666667,0.11917223781347275,0.26134322029538454,0.46081646488634537,0.014516248367726803
225,37658,-47.5361957097656,38.31369152851403,240,0,0,0.0,0.12394428998231888,0.15964038136880845,0.4598263721436973,0.014346123673021793
226,37898,-17.733155893330718,44.43753996118903,240,0,0,0.0,0.12864580750465393,0.1851564165049543,0.45877836224643415,0.01444131787866354
227,38138,-50.75454355261346,85.42672927677631,240,0,0,0.041666666666666664,0.08674745261669159,0.2309447053199013,0.4577607251966941,0.014442304149270058
228,38182,22.99270840369533,8.201146677136421,44,1,0,0.0,0.2506182789802551,0.18638969720764595,0.45668716484804484,0.014401523396372795
229,38422,-18.191932589070515,51.1031835116446,240,0,0,0.0,0.14589686691761017,0.21292993129851917,0.4555737474824773,0.014271174557507038
230,38444,23.479403476112466,6.3851132690906525,22,1,0,0.0,0.27037420868873596,0.29023242132230237,0.4544611171958493,0.014242791570723057
231,38684,-39.63483739825032,88.68753351084888,240,0,0,0.03333333333333333,0.09453664720058441,0.269531389628537,0.453388884118367,0.014283489435911179
232,38724,21.982567966934056,8.508284710347652,40,1,0,0.0,0.21131931245326996,0.2127071177586913,0.45227661625363813,0.014293927699327469
233,38810,-25.256516842642824,36.57693825662136,86,0,1,0.0,0.14267294108867645,0.3322899797281554,0.45123261839991674,0.01429872028529644
234,39050,-21.32296085130597,68.97599577903748,240,0,0,0.025,0.11250903457403183,0.21239998241265615,0.4501845204300878,0.014271588996052742
235,39248,-3.68860123056454,35.927819488570094,198,1,0,0.0,0.13302494585514069,0.18145363378065704,0.4490795541756406,0.014022598043084145
236,39488,-33.6207361440758,38.075914645567536,240,0,0,0.0,0.14233480393886566,0.1586496443565314,0.447909161056094,0.01399991661310196
237,39728,-32.20955697542238,48.72434714436531,240,0,0,0.0,0.17382986843585968,0.20301811310152212,0.4466987966490755,0.013981050811707973
238,39771,22.93457573888924,5.186936169862747,43,1,0,0.0,0.2859717905521393,0.12062642255494761,0.44540926367368544,0.013969249092042446
239,40011,-26.889849555917614,24.927754424512386,240,0,0,0.0,0.1863972395658493,0.10386564343546828,0.4440361401687826,0.01404630858451128
240,40020,23.05428661156231,3.378938168287277,9,1,0,0.0,0.21120257675647736,0.3754375742541419,0.442719391626252,0.014060884714126587
241,40260,-25.730018799879673,86.64891457743943,240,0,0,0.04583333333333333,0.07112246006727219,0.22353714407266428,0.44144899908288426,0.014033983461558819
242,40500,-31.324025899121658,74.2368639074266,240,0,0,0.008333333333333333,0.11822966486215591,0.28432026628094414,0.44019678629982534,0.013963495381176472
243,40698,1.9612820637703337,104.63576527684927,198,1,0,0.06060606060606061,0.10761063545942307,0.3466452791760064,0.43907141588641646,0.013826483860611916
244,40938,-31.31150955527022,59.40434738062322,240,0,0,0.0,0.13359293341636658,0.24751811408593008,0.437926073050721,0.013770570047199726
245,41178,-14.88488006898005,16.403803162276745,240,0,0,0.0,0.327768474817276,0.06834917984281977,0.43667217194673175,0.013788113370537758
246,41418,-35.267247516507176,47.12970631197095,240,0,0,0.0,0.14864729344844818,0.19637377629987895,0.43537915278609185,0.013908320106565952
247,41658,-18.786705105305273,36.6110944468528,240,0,0,0.0,0.22515277564525604,0.15254622686188668,0.4340270576969149,0.013853877782821655
248,41835,16.251729053862917,25.63572071120143,177,1,0,0.0,0.17359678447246552,0.14483458028927362,0.43261498465234144,0.013784687966108322
249,42075,-23.60749453264907,45.84938323125243,240,0,0,0.0,0.13349585235118866,0.19103909679688513,0.4311690348083951,0.013864663429558277
250,42152,19.352426400261542,19.465300612151623,77,1,0,0.0,0.1832415610551834,0.252796111846125,0.4297217805125691,0.013900980353355408
251,42372,11.485498136899963,43.71685807779431,220,1,0,0.0,0.15607543289661407,0.19871299126270142,0.4282462454271658,0.013808732852339745
252,42561,13.326281616657633,38.017149861902,189,1,0,0.0,0.1630675345659256,0.20114894106826453,0.4267450615665668,0.013902266509830952
253,42789,-19.705604844406185,64.58761618472636,228,0,1,0.0,0.12701644003391266,0.24819129905581735,0.4252605764081747,0.014072206802666187
254,42809,22.408393010197347,3.1655905321240425,20,1,0,0.0,0.28385958075523376,0.15827952660620212,0.4237294552710054,0.014055930078029633
255,42851,-11.2220818263632,26.88003033399582,42,0,1,0.0,0.12333228439092636,0.44952453176180523,0.42239489055181356,0.014086224138736725
256,43071,8.609937116681204,42.08738236501813,220,1,0,0.0,0.1447274535894394,0.19130628347735512,0.42102270721032,0.014074306935071945
257,43311,-13.287908431818426,55.05162557400763,240,0,0,0.0,0.15871407091617584,0.22938177322503178,0.4196338239225136,0.014009499922394753
258,43551,-20.525953571801654,162.8002868667245,240,0,0,0.1125,0.06019894406199455,0.34083452861135205,0.4184535520634032,0.01395337749272585
259,43774,0.35828353220604825,36.97930990718305,223,1,0,0.0,0.13046681880950928,0.16582650182593298,0.4172152070481613,0.013928423635661602
260,43902,11.298091938940267,53.45973115414381,128,1,0,0.03125,0.11633498221635818,0.3239041496417485,0.41604760635850235,0.013850423507392406
261,43906,20.423069393938597,1.3999297618865967,4,1,0,0.0,0.15939642488956451,0.34998244047164917,0.41491337692356217,0.013853350654244423
262,44146,-32.819576505184784,45.454151721671224,240,0,0,0.0,0.1240697130560875,0.18939229884029676,0.4137305551097892,0.013698569498956203
263,44386,-32.223902445265395,56.76951501518488,240,0,0,0.0,0.12205253541469574,0.23653964589660367,0.41252514420965314,0.013797071762382984
264,44405,22.765596445173998,4.060249418020248,19,1,0,0.0,0.2535874843597412,0.2136973377905394,0.4112868525234191,0.013761819340288639
265,44585,1.2478787794966983,58.779329719021916,180,1,0,0.0,0.12435479462146759,0.326551831772344,0.410073751337383,0.013765028677880764
266,44825,-13.018544946739535,40.54275847785175,240,0,0,0.0,0.16631869971752167,0.1689281603243823,0.40880576929081086,0.013606108725070953
267,44934,20.223438048211637,24.07301500067115,109,1,0,0.0,0.16163401305675507,0.22085334863001055,0.40751161302088235,0.013542553409934044
268,45030,18.3019852178721,26.81786118261516,96,1,0,0.0,0.13198696076869965,0.27935272065224126,0.40622184092477637,0.0135878324508667
269,45178,14.609458930446305,31.036302162334323,148,1,0,0.0,0.15034903585910797,0.20970474434009678,0.40490140980564576,0.013598675839602947
270,45312,4.497555975950034,30.773979399353266,134,1,0,0.0,0.1680135428905487,0.22965656268174078,0.40356182852381256,0.01365447137504816
271,45552,-29.33469754087551,44.79241464473307,240,0,0,0.0,0.16238664090633392,0.18663506101972113,0.40218254383658086,0.013738328590989113
272,45792,-19.479369745407187,120.37116412259638,240,0,0,0.075,0.1128617599606514,0.2765465171774849,0.40092299664229947,0.01364362146705389
273,45944,19.277863616498767,15.713181383907795,152,1,0,0.0,0.20471833646297455,0.10337619331518286,0.39957811490438977,0.013664240948855877
274,46184,-11.773138495667986,50.2583944760263,240,0,0,0.0,0.12393137067556381,0.2094099769834429,0.39820518224186724,0.013671422377228737
275,46205,24.450875901906713,3.3125943392515182,21,1,0,0.0,0.2675331234931946,0.15774258758340562,0.39677976750626254,0.01366516575217247
276,46394,3.4955374085839246,75.63019571080804,189,1,0,0.037037037037037035,0.08136488497257233,0.2890486545545399,0.39542570339027094,0.013734674081206322
277,46553,4.08952612674986,47.30793020874262,159,1,0,0.031446540880503145,0.11004702001810074,0.20319452961473344,0.39408810955620704,0.013745732605457306
278,46560,21.879559842076016,1.4003928750753403,7,1,0,0.0,0.35150009393692017,0.2000561250107629,0.3927174234763517,0.013749579899013042
279,46800,-9.188189809847975,25.87959126383066,240,0,0,0.0,0.2559165060520172,0.10783163026596108,0.3912691875156221,0.01387533824890852
280,47013,7.466278679203034,28.226620014756918,213,1,0,0.0,0.17687095701694489,0.132519342792286,0.38975962302432515,0.013725664466619492
281,47034,22.45358384419361,1.2011888474225998,21,1,0,0.0,0.45236286520957947,0.057199468924885706,0.3881541364920555,0.013707730919122696
282,47274,-30.313558784485313,135.00828843191266,240,0,0,0.06666666666666667,0.06315053254365921,0.3625345351329694,0.3867101915539658,0.013664782047271729
283,47335,20.27442231500742,14.010865733027458,61,1,0,0.0,0.18057958781719208,0.2296863234922534,0.3852532870245267,0.013653318397700787
284,47345,22.2736711568833,1.0997198149561882,10,1,0,0.0,0.3373478055000305,0.10997198149561882,0.38372421371230736,0.01365862600505352
285,47393,20.18463264841969,12.67573469132185,48,1,0,0.0,0.2059733122587204,0.2640778060692052,0.3822036329687336,0.013669643551111221
286,47633,-17.70102849690047,75.41108178906143,240,0,0,0.029166666666666667,0.06718561798334122,0.22671284078775594,0.3807161876827324,0.013441214337944984
287,47873,-14.544411158871416,67.30808485671878,240,0,0,0.020833333333333332,0.10648998618125916,0.21795035356966158,0.3792433398378161,0.013623591512441635
288,48113,-22.68578301168851,30.5095881447196,240,0,0,0.0,0.16558845341205597,0.12712328393633168,0.3777076960271138,0.013528089970350266
289,48353,-19.433481126290584,29.830708850175142,240,0,0,0.0,0.19543957710266113,0.1242946202090631,0.3761109817170511,0.013530205935239792
290,48402,22.424080351832693,11.038737177848816,49,1,0,0.0,0.22036857903003693,0.22528035056834317,0.3745067432977757,0.01349068246781826
291,48424,25.118151855587353,3.2358188182115555,22,1,0,0.0,0.15898029506206512,0.1470826735550707,0.3728562581362417,0.013471313752233982
292,48497,18.326687935941255,7.346970438957214,73,1,0,0.0,0.3426700532436371,0.10064343067064677,0.3711386189481196,0.013352209702134132
293,48511,22.063589319895875,1.904098391532898,14,1,0,0.0,0.393759548664093,0.13600702796663558,0.369374865233387,0.013327103108167648
294,48720,3.447284664295889,164.5471104402095,209,1,0,0.15311004784688995,0.09737660735845566,0.327976604977079,0.36789295257864985,0.013181941583752632
295,48879,7.870113017854461,50.6457581743598,159,1,0,0.0,0.12806878983974457,0.3185267809708163,0.366444398947135,0.0132673941552639
296,48896,23.322553839144884,1.5107521563768387,17,1,0,0.0,0.29208239912986755,0.08886777390451993,0.3649127068841481,0.013281699270009995
297,49083,4.798950607227766,99.96535740792751,187,1,0,0.0962566844919786,0.06202312931418419,0.2458040503097728,0.36352488647620346,0.013390994630753994
298,49323,-24.55222258509079,211.12442105636,240,0,0,0.16666666666666666,0.07933834940195084,0.37968508773483334,0.36244629963252345,0.013320152647793293
299,49327,20.496300625163013,0.4663642793893814,4,1,0,0.0,0.4995536506175995,0.11659106984734535,0.3612799376659511,0.013326137326657772
300,49369,23.32336295809891,6.9712803065776825,42,1,0,0.0,0.2745886743068695,0.16598286444232577,0.36005488522992857,0.013368786312639713
301,49471,-11.449509522893383,94.90456036478281,102,0,1,0.12745098039215685,0.11408958584070206,0.4696525525959099,0.3591563038488678,0.013458291999995708
302,49487,23.39625921045444,4.463961511850357,16,1,0,0.0,0.22151939570903778,0.2789975944906473,0.35824215033410545,0.013457811437547207
303,49635,16.79380317453671,25.77465551905334,148,1,0,0.0,0.15045379102230072,0.1741530778314415,0.35726078103399694,0.01341521181166172
304,49692,-16.146962207677863,29.473178401589394,57,0,1,0.0,0.1265990436077118,0.37672242809805956,0.35638701685153934,0.013391449116170406
305,49932,-111.7008558830269,46.53110671788454,240,0,0,0.0,0.12134870886802673,0.19387961132451892,0.3554538806838669,0.013445810414850712
