step,time,reward,cost,goal_error_norm,d_min,risk_global,beta,closest_link,safety_violation,collision,collision_capsule_overlap,collision_pybullet_contact,collision_contact_link_indices,collision_contact_link_names,collision_min_contact_distance,success,qdot_norm,acc_norm,jerk_norm,qdot_requested_norm,risk_speed_scale,risk_speed_h_min_m,recovery_active,recovery_triggered,recovery_success,recovery_initially_unsafe,recovery_initial_h_min_m,recovery_command_norm,safety_filter_status,safety_filter_intervention_norm,safety_filter_safe_stop,safety_filter_active_constraints,safety_filter_constraint_count,safety_filter_active_constraint_categories,safety_filter_max_constraint_category,safety_filter_projection_iterations,safety_filter_fallback_used,safety_filter_qp_solver_used,safety_filter_qp_solver_status,safety_filter_fallback_stage,safety_filter_max_constraint_violation,predictive_risk_status,predictive_h_min_m,predictive_h_by_link_m,predictive_distance_by_link_m,predictive_robust_distance_by_link_m,predictive_time_by_link_s,safety_jacobian_command_by_link_mps,safety_drift_by_link_mps,safety_constraint_residual_by_link_mps,filter_obstacle_position_m,filter_obstacle_velocity_mps,safety_filter_solve_time_s,safety_filter_predictive_risk_time_s,safety_filter_jacobian_workspace_time_s,safety_filter_projection_time_s
0,0.05,-0.4241684260772707,0.2874079942703247,0.2246963083744049,0.3374072015285492,0.26744070649147034,0.35,2,0,0,0,0,,,nan,0,0.35724639892578125,7.144927978515625,142.8985595703125,0.41848355531692505,1.0,nan,0,0,0,0,0.17213806195808734,0.0,filtered,0.07263013824162802,0,1,12,workspace_z_lower|joint_5_acceleration_lower|joint_3_acceleration_upper,workspace_z_lower,0,0,1,solved,osqp,0.0,valid,0.17213806195808734,0.47320633|0.362757177|0.172138062|0.269629181|0.275988517|0.366103269,0.62320633|0.512757177|0.322138062|0.419629181|0.425988517|0.516103269,0.59320633|0.482757177|0.292138062|0.389629181|0.395988517|0.486103269,0.15|0.15|0.15|0.15|0.15|0.15,0|0|-0.0626769604|-0.00635031807|0.0299514282|0.025482037,-0.217546522|-0.132028661|-0.171034608|-0.306329763|-0.293288593|-0.301694835,1.6752788|1.31900005|0.454840679|0.765836645|0.840616904|1.18820028,0.467736959|-0.550037146|0.540404022,0.0252142921|0.29349336|-0.0850889608,0.0049731312319636345,0.001419590786099434,0.001346459612250328,0.0021674297749996185
1,0.1,-0.43412575564972017,0.30524373054504395,0.2260591834783554,0.3254421651363373,0.2840145230293274,0.35,2,0,0,0,0,,,nan,0,0.5340985059738159,4.631160259246826,111.15899658203125,0.611272394657135,1.0,nan,0,0,0,0,0.17213806195808734,0.0,filtered,0.17400390961125273,0,0,12,,workspace_z_lower,0,0,1,solved,osqp,7.096113018023598e-07,valid,0.16116493752216843,0.46237471|0.356860383|0.161164938|0.253706199|0.263417423|0.351835801,0.61237471|0.506860383|0.311164938|0.403706199|0.413417423|0.501835801,0.58237471|0.476860383|0.281164938|0.373706199|0.383417423|0.471835801,0.15|0.15|0.15|0.15|0.15|0.15,0|0|-0.0644782842|0.00138826799|0.0387232599|0.0274975399,-0.214494393|-0.126279064|-0.164636299|-0.306449087|-0.291645364|-0.300872281,1.63500445|1.30116247|0.415545167|0.709763977|0.800747589|1.13396846,0.468997598|-0.535362244|0.536149681,0.0252142921|0.29349336|-0.0850889608,0.003132949583232403,0.000827728770673275,0.0009185317903757095,0.001363934949040413
2,0.15000000000000002,-0.43250598611934843,0.31131821870803833,0.22702422738075256,0.31413382291793823,0.28896623849868774,0.35,2,0,0,0,0,,,nan,0,0.6071667671203613,2.714733123779297,74.373779296875,0.6879093647003174,1.0,nan,0,0,0,0,0.17213806195808734,0.0,filtered,0.21563227903807947,0,0,12,,workspace_z_lower,0,0,1,solved,osqp,9.483731985837629e-07,valid,0.1500917748071744,0.451710417|0.350960647|0.150091775|0.238079354|0.251736948|0.337528119,0.601710417|0.500960647|0.300091775|0.388079354|0.401736948|0.487528119,0.571710417|0.470960647|0.270091775|0.358079354|0.371736948|0.457528119,0.15|0.15|0.15|0.15|0.15|0.15,0|0|-0.0524955977|0.0122226585|0.0438455043|0.0361264379,-0.211308668|-0.120425402|-0.158095864|-0.306537458|-0.289818|-0.30005466,1.595533|1.28341719|0.389775638|0.658002617|0.760975298|1.08618425,0.470258236|-0.520687342|0.531895339,0.0252142921|0.29349336|-0.0850889608,0.003038030117750168,0.0008283257484436035,0.0008708927780389786,0.0013178316876292229
3,0.2,-0.4232521340392967,0.32356923818588257,0.22681182622909546,0.3031363785266876,0.30012914538383484,0.35,2,0,0,0,0,,,nan,0,0.671292781829834,2.4877853393554688,47.1760368347168,0.7467641234397888,1.0,nan,0,0,0,0,0.17213806195808734,0.0,filtered,0.2361320310868959,0,1,12,workspace_z_lower,workspace_z_lower,2,0,0,inaccurate_solution,,0.0,valid,0.13974243210028903,0.441220373|0.345110706|0.139742432|0.222960675|0.24025817|0.323525566,0.591220373|0.495110706|0.289742432|0.372960675|0.39025817|0.473525566,0.561220373|0.465110706|0.259742432|0.342960675|0.36025817|0.443525566,0.15|0.15|0.15|0.15|0.15|0.15,0|0|-0.0352761987|0.0622964752|0.0854519909|0.077168481,-0.207983871|-0.114453954|-0.151084227|-0.306587198|-0.288003909|-0.299281009,1.55689762|1.26598887|0.372609303|0.647551977|0.758480761|1.07198974,0.471518874|-0.50601244|0.527640998,0.0252142921|0.29349336|-0.0850889608,0.0031343046575784683,0.000809752382338047,0.0008994881063699722,0.0014038560912013054
4,0.25,-0.41550985618902747,0.3416574001312256,0.22522689402103424,0.2921677529811859,0.31706351041793823,0.35,2,0,0,0,0,,,nan,0,0.7059434056282043,3.0445497035980225,39.28095245361328,0.7806676030158997,1.0,nan,0,0,0,0,0.17213806195808734,0.0,filtered,0.2569895759258683,0,1,12,workspace_z_lower,workspace_z_lower,2,0,0,inaccurate_solution,,0.0,valid,0.129701308098751,0.430945772|0.338515924|0.129701308|0.210148525|0.231222248|0.311458268,0.580945772|0.488515924|0.279701308|0.360148525|0.381222248|0.461458268,0.550945772|0.458515924|0.249701308|0.330148525|0.351222248|0.431458268,0.15|0.15|0.15|0.15|0.15|0.15,0|0|-0.0180236591|0.130423865|0.142622387|0.130707012,-0.204506241|-0.108479799|-0.144084808|-0.306608777|-0.286508757|-0.298671892,1.51927685|1.2455839|0.356696765|0.664409188|0.781002623|1.07786819,0.472779512|-0.491337776|0.523386657,0.0252142921|0.29349336|-0.0850889608,0.003246275708079338,0.0008210605010390282,0.0008966652676463127,0.001499430276453495
5,0.30000000000000004,-0.4186396328026153,0.3655264675617218,0.22254563868045807,0.2809750735759735,0.3396264910697937,0.35,2,0,0,0,0,,,nan,0,0.6596639752388,4.819376468658447,69.63246154785156,0.7295511960983276,1.0,nan,0,0,0,0,0.17213806195808734,0.0,filtered,0.2482057505768512,0,1,12,workspace_z_lower,workspace_z_lower,2,0,0,inaccurate_solution,,0.0,valid,0.11963934501545662,0.420910653|0.330792365|0.119639345|0.200514087|0.225644428|0.302020534,0.570910653|0.480792365|0.269639345|0.350514087|0.375644428|0.452020534,0.540910653|0.450792365|0.239639345|0.320514087|0.345644428|0.422020534,0.15|0.15|0.15|0.15|0.15|0.15,0|0|-0.00818884664|0.191458864|0.193158785|0.173094609,-0.200865809|-0.102547846|-0.137417909|-0.30661538|-0.285558257|-0.298298187,1.4827768|1.22062161|0.332950625|0.686899832|0.810178241|1.08287856,0.474040151|-0.476663232|0.519132316,0.0252142921|0.29349336|-0.0850889608,0.006115724332630634,0.0011408738791942596,0.0015826774761080742,0.0033651944249868393
6,0.35000000000000003,-0.4343792598870742,0.38435661792755127,0.21992848813533783,0.26994702219963074,0.3571678102016449,0.35,2,0,0,0,0,,,nan,0,0.6528500914573669,1.985628366470337,58.080196380615234,0.7200413942337036,1.0,nan,0,0,0,0,0.17213806195808734,0.0,filtered,0.25068926099576044,0,1,12,workspace_z_lower,workspace_z_lower,2,0,0,inaccurate_solution,,6.938893903907228e-18,valid,0.10928511953407663,0.411117967|0.322046659|0.10928512|0.19381219|0.223256597|0.294880243,0.561117967|0.472046659|0.25928512|0.34381219|0.373256597|0.444880243,0.531117967|0.442046659|0.22928512|0.31381219|0.343256597|0.414880243,0.15|0.15|0.15|0.15|0.15|0.15,0|0|-0.00367844371|0.210989164|0.205587771|0.182435402,-0.197057306|-0.0966416993|-0.131203285|-0.306614287|-0.285167172|-0.298143259,1.44741456|1.19154494|0.30225875|0.679623635|0.813446986|1.06381311,0.475300789|-0.461988688|0.514877975,0.0252142921|0.29349336|-0.0850889608,0.0030905306339263916,0.0008016638457775116,0.0008904766291379929,0.001376194879412651
7,0.4,-0.46208522059646506,0.3902691900730133,0.21859106421470642,0.25984564423561096,0.362179160118103,0.35,2,0,0,0,0,,,nan,0,0.6303026080131531,1.8043125867843628,71.93303680419922,0.7092843055725098,1.0,nan,0,0,0,0,0.17213806195808734,0.0,filtered,0.2821396000117423,0,1,12,workspace_z_lower,workspace_z_lower,0,0,1,solved,osqp,4.5248403808539894e-09,valid,0.09910158670773087,0.401538786|0.313157452|0.0991015867|0.188119043|0.221745108|0.288312109,0.551538786|0.463157452|0.249101587|0.338119043|0.371745108|0.438312109,0.521538786|0.433157452|0.219101587|0.308119043|0.341745108|0.408312109,0.15|0.15|0.15|0.15|0.15|0.15,0|0|0.00319242973|0.188541292|0.178421809|0.160860433,-0.193083713|-0.0906373953|-0.124931405|-0.306606964|-0.285042705|-0.298072932,1.41307143|1.16199241|0.274667371|0.6344105|0.780359535|1.01603594,0.476561427|-0.447314143|0.510623634,0.0252142921|0.29349336|-0.0850889608,0.00330145750194788,0.0008317828178405762,0.000957263633608818,0.001482384279370308
8,0.45,-0.4909653444447496,0.4025430679321289,0.21820424497127533,0.2502693831920624,0.3737959861755371,0.35,2,0,0,0,0,,,nan,0,0.6739165782928467,1.260308861732483,46.287696838378906,0.7453809976577759,1.0,nan,0,0,0,0,0.17213806195808734,0.0,filtered,0.283074110365328,0,1,12,workspace_z_lower,workspace_z_lower,0,0,1,solved,osqp,4.7811974136779956e-09,valid,0.08996585974268898,0.392143495|0.305044406|0.0899658597|0.181441049|0.218668665|0.280650355,0.542143495|0.455044406|0.23996586|0.331441049|0.368668665|0.430650355,0.512143495|0.425044406|0.20996586|0.301441049|0.338668665|0.400650355,0.15|0.15|0.15|0.15|0.15|0.15,0|0|0.0118995528|0.199873524|0.182323383|0.164841829,-0.188949394|-0.084394809|-0.117828502|-0.306596905|-0.284898125|-0.297946104,1.37962459|1.13578282|0.253934489|0.619040817|0.772099916|0.989497146,0.477822065|-0.432639599|0.506369293,0.0252142921|0.29349336|-0.0850889608,0.005089789628982544,0.0015244167298078537,0.0015329625457525253,0.0019981451332569122
9,0.5,-0.5147897566715358,0.41874194145202637,0.21824517846107483,0.24101108312606812,0.38954854011535645,0.35,2,0,0,0,0,,,nan,0,0.6756619215011597,0.7006893754005432,28.044872283935547,0.7403144240379333,1.0,nan,0,0,0,0,0.17213806195808734,0.0,filtered,0.27351643201375186,0,1,12,workspace_z_lower,workspace_z_lower,0,0,1,solved,osqp,4.834087224264705e-09,valid,0.08140339926833409,0.382970396|0.297005515|0.0814033993|0.175343634|0.216043785|0.273164499,0.532970396|0.447005515|0.231403399|0.325343634|0.366043785|0.423164499,0.502970396|0.417005515|0.201403399|0.295343634|0.336043785|0.393164499,0.15|0.15|0.15|0.15|0.15|0.15,0|0|0.0151725231|0.209011913|0.186283663|0.170207609,-0.184641031|-0.0780248443|-0.110396486|-0.306581536|-0.284993234|-0.297844199,1.34724056|1.10999722|0.230389634|0.603804912|0.76546557|0.965021406,0.479082704|-0.417965055|0.502114952,0.0252142921|0.29349336|-0.0850889608,0.004112101159989834,0.0008103856816887856,0.0013008667156100273,0.001976829022169113
10,0.55,-0.5396112187363553,0.4350373446941376,0.21873509883880615,0.23208734393119812,0.4056515395641327,0.35,2,0,0,0,0,,,nan,0,0.6592634916305542,0.8075909614562988,9.610719680786133,0.7231410145759583,1.0,nan,0,0,0,0,0.17213806195808734,0.0,filtered,0.27331442923205274,0,1,12,workspace_z_lower,workspace_z_lower,0,0,1,solved,osqp,5.020134107025509e-09,valid,0.07319503448582207,0.374026628|0.289072713|0.0731950345|0.169752748|0.21362587|0.265953762,0.524026628|0.439072713|0.223195034|0.319752748|0.36362587|0.415953762,0.494026628|0.409072713|0.193195034|0.289752748|0.33362587|0.385953762,0.15|0.15|0.15|0.15|0.15|0.15,0|0|0.0177687322|0.215804255|0.188600537|0.174741162,-0.180153597|-0.0715287244|-0.102714621|-0.306558846|-0.285254383|-0.297757418,1.31595292|1.08476213|0.207834249|0.5882564|0.757849635|0.94079879,0.480343342|-0.40329051|0.49786061,0.0252142921|0.29349336|-0.0850889608,0.004807637073099613,0.0013284217566251755,0.0014676889404654503,0.0019786879420280457
11,0.6000000000000001,-0.5673767848963841,0.4502559304237366,0.2198662906885147,0.22356194257736206,0.4210111200809479,0.35,2,0,0,0,0,,,nan,0,0.629645586013794,0.8776651620864868,13.68554401397705,0.6940469145774841,1.0,nan,0,0,0,0,0.17213806195808734,0.0,filtered,0.2724310434200674,0,1,12,workspace_z_lower,workspace_z_lower,0,0,1,solved,osqp,5.172927941901606e-09,valid,0.06536148830080737,0.365319193|0.281299638|0.0653614883|0.164555018|0.211257819|0.259004381,0.515319193|0.431299638|0.215361488|0.314555018|0.361257819|0.409004381,0.485319193|0.401299638|0.185361488|0.284555018|0.331257819|0.379004381,0.15|0.15|0.15|0.15|0.15|0.15,0|0|0.019301578|0.216077889|0.185702117|0.174448865,-0.175482466|-0.0649037904|-0.0947588485|-0.306526157|-0.285654584|-0.297676739,1.2857943|1.06029476|0.185988683|0.567771804|0.74507881|0.912789649,0.48160398|-0.388615966|0.493606269,0.0252142921|0.29349336|-0.0850889608,0.0031470106914639473,0.0009071342647075653,0.0009017391130328178,0.0013104351237416267
12,0.65,-0.5969104652673223,0.46520155668258667,0.22171686589717865,0.21544167399406433,0.43649256229400635,0.35,2,0,0,0,0,,,nan,0,0.6025215983390808,0.9045307636260986,9.368276596069336,0.6662794351577759,1.0,nan,0,0,0,0,0.17213806195808734,0.0,filtered,0.2684232105462764,0,1,12,workspace_z_lower,workspace_z_lower,0,0,1,solved,osqp,5.249389742334465e-09,valid,0.057982008688457515,0.356851501|0.273830454|0.0579820087|0.159431713|0.20864739|0.252108346,0.506851501|0.423830454|0.207982009|0.309431713|0.35864739|0.402108346,0.476851501|0.393830454|0.177982009|0.279431713|0.32864739|0.372108346,0.15|0.15|0.15|0.15|0.15|0.15,0|0|0.0188026824|0.210965134|0.178880402|0.169602593,-0.170624548|-0.0581323835|-0.0864296172|-0.306481273|-0.286123792|-0.297581267,1.25678146|1.03718943|0.1643011|0.542210713|0.727346168|0.880454711,0.482864618|-0.373941422|0.489351928,0.0252142921|0.29349336|-0.0850889608,0.0048014335334300995,0.00136598851531744,0.0014644162729382515,0.001940857619047165
13,0.7000000000000001,-0.6244847060750115,0.479769229888916,0.22416740655899048,0.20772796869277954,0.45206162333488464,0.35,2,0,0,0,0,,,nan,0,0.5749932527542114,1.0182924270629883,7.834506034851074,0.6372172236442566,1.0,nan,0,0,0,0,0.17213806195808734,0.0,filtered,0.26153232102052737,0,1,12,workspace_z_lower,workspace_z_lower,0,0,1,solved,osqp,5.255097102266348e-09,valid,0.051074031439447304,0.348628076|0.266785985|0.0510740314|0.154122902|0.205608589|0.245047102,0.498628076|0.416785985|0.201074031|0.304122902|0.355608589|0.395047102,0.468628076|0.386785985|0.171074031|0.274122902|0.325608589|0.365047102,0.15|0.15|0.15|0.15|0.15|0.15,0|0|0.0154970552|0.198810888|0.166960502|0.159206066,-0.165577047|-0.0512004732|-0.0776598205|-0.306423475|-0.286590788|-0.297449295,1.22893526|1.01594347|0.14213336|0.508879022|0.702804069|0.84194518,0.484125257|-0.359266877|0.485097587,0.0252142921|0.29349336|-0.0850889608,0.005195834673941135,0.001527431420981884,0.0015682941302657127,0.002062186598777771
14,0.75,-0.6487282418571563,0.49223166704177856,0.22712376713752747,0.20048755407333374,0.46608781814575195,0.35,2,0,0,0,0,,,nan,0,0.5496058464050293,1.0567554235458374,12.119378089904785,0.6116355657577515,1.0,nan,0,0,0,0,0.17213806195808734,0.0,filtered,0.257616998796059,0,1,12,workspace_z_lower,workspace_z_lower,0,0,1,solved,osqp,5.307687039879383e-09,valid,0.044653200413351274,0.340652016|0.260322725|0.0446532004|0.148294319|0.201849291|0.23754624,0.490652016|0.410322725|0.1946532|0.298294319|0.351849291|0.38754624,0.460652016|0.380322725|0.1646532|0.268294319|0.321849291|0.35754624,0.15|0.15|0.15|0.15|0.15|0.15,0|0|0.010949579|0.180349061|0.150083319|0.14196827,-0.160338308|-0.0440879662|-0.0683597126|-0.306355856|-0.286962537|-0.297258985,1.20226976|0.997202933|0.121202668|0.467170482|0.670517946|0.794894244,0.485385895|-0.344592333|0.480843246,0.0252142921|0.29349336|-0.0850889608,0.005062593147158623,0.001513422466814518,0.0015228325501084328,0.0019902726635336876
15,0.8,-0.6697922759960966,0.5047454833984375,0.2303871214389801,0.19367510080337524,0.48074594140052795,0.35,2,0,0,0,0,,,nan,0,0.5414001941680908,1.2245967388153076,14.66751480102539,0.5998622179031372,1.0,nan,0,0,0,0,0.17213806195808734,0.0,filtered,0.24942204103262333,0,1,12,workspace_z_lower,workspace_z_lower,0,0,1,solved,osqp,5.273625485087419e-09,valid,0.038804351424585964,0.332927215|0.254585704|0.0388043514|0.141643501|0.197174994|0.22927393,0.482927215|0.404585704|0.188804351|0.291643501|0.347174994|0.37927393,0.452927215|0.374585704|0.158804351|0.261643501|0.317174994|0.34927393,0.15|0.15|0.15|0.15|0.15|0.15,0|0|0.00491785173|0.162693541|0.13454477|0.123245046,-0.154907162|-0.0367777478|-0.058419154|-0.306283651|-0.287177838|-0.296983314,1.1768017|0.981565068|0.101716103|0.422983894|0.636066907|0.743357453,0.486646533|-0.329917789|0.476588905,0.0252142921|0.29349336|-0.0850889608,0.005173531360924244,0.0015414012596011162,0.0015631690621376038,0.0020329179242253304
16,0.8500000000000001,-0.6871493723567637,0.5127631425857544,0.23398587107658386,0.18742573261260986,0.4915617108345032,0.35,2,0,0,0,0,,,nan,0,0.5456767678260803,1.0486208200454712,9.837342262268066,0.6067588329315186,1.0,nan,0,0,0,0,0.17213806195808734,0.0,filtered,0.2579397077566167,0,1,12,workspace_z_lower,workspace_z_lower,0,0,1,solved,osqp,5.59299921654155e-09,valid,0.033478162063315914,0.325463853|0.249570988|0.0334781621|0.134208313|0.19176964|0.22014826,0.475463853|0.399570988|0.183478162|0.284208313|0.34176964|0.37014826,0.445463853|0.369570988|0.153478162|0.254208313|0.31176964|0.34014826,0.15|0.15|0.15|0.15|0.15|0.15,0|0|0.00134821709|0.145633728|0.118943294|0.105329185,-0.149281106|-0.0292816652|-0.0478745405|-0.306210844|-0.287232474|-0.296614402,1.1525743|0.969002288|0.0873863248|0.376256136|0.59878938|0.689307823,0.487907171|-0.315243244|0.472334564,0.0252142921|0.29349336|-0.0850889608,0.004742342978715897,0.001163143664598465,0.0015901066362857819,0.001966291107237339
17,0.9,-0.7080668714601905,0.5181915760040283,0.23822413384914398,0.18176081776618958,0.5003708004951477,0.35,2,0,0,0,0,,,nan,0,0.5761494636535645,0.9224405884742737,15.984519958496094,0.638358473777771,1.0,nan,0,0,0,0,0.17213806195808734,0.0,filtered,0.26868241862097497,0,1,12,workspace_z_lower,workspace_z_lower,0,0,1,solved,osqp,6.000645162186624e-09,valid,0.028817221102867968,0.318272256|0.245281732|0.0288172211|0.126012166|0.185647014|0.210185174,0.468272256|0.395281732|0.178817221|0.276012166|0.335647014|0.360185174,0.438272256|0.365281732|0.148817221|0.246012166|0.305647014|0.330185174,0.15|0.15|0.15|0.15|0.15|0.15,0|0|0.00256049077|0.143325491|0.114334651|0.100197111,-0.143458239|-0.0216126087|-0.0366972062|-0.306140165|-0.287140066|-0.296134054,1.12963079|0.95951432|0.081132169|0.341233992|0.569782642|0.644803753,0.489167809|-0.3005687|0.468080223,0.0252142921|0.29349336|-0.0850889608,0.0038326792418956757,0.0008631832897663116,0.0012030797079205513,0.0017345668748021126
18,0.9500000000000001,-0.7216559226717898,0.5177839398384094,0.24298416078090668,0.17677783966064453,0.5039321780204773,0.35,2,0,0,0,0,,,nan,0,0.5967761278152466,1.043519377708435,17.961700439453125,0.6591584086418152,1.0,nan,0,0,0,0,0.17213806195808734,0.0,filtered,0.27463924978159443,0,1,12,workspace_z_lower,workspace_z_lower,0,0,1,solved,osqp,6.298652907403557e-09,valid,0.02481026085195534,0.311376147|0.241412176|0.0248102609|0.117764835|0.179459845|0.199988095,0.461376147|0.391412176|0.174810261|0.267764835|0.329459845|0.349988095,0.431376147|0.361412176|0.144810261|0.237764835|0.299459845|0.319988095,0.15|0.15|0.15|0.15|0.15|0.15,0|0|0.00480439067|0.139157589|0.108669421|0.0957133089,-0.137432951|-0.013835763|-0.0251243907|-0.306064099|-0.287305124|-0.295545291,1.10807164|0.95181294|0.0789210434|0.304152829|0.539203676|0.600120398,0.490428448|-0.285894156|0.463825881,0.0252142921|0.29349336|-0.0850889608,0.0039460426196455956,0.0013275370001792908,0.001045864075422287,0.0015408797189593315
19,1.0,-0.7424693393963406,0.5188829898834229,0.2485351264476776,0.17231279611587524,0.5093958377838135,0.35,2,0,0,0,0,,,nan,0,0.6415494084358215,1.138197422027588,13.687844276428223,0.7008715867996216,1.0,nan,0,0,0,0,0.17213806195808734,0.0,filtered,0.27765282123966717,0,1,12,workspace_z_lower,workspace_z_lower,0,0,1,solved,osqp,6.545707651253729e-09,valid,0.021557232562582934,0.304784285|0.237951785|0.0215572326|0.109374217|0.172813209|0.189560188,0.454784285|0.387951785|0.171557233|0.259374217|0.322813209|0.339560188,0.424784285|0.357951785|0.141557233|0.229374217|0.292813209|0.309560188,0.15|0.15|0.15|0.15|0.15|0.15,0|0|0.00836889439|0.15083811|0.118895364|0.103801783,-0.131205461|-0.0098720281|-0.0131583159|-0.305982681|-0.288875075|-0.294823087,1.08793168|0.941935114|0.0814395087|0.282352299|0.521273124|0.567219448,0.491689086|-0.271219611|0.45957154,0.0252142921|0.29349336|-0.0850889608,0.00412721186876297,0.0011962279677391052,0.00141206756234169,0.001493244431912899
20,1.05,-0.7640955652087338,0.5223833322525024,0.25474920868873596,0.16823503375053406,0.5169881582260132,0.35,2,0,0,0,0,,,nan,0,0.6678347587585449,0.8027076721191406,13.337915420532227,0.7236451506614685,1.0,nan,0,0,0,0,0.17213806195808734,0.0,filtered,0.2746750031136409,0,1,12,workspace_z_lower,workspace_z_lower,0,0,1,solved,osqp,6.650519948116218e-09,valid,0.018842383435465265,0.298521861|0.234500511|0.0188423834|0.101616022|0.166360161|0.179531894,0.448521861|0.384500511|0.168842383|0.251616022|0.316360161|0.329531894,0.418521861|0.354500511|0.138842383|0.221616022|0.286360161|0.299531894,0.15|0.15|0.15|0.15|0.15|0.15,0|0|0.0104381149|0.167027084|0.134059354|0.116139182,-0.124771503|-0.00600488237|-0.00114689464|-0.305883392|-0.290283414|-0.293974373,1.06931594|0.931997163|0.084660754|0.267607782|0.509216583|0.540292386,0.492949724|-0.256545067|0.455317199,0.0252142921|0.29349336|-0.0850889608,0.0036225738003849983,0.0008238069713115692,0.0010749520733952522,0.001702072098851204
21,1.1,-0.785400498391964,0.5313711166381836,0.2612728178501129,0.16438588500022888,0.5289468169212341,0.35,2,0,0,0,0,,,nan,0,0.6650699377059937,0.8800349831581116,21.491483688354492,0.7152560353279114,1.0,nan,0,0,0,0,0.17213806195808734,0.0,filtered,0.2596293009755252,0,1,12,workspace_z_lower,workspace_z_lower,0,0,1,solved,osqp,6.47432268560677e-09,valid,0.01631500404592015,0.292603668|0.230983779|0.016315004|0.0947123469|0.16028918|0.170160046,0.442603668|0.380983779|0.166315004|0.244712347|0.31028918|0.320160046,0.412603668|0.350983779|0.136315004|0.214712347|0.28028918|0.290160046,0.15|0.15|0.113837612|0.15|0.15|0.15,0|0|0.00999416202|0.1797335|0.147835511|0.125656534,-0.118131328|-0.00172717598|4.2712203e-18|-0.305755211|-0.291481995|-0.293008706,1.05228334|0.922207939|0.0752541782|0.252827677|0.497510237|0.51328801,0.494210362|-0.241870418|0.451062858,0.0252142921|0.29349336|-0.0850889608,0.0037820199504494667,0.0009307414293289185,0.0010795993730425835,0.0017487630248069763
22,1.1500000000000001,-0.7986505293216182,0.5369869470596313,0.26782575249671936,0.16085633635520935,0.5363968014717102,0.35,2,0,0,0,0,,,nan,0,0.6358152031898499,1.579529047012329,21.817407608032227,0.682572603225708,1.0,nan,0,0,0,0,0.17213806195808734,0.0,filtered,0.24506927839062342,0,1,12,workspace_z_lower,workspace_z_lower,0,0,1,solved,osqp,6.368441530634622e-09,valid,0.013546587279427785,0.287036233|0.227307985|0.0135465873|0.0885000541|0.154477449|0.161377231,0.437036233|0.377307985|0.163546587|0.238500054|0.304477449|0.311377231,0.407036233|0.347307985|0.133546587|0.208500054|0.274477449|0.281377231,0.15|0.0456990559|0.0748703704|0.15|0.15|0.15,0|0|0.00717866761|0.179162189|0.151087447|0.125489652,-0.11128921|-3.47122208e-19|1.78962035e-18|-0.305597146|-0.292367637|-0.291947321,1.03685572|0.909231939|0.0613650167|0.227565259|0.476629605|0.479051256,0.495471001|-0.227195695|0.446808517,0.0252142921|0.29349336|-0.0850889608,0.0037727048620581627,0.0008829506114125252,0.0010540829971432686,0.0018025198951363564
23,1.2000000000000002,-0.7870425013861612,0.520622730255127,0.2742467522621155,0.1580686867237091,0.520622730255127,0.35,2,0,0,0,0,,,nan,0,0.6009769439697266,2.0474693775177,22.769245147705078,0.648918628692627,1.0,nan,0,0,0,0,0.17213806195808734,0.0,filtered,0.24186685273731146,0,1,12,workspace_z_lower,workspace_z_lower,0,0,1,solved,osqp,6.855354839352401e-09,valid,0.010657429907804411,0.281816315|0.223494425|0.0106574299|0.0823395328|0.148369189|0.1527634,0.431816315|0.373494425|0.16065743|0.232339533|0.298369189|0.3027634,0.401816315|0.343494425|0.13065743|0.202339533|0.268369189|0.2727634,0.15|0|0.0362629133|0.15|0.15|0.15,0|0|0.00454369234|0.155785512|0.134951027|0.108567252,-0.104254025|2.65771357e-05|3.62454249e-18|-0.305425772|-0.292780048|-0.290777775,1.02301124|0.894004276|0.047173412|0.179717871|0.435647736|0.428843076,0.496731639|-0.212520972|0.442554176,0.0252142921|0.29349336|-0.0850889608,0.003575255163013935,0.0008619148284196854,0.0009232750162482262,0.001768290065228939
24,1.25,-0.7436775006970897,0.48633867502212524,0.2798009216785431,0.15605992078781128,0.48633867502212524,0.35,2,0,0,0,0,,,nan,0,0.5653228759765625,2.8047542572021484,18.015090942382812,0.610672652721405,1.0,nan,0,0,0,0,0.17213806195808734,0.0,filtered,0.22821965313108702,0,1,12,workspace_z_lower,workspace_z_lower,0,0,1,solved,osqp,9.076843995826575e-09,valid,0.008068687288884019,0.276930996|0.220388081|0.00806868729|0.0751230407|0.141045357|0.143494561,0.426930996|0.370388081|0.158068687|0.225123041|0.291045357|0.293494561,0.396930996|0.340388081|0.128068687|0.195123041|0.261045357|0.263494561,0.15|0|0|0.15|0.15|0.15,0|0|-0.00459434854|0.118241011|0.106657826|0.080834231,-0.0970391752|0.00801638996|0.00109279754|-0.305280839|-0.292556426|-0.289409573,1.01068481|0.889568715|0.0287731982|0.113452335|0.378282828|0.365402902,0.497992277|-0.197846249|0.438299835,0.0252142921|0.29349336|-0.0850889608,0.0036742789670825005,0.0007978184148669243,0.001302989199757576,0.0015518870204687119
25,1.3,-0.7258176184029119,0.5038762092590332,0.2831217646598816,0.15552490949630737,0.424636572599411,0.35,2,0,0,0,0,,,nan,0,0.4908691942691803,4.301590442657471,52.38962936401367,0.5374994874000549,1.0,nan,0,0,0,0,0.17213806195808734,0.0,filtered,0.22327508675483426,0,2,12,predictive_link_3|workspace_z_lower,predictive_link_3,0,0,1,solved,osqp,4.809732011973322e-08,valid,0.006059905432154594,0.272373385|0.218443868|0.00605990543|0.0661415249|0.132013515|0.133061547,0.422373385|0.368443868|0.156059905|0.216141525|0.282013515|0.283061547,0.392373385|0.338443868|0.126059905|0.186141525|0.252013515|0.253061547,0.15|0|0|0.15|0.15|0.15,0|0|-0.0186341138|0.0406456519|0.0429654884|0.0265263959,-0.0896570693|0.0117504431|0.0139629772|-0.305211801|-0.291692795|-0.287866985,0.99983647|0.885525916|0.0195684851|-4.99892082e-08|0.279326752|0.270905599,0.499252915|-0.183171526|0.434045494,0.0252142921|0.29349336|-0.0850889608,0.004164144396781921,0.0010612290352582932,0.0013535106554627419,0.0017272541299462318
26,1.35,-0.7089829574761896,0.4995630979537964,0.285545289516449,0.15408363938331604,0.45146289467811584,0.35,2,0,0,0,0,,,nan,0,0.4863853454589844,5.219374656677246,113.14575958251953,0.502347469329834,1.0,nan,0,0,0,0,0.17213806195808734,0.0,filtered,0.3569490482057405,0,1,12,workspace_z_lower|joint_4_acceleration_upper,predictive_link_3,0,0,1,solved,osqp,1.4670143447248485e-07,valid,0.0055249171811937725,0.26811006|0.218362165|0.00552491718|0.0533354722|0.119672647|0.120074253,0.41811006|0.368362165|0.155524917|0.203335472|0.269672647|0.270074253,0.38811006|0.338362165|0.125524917|0.173335472|0.239672647|0.240074253,0.15|0|0|0.15|0.15|0.15,0|0|-0.0327422424|0.0919435613|0.0848546795|0.0779788998,-0.0821292228|0.0135265485|0.0283483769|-0.305285598|-0.290113465|-0.286137305,0.990311017|0.886975207|0.0177058031|-1.48057193e-07|0.273431804|0.272138606,0.500513673|-0.168496802|0.429791152,0.0252142921|0.29349336|-0.0850889608,0.0036922330036759377,0.0008147358894348145,0.0010272683575749397,0.0018270490691065788
27,1.4000000000000001,-0.7320171834253096,0.4899890720844269,0.28960394859313965,0.15267950296401978,0.4594653248786926,0.35,2,0,0,0,0,,,nan,0,0.6228458881378174,3.5090651512145996,78.68592071533203,0.6200228929519653,1.0,nan,0,0,0,0,0.17213806195808734,0.0,filtered,0.4177977975097777,0,1,12,workspace_z_lower,predictive_link_3,0,0,1,solved,osqp,1.4139051815464931e-07,valid,0.004083625494425064,0.264277925|0.217403824|0.00408362549|0.0430254986|0.109434356|0.109763316,0.414277925|0.367403824|0.154083625|0.193025499|0.259434356|0.259763316,0.384277925|0.337403824|0.124083625|0.163025499|0.229434356|0.229763316,0.15|0|0|0.15|0.15|0.15,0|0|-0.0290740234|0.133175699|0.120193076|0.120675892,-0.0744234148|0.0163065051|0.0415676516|-0.305277838|-0.288920185|-0.284832291,0.982688287|0.885921802|0.0288281301|-1.4403569e-07|0.269010315|0.274896864,0.501774669|-0.153822079|0.425536811,0.0252142921|0.29349336|-0.0850889608,0.00377517007291317,0.0014177467674016953,0.00099970493465662,0.0013362402096390724
28,1.4500000000000002,-0.7575521079097275,0.47645270824432373,0.2954859435558319,0.15148869156837463,0.44774025678634644,0.35,2,0,0,0,0,,,nan,0,0.693897008895874,2.4486825466156006,65.68177795410156,0.6571389436721802,1.0,nan,0,0,0,0,0.17213806195808734,0.0,filtered,0.40476740692918284,0,1,12,workspace_z_lower,predictive_link_3,0,0,1,solved,osqp,1.1738972119368363e-07,valid,0.002679496543101262,0.260879387|0.215853502|0.00267949654|0.0348770231|0.101009252|0.101703182,0.410879387|0.365853502|0.152679497|0.184877023|0.251009252|0.251703182,0.380879387|0.335853502|0.122679497|0.154877023|0.221009252|0.221703182,0.15|0|0|0.15|0.15|0.15,0|0|-0.0242362082|0.165706844|0.148060069|0.146965265,-0.0665539455|0.0199962735|0.0540360462|-0.305215057|-0.28780893|-0.283477124,0.976963602|0.883410282|0.0405178242|-1.20967937e-07|0.264288148|0.270300869,0.503035665|-0.139147356|0.42128247,0.0252142921|0.29349336|-0.0850889608,0.0035652555525302887,0.0008541634306311607,0.0008678063750267029,0.0018200576305389404
29,1.5,-0.7697105829902993,0.4604617655277252,0.3024664521217346,0.15036684274673462,0.44940945506095886,0.35,2,0,0,0,0,,,nan,0,0.7309932112693787,2.5055017471313477,29.180267333984375,0.6676514148712158,1.0,nan,0,0,0,0,0.17213806195808734,0.0,filtered,0.3864390260516654,0,1,12,workspace_z_lower,predictive_link_3,0,0,1,solved,osqp,1.064402707084966e-07,valid,0.001488703253270246,0.257914645|0.213942308|0.00148870325|0.0284901991|0.0940291531|0.0951562681,0.407914645|0.363942308|0.151488703|0.178490199|0.244029153|0.245156268,0.377914645|0.333942308|0.121488703|0.148490199|0.214029153|0.215156268,0.15|0|0|0.15|0.15|0.15,0|0|-0.024922673|0.191140525|0.169045579|0.16350655,-0.0585366642|0.0244486389|0.0658780991|-0.305101424|-0.286649128|-0.28188768,0.973121915|0.880217872|0.0469102391|-1.02040551e-07|0.258513062|0.262243942,0.50429666|-0.12447264|0.417028129,0.0252142921|0.29349336|-0.0850889608,0.0037791430950164795,0.0008279737085103989,0.001191137358546257,0.0017366930842399597
30,1.55,-0.8296953353068431,0.5141878128051758,0.3093351125717163,0.1487121880054474,0.514187753200531,0.35,2,0,0,0,0,,,nan,0,0.8053250312805176,2.2253329753875732,53.03179931640625,0.7150241732597351,1.0,nan,0,0,0,0,0.17213806195808734,0.0,filtered,0.3981624966871378,0,1,12,workspace_z_lower,predictive_link_3,0,0,1,solved,osqp,1.1219195839018425e-07,valid,0.00036682704797172394,0.255382851|0.211853396|0.000366827048|0.0234858588|0.0881566538|0.0896811407,0.405382851|0.361853396|0.150366827|0.173485859|0.238156654|0.239681141,0.375382851|0.331853396|0.120366827|0.143485859|0.208156654|0.209681141,0.15|0|0|0.15|0.15|0.15,0|0|-0.0410545556|0.210983045|0.184216354|0.178301335,-0.0503886574|0.0295025315|0.0771379828|-0.304926597|-0.285432203|-0.280100927,0.971142746|0.876916115|0.0375507353|-1.1679009e-07|0.251410767|0.256924972,0.505557656|-0.109798007|0.412773788,0.0252142921|0.29349336|-0.0850889608,0.003983577713370323,0.0010441010817885399,0.0010271212086081505,0.0018798960372805595
31,1.6,-0.8641822211611578,0.5282952189445496,0.31683430075645447,0.14706602692604065,0.5282952785491943,0.35,2,0,0,0,0,,,nan,0,0.85300213098526,1.1561428308486938,25.888874053955078,0.7587321400642395,1.0,nan,0,0,0,0,0.17213806195808734,0.0,filtered,0.43365385065479783,0,1,12,workspace_z_lower,predictive_link_3,0,0,1,solved,osqp,1.236512514601884e-07,valid,-0.0012878228208322573,0.253279931|0.209760495|-0.00128782282|0.019577708|0.0831084454|0.0851719818,0.403279931|0.359760495|0.148712177|0.169577708|0.233108445|0.235171982,0.373279931|0.329760495|0.118712177|0.139577708|0.203108445|0.205171982,0.15|0|0|0.15|0.15|0.15,0|0|-0.0455625094|0.226423713|0.196260105|0.192239848,-0.0421287266|0.0349414331|0.0875585542|-0.304734668|-0.284256214|-0.278437288,0.970990996|0.873983414|0.0368447536|-1.2286678e-07|0.244437673|0.254490488,0.506818652|-0.095123373|0.408519447,0.0252142921|0.29349336|-0.0850889608,0.0035156644880771637,0.001152445562183857,0.0009252866730093956,0.001404319889843464
32,1.6500000000000001,-0.8895770957859724,0.5307914614677429,0.3250240087509155,0.14553382992744446,0.5307914614677429,0.35,2,0,0,0,0,,,nan,0,0.8943355083465576,0.946984052658081,5.09334659576416,0.7932295203208923,1.0,nan,0,0,0,0,0.17213806195808734,0.0,filtered,0.4336891977459697,0,1,12,workspace_z_lower,predictive_link_3,0,0,1,solved,osqp,1.2162947971017246e-07,valid,-0.0029339673795379106,0.251609688|0.207730964|-0.00293396738|0.0165553982|0.0787335286|0.0815521916,0.401609688|0.357730964|0.147066033|0.166555398|0.228733529|0.231552192,0.371609688|0.327730964|0.117066033|0.136555398|0.198733529|0.201552192,0.15|0|0|0.15|0.15|0.15,0|0|-0.0474328987|0.238263022|0.205329048|0.203490598,-0.0337741891|0.0407440997|0.0940327142|-0.304484736|-0.283032877|-0.276663782,0.972664561|0.871667956|0.034863946|-1.21690948e-07|0.237230285|0.253035582,0.508079648|-0.0804487392|0.404265106,0.0252142921|0.29349336|-0.0850889608,0.004297376610338688,0.001482851803302765,0.0010592769831418991,0.001728469505906105
33,1.7000000000000002,-0.9166043553827012,0.5381171703338623,0.3336756229400635,0.14405640959739685,0.5381173491477966,0.35,2,0,0,0,0,,,nan,0,0.9339840412139893,0.8904322385787964,6.547996997833252,0.8253464698791504,1.0,nan,0,0,0,0,0.17213806195808734,0.0,filtered,0.42662463141370355,0,1,12,workspace_z_lower,predictive_link_3,0,0,1,solved,osqp,1.1812390629528657e-07,valid,-0.004466171419011816,0.250372932|0.205837909|-0.00446617142|0.0142475637|0.0748994217|0.078694456,0.400372932|0.355837909|0.145533829|0.164247564|0.224899422|0.228694456,0.370372932|0.325837909|0.115533829|0.134247564|0.194899422|0.198694456,0.15|0|0|0.15|0.15|0.15,0|0|-0.0519838073|0.247175021|0.211484508|0.211542525,-0.0253439385|0.0468397277|0.100740561|-0.304165395|-0.281711789|-0.274712916,0.976147791|0.870191364|0.0308920677|-1.18987994e-07|0.229370405|0.251607433,0.509340644|-0.0657741055|0.400010765,0.0252142921|0.29349336|-0.0850889608,0.0037508606910705566,0.0009232088923454285,0.001458815298974514,0.001344067044556141
34,1.75,-0.9424745164572277,0.5466318130493164,0.3426196575164795,0.1426212191581726,0.5466317534446716,0.35,2,0,0,0,0,,,nan,0,0.9691303372383118,0.8580302596092224,4.237093448638916,0.8580291867256165,1.0,nan,0,0,0,0,0.17213806195808734,0.0,filtered,0.40589727214710747,0,1,12,workspace_z_lower,predictive_link_3,0,0,1,solved,osqp,1.1194807497671988e-07,valid,-0.005943562160999477,0.249568768|0.204150705|-0.00594356216|0.0125127734|0.071478638|0.0764443305,0.399568768|0.354150705|0.144056438|0.162512773|0.221478638|0.226444331,0.369568768|0.324150705|0.114056438|0.132512773|0.191478638|0.196444331,0.15|0|0|0.15|0.15|0.15,0|0|-0.0577989969|0.253734422|0.215177067|0.216948479,-0.0168578321|0.0531399412|0.107551465|-0.303785628|-0.280281865|-0.27261177,0.981417239|0.86974276|0.0259782193|-1.12305675e-07|0.220809754|0.25011403,0.51060164|-0.0510994345|0.395756423,0.0252142921|0.29349336|-0.0850889608,0.0036514699459075928,0.0008022794499993324,0.0010772114619612694,0.0017484603449702263
35,1.8,-0.9585320813873113,0.5486831665039062,0.35164356231689453,0.14129123091697693,0.5486832857131958,0.35,2,0,0,0,0,,,nan,0,0.9941449165344238,1.0594273805618286,12.644952774047852,0.8793973922729492,1.0,nan,0,0,0,0,0.17213806195808734,0.0,filtered,0.394570357317403,0,1,12,workspace_z_lower,predictive_link_3,0,0,1,solved,osqp,1.0992009080723619e-07,valid,-0.0073787762096740594,0.249196246|0.202721287|-0.00737877621|0.0112312622|0.0683617282|0.0746762781,0.399196246|0.352721287|0.142621224|0.161231262|0.218361728|0.224676278,0.369196246|0.322721287|0.112621224|0.131231262|0.188361728|0.194676278,0.15|0|0|0.15|0.15|0.15,0|0|-0.0629488636|0.258424732|0.216164564|0.221578192,-0.00833606722|0.0595765689|0.114369206|-0.303349894|-0.278742105|-0.27038252,0.988448918|0.870461718|0.0219052375|-1.13654001e-07|0.210869372|0.249900784,0.511862636|-0.0364247561|0.391502082,0.0252142921|0.29349336|-0.0850889608,0.0037659993395209312,0.001005801372230053,0.001421486958861351,0.001316671259701252
36,1.85,-0.9665079478087735,0.5409579873085022,0.36081525683403015,0.14013853669166565,0.5409579277038574,0.35,2,0,0,0,0,,,nan,0,1.0186004638671875,0.9173879623413086,3.2391717433929443,0.9013797640800476,1.0,nan,0,0,0,0,0.17213806195808734,0.0,filtered,0.3937278817781098,0,1,12,workspace_z_lower,predictive_link_3,0,0,1,solved,osqp,1.1043126346699239e-07,valid,-0.008708754304945526,0.249254462|0.201584368|-0.0087087543|0.010260965|0.0654143263|0.0733547514,0.399254462|0.351584368|0.141291246|0.160260965|0.215414326|0.223354751,0.369254462|0.321584368|0.111291246|0.130260965|0.185414326|0.193354751,0.148812065|0|0|0.15|0.15|0.15,0|0|-0.0668740993|0.261782175|0.215972199|0.225385663,5.27426571e-18|0.0661059401|0.121132646|-0.302826149|-0.277204831|-0.268101145,0.99701785|0.872443412|0.019423529|-1.13465816e-07|0.200424673|0.250703524,0.513123631|-0.0217500776|0.387247741,0.0252142921|0.29349336|-0.0850889608,0.0035974374040961266,0.0008208993822336197,0.0009447010233998299,0.0018103225156664848
37,1.9000000000000001,-0.9649437361742316,0.5241254568099976,0.37008336186408997,0.13919571042060852,0.5241254568099976,0.35,2,0,0,0,0,,,nan,0,1.0350303649902344,0.8306585550308228,5.150981426239014,0.9152716398239136,1.0,nan,0,0,0,0,0.17213806195808734,0.0,filtered,0.3859148544237556,0,1,12,workspace_z_lower,predictive_link_3,0,0,1,solved,osqp,1.0816358214649213e-07,valid,-0.00986148471052492,0.249517162|0.200763122|-0.00986148471|0.00953489826|0.0625743851|0.0724358286,0.399517162|0.350763122|0.140138515|0.159534898|0.212574385|0.222435829,0.369517162|0.320763122|0.110138515|0.129534898|0.182574385|0.192435829,0.0983743757|0|0|0.15|0.15|0.15,0|0|-0.0703646994|0.264122365|0.214512913|0.227643012,5.54939674e-18|0.0726979692|0.127808466|-0.302262072|-0.275651315|-0.265736642,0.998068647|0.875750457|0.0179978273|-1.13117655e-07|0.189159139|0.251649685,0.514384627|-0.00707540568|0.3829934,0.0252142921|0.29349336|-0.0850889608,0.0038420530036091805,0.001434345729649067,0.0009709075093269348,0.001404006965458393
38,1.9500000000000002,-0.9503344678015972,0.4939559996128082,0.3794378638267517,0.13849490880966187,0.49395596981048584,0.35,2,0,0,0,0,,,nan,0,1.038849949836731,0.715876042842865,8.184825897216797,0.9146609902381897,1.0,nan,0,0,0,0,0.17213806195808734,0.0,filtered,0.3785894963505698,0,1,12,workspace_z_lower,predictive_link_3,0,0,1,solved,osqp,1.2033864088545343e-07,valid,-0.010804303345861771,0.249777576|0.200277643|-0.0108043033|0.00893648079|0.0597728371|0.0718392187,0.399777576|0.350277643|0.139195697|0.158936481|0.209772837|0.221839219,0.369777576|0.320277643|0.109195697|0.128936481|0.179772837|0.191839219,0.0479163836|0|0|0.15|0.15|0.15,0|0|-0.0732077102|0.266010725|0.212479671|0.228354543,-9.71216332e-19|0.0793216724|0.134361828|-0.301756766|-0.274093313|-0.263290427,0.999110303|0.880432244|0.0179369041|-1.17600366e-07|0.177477706|0.252420992,0.515645623|0.00759926206|0.378739059,0.0252142921|0.29349336|-0.0850889608,0.0037386510521173477,0.0008005797863006592,0.0015218285843729973,0.0013950290158390999
39,2.0,-0.9260025816003326,0.45320603251457214,0.3888969421386719,0.13804739713668823,0.45320606231689453,0.35,2,0,0,0,0,,,nan,0,1.0347161293029785,0.7174696326255798,7.621343612670898,0.9047896265983582,1.0,nan,0,0,0,0,0.17213806195808734,0.0,filtered,0.3733311720536304,0,1,12,workspace_z_lower,predictive_link_3,0,0,1,solved,osqp,1.29462933096125e-07,valid,-0.011505100192768875,0.250035326|0.200138537|-0.0115051002|0.00840031862|0.0569800538|0.0714793031,0.400035326|0.350138537|0.1384949|0.158400319|0.206980054|0.221479303,0.370035326|0.320138537|0.1084949|0.128400319|0.176980054|0.191479303,0|0|0|0.15|0.15|0.15,0|0|-0.0757283582|0.267401171|0.2104285|0.227837763,0.000432899089|0.0859571119|0.140775528|-0.301002569|-0.272517697|-0.260733574,1.0005742|0.88651126|0.0190267688|-1.23467703e-07|0.165831018|0.253021401,0.516906619|0.0222739354|0.374484718,0.0252142921|0.29349336|-0.0850889608,0.0035514868795871735,0.0010151825845241547,0.0009054774418473244,0.0015983600169420242
40,2.0500000000000003,-0.933765320526295,0.44621533155441284,0.3983466625213623,0.13786742091178894,0.4462154507637024,0.35,2,0,0,0,0,,,nan,0,1.0246405601501465,0.9741406440734863,10.365345001220703,0.8877744674682617,1.0,nan,0,0,0,0,0.17213806195808734,0.0,filtered,0.3725485117870729,0,0,12,,predictive_link_3,0,0,1,solved,osqp,1.3742702364982762e-07,valid,-0.011952584050837739,0.250525853|0.200351842|-0.0119525841|0.00791367348|0.0542050641|0.0712910172,0.400525853|0.350351842|0.138047416|0.157913673|0.204205064|0.221291017,0.370525853|0.320351842|0.108047416|0.127913673|0.174205064|0.191291017,0|0|0|0.15|0.15|0.15,0|0|-0.0778944484|0.268330876|0.207665107|0.227580496,0.00896264663|0.0925871092|0.147039432|-0.299985708|-0.270881709|-0.258020254,1.01106606|0.893994476|0.0213346477|-1.38298755e-07|0.153603655|0.254724311,0.518167615|0.0369486138|0.370230377,0.0252142921|0.29349336|-0.0850889608,0.0034362254664301872,0.0008356859907507896,0.0008851205930113792,0.0016928352415561676
41,2.1,-0.9495125349823815,0.44519805908203125,0.40787366032600403,0.1380256712436676,0.44519805908203125,0.35,2,0,0,0,0,,,nan,0,1.0150854587554932,1.032810926437378,5.351344585418701,0.8766021728515625,1.0,nan,0,0,0,0,0.17213806195808734,0.0,filtered,0.3778545299640777,0,0,12,,predictive_link_3,0,0,1,solved,osqp,1.4999924019543087e-07,valid,-0.012132562560906918,0.251442096|0.200920033|-0.0121325626|0.00742331822|0.0513808449|0.0712725787,0.401442096|0.350920033|0.137867437|0.157423318|0.201380845|0.221272579,0.371442096|0.320920033|0.107867437|0.127423318|0.171380845|0.191272579,0|0|0|0.15|0.15|0.15,0|0|-0.0782590166|0.268984969|0.205013533|0.2284708,0.017466681|0.0991978042|0.153143516|-0.298678395|-0.269320299|-0.255221615,1.02323507|0.902877935|0.0263542494|-1.52990338e-07|0.141216614|0.2583395,0.519428611|0.0516232923|0.365976036,0.0252142921|0.29349336|-0.0850889608,0.0037670452147722244,0.0013972334563732147,0.0010189702734351158,0.0013294536620378494
42,2.15,-0.965543161078735,0.44340112805366516,0.41750767827033997,0.13852789998054504,0.4434010684490204,0.35,2,0,0,0,0,,,nan,0,1.0039198398590088,1.0217005014419556,5.035037994384766,0.8657023310661316,1.0,nan,0,0,0,0,0.17213806195808734,0.0,filtered,0.3800937975334793,0,0,12,,predictive_link_3,0,0,1,solved,osqp,1.5998730501509684e-07,valid,-0.011974326856002443,0.252782655|0.201835728|-0.0119743269|0.00692002577|0.0484794038|0.0714738745,0.402782655|0.351835728|0.138025673|0.156920026|0.198479404|0.221473875,0.372782655|0.321835728|0.108025673|0.126920026|0.168479404|0.191473875,0|0|0|0.15|0.15|0.15,0|0|-0.078298707|0.269366191|0.202630219|0.228747389,0.0259257882|0.105790824|0.159103545|-0.297046454|-0.267875803|-0.252317143,1.03705641|0.913133738|0.0329075303|-1.59630326e-07|0.128672032|0.262325745,0.520689607|0.0662979558|0.361721694,0.0252142921|0.29349336|-0.0850889608,0.0033898353576660156,0.0008185859769582748,0.0009081196039915085,0.0016399910673499107
43,2.2,-0.9841473317310853,0.4397960305213928,0.42744168639183044,0.1395418345928192,0.4397960305213928,0.35,2,0,0,0,0,,,nan,0,0.9905514121055603,1.124119520187378,8.963469505310059,0.852672278881073,1.0,nan,0,0,0,0,0.17213806195808734,0.0,filtered,0.3880535469913572,0,0,12,,predictive_link_3,0,0,1,solved,osqp,1.6463565882807174e-07,valid,-0.011472127511755054,0.254544519|0.203097877|-0.0114721275|0.00641407097|0.0455159337|0.0718670535,0.404544519|0.353097877|0.138527872|0.156414071|0.195515934|0.221867053,0.374544519|0.323097877|0.108527872|0.126414071|0.165515934|0.191867053,0|0|0|0.15|0.15|0.15,0|0|-0.0743275581|0.269423444|0.200521693|0.230790598,0.0343210766|0.112354324|0.164918876|-0.295079899|-0.266534732|-0.249268384,1.05249915|0.924745833|0.0447028081|-1.71478345e-07|0.116050696|0.268990428,0.521950603|0.0809725896|0.357467353,0.0252142921|0.29349336|-0.0850889608,0.003940200433135033,0.0008619381114840508,0.0013227397575974464,0.0017331866547465324
44,2.25,-1.002490270147546,0.4343399703502655,0.4377118945121765,0.14109283685684204,0.4343400299549103,0.35,2,0,0,0,0,,,nan,0,0.9801146984100342,1.0156201124191284,3.6043996810913086,0.843872606754303,1.0,nan,0,0,0,0,0.17213806195808734,0.0,filtered,0.3922021128706365,0,0,12,,predictive_link_3,0,0,1,solved,osqp,1.697861121141564e-07,valid,-0.010458160613797868,0.256725243|0.204689566|-0.0104581606|0.00591065154|0.0424734619|0.0725452491,0.406725243|0.354689566|0.139541839|0.155910652|0.192473462|0.222545249,0.376725243|0.324689566|0.109541839|0.125910652|0.162473462|0.192545249,0|0|0|0.15|0.15|0.15,0|0|-0.0696860266|0.269050208|0.198217805|0.232985447,0.0426348551|0.118906202|0.170626709|-0.292692984|-0.265280912|-0.245960381,1.06953583|0.937664467|0.0591080396|-1.69746732e-07|0.10283074|0.277206063,0.523211598|0.0956472233|0.353213012,0.0252142921|0.29349336|-0.0850889608,0.003332998603582382,0.001110004261136055,0.00090765580534935,0.0012830672785639763
45,2.3000000000000003,-1.0378368889967966,0.42457062005996704,0.44927603006362915,0.1439211368560791,0.42457062005996704,0.35,2,0,0,0,0,,,nan,0,0.9205241799354553,3.760221481323242,79.59514617919922,0.8442983031272888,1.0,nan,0,0,0,0,0.17213806195808734,0.0,filtered,0.43631213844466843,0,3,12,predictive_link_3|workspace_y_upper|workspace_z_lower,predictive_link_3,0,0,1,solved,osqp,9.237154718899632e-08,valid,-0.008907153049376476,0.259319921|0.206610772|-0.00890715305|0.00542581502|0.0393256706|0.0735207529,0.409319921|0.356610772|0.141092847|0.155425815|0.189325671|0.223520753,0.379319921|0.326610772|0.111092847|0.125425815|0.159325671|0.193520753,0|0|0|0.15|0.15|0.15,0|0|-0.0482686121|0.268145612|0.197733036|0.233645285,0.050849839|0.125432254|0.176222162|-0.289848964|-0.264083636|-0.242345899,1.08812952|0.951875342|0.0923249375|-9.27943555e-08|0.0909520825|0.285382398,0.524472594|0.110321857|0.348958671,0.0252142921|0.29349336|-0.0850889608,0.003754786215722561,0.0008002575486898422,0.0015439307317137718,0.0013884250074625015
46,2.35,-1.074235932144585,0.40934261679649353,0.46234357357025146,0.14846709370613098,0.4093427062034607,0.35,2,0,0,0,0,,,nan,0,0.9047529101371765,4.64152193069458,26.81431007385254,0.820196807384491,1.0,nan,0,0,0,0,0.17213806195808734,0.0,filtered,0.5199143715979017,0,3,12,predictive_link_3|workspace_y_upper|workspace_z_lower,predictive_link_3,0,0,1,solved,osqp,3.179300378519656e-09,valid,-0.006078870428871647,0.262327482|0.208823509|-0.00607887043|0.00511315498|0.0366561516|0.0748420138,0.412327482|0.358823509|0.14392113|0.155113155|0.186656152|0.224842014,0.382327482|0.328823509|0.11392113|0.125113155|0.156656152|0.194842014,0|0|0|0.15|0.15|0.15,0|0|-0.0175284373|0.265688109|0.195113069|0.236348895,0.0589511374|0.132015422|0.181833758|-0.286140725|-0.261634142|-0.237198941,1.10826106|0.967309459|0.139989839|3.66151875e-09|0.0801035338|0.298518009,0.52573359|0.124996491|0.34470433,0.0252142921|0.29349336|-0.0850889608,0.0035116923972964287,0.0008144769817590714,0.0008948026224970818,0.0017808638513088226
47,2.4000000000000004,-1.093327140471386,0.39172807335853577,0.4760863482952118,0.15427404642105103,0.39071130752563477,0.35,2,0,0,0,0,,,nan,0,0.9256365895271301,3.021092653274536,36.113182067871094,0.8000728487968445,1.0,nan,0,0,0,0,0.17213806195808734,0.0,filtered,0.5284014063416351,0,0,12,,predictive_link_3,0,0,1,solved,osqp,4.1918587545541897e-07,valid,-0.0015328852570754836,0.265742699|0.211326259|-0.00153288526|0.00498828704|0.0345433243|0.0767295381,0.415742699|0.361326259|0.148467115|0.154988287|0.184543324|0.226729538,0.385742699|0.331326259|0.118467115|0.124988287|0.154543324|0.196729538,0|0|0|0.15|0.15|0.15,0|0|0.00207373634|0.261254073|0.189921598|0.236431585,0.0669240639|0.138668915|0.187474026|-0.281207639|-0.257285932|-0.22998841,1.12989486|0.983973952|0.183416221|-4.17839993e-07|0.0708089638|0.313361328,0.526994586|0.139671206|0.340449989,0.0252142921|0.29349336|-0.0850889608,0.003726276569068432,0.0010940544307231903,0.0008707549422979355,0.001728767529129982
48,2.45,-1.2324137601254723,0.7182251214981079,0.4774225652217865,0.16360265016555786,0.5975067615509033,0.35,2,0,0,0,0,,,nan,0,0.0,18.512731552124023,387.9512023925781,0.7692130208015442,1.0,nan,0,0,0,0,0.17213806195808734,0.0,safe_stop_infeasible,0.769212995314386,1,0,12,,qp_solver,0,0,0,primal infeasible,osqp,0.0,valid,0.004274042831298314,0.269552022|0.214190595|0.00427404283|0.00497668108|0.0327858644|0.0790890652,0.419552022|0.364190595|0.154274043|0.154976681|0.182785864|0.229089065,0.389552022|0.334190595|0.124274043|0.124976681|0.152785864|0.199089065,0|0|0|0.15|0.15|0.15,0|0|0|0|0|0,0.0747531191|0.145258485|0.192967958|-0.275187306|-0.251193338|-0.221200388,1.15296121|1.00202087|0.210064129|-0.255280582|-0.12004988|0.0951558725,0.528255582|0.15434593|0.336195648,0.0252142921|0.29349336|-0.0850889608,0.004205996170639992,0.0012807324528694153,0.001267898827791214,0.0016268882900476456
49,2.5,-1.2483921679852745,0.7925275564193726,0.4774225652217865,0.17021726071834564,0.6586511731147766,0.35,3,0,0,0,0,,,nan,0,0.0,0.0,370.2546081542969,0.47492122650146484,1.0,nan,0,0,0,0,0.17213806195808734,0.0,safe_stop_infeasible,0.47492121652080743,1,0,12,,qp_solver,0,0,0,primal infeasible,osqp,0.0,valid,-0.00725489999180573,0.273509982|0.221073563|0.0136026325|-0.00725489999|0.0214479526|0.0695039862,0.423509982|0.371073563|0.163602633|0.1427451|0.171447953|0.219503986,0.393509982|0.341073563|0.133602633|0.1127451|0.141447953|0.189503986,0|0|0|0.15|0.15|0.15,0|0|0|0|0|0,0.082365665|0.147962673|0.193559083|-0.27165298|-0.246234509|-0.214189797,1.17640559|1.03225693|0.247969613|-0.30067258|-0.160442699|0.063826148,0.529516578|0.169020653|0.331941307,0.0252142921|0.29349336|-0.0850889608,0.004223761148750782,0.0012885462492704391,0.0012675859034061432,0.0016380809247493744
50,2.5500000000000003,-1.2971488270161888,0.8412842154502869,0.4774225652217865,0.15640832483768463,0.7104350924491882,0.35,3,0,0,0,0,,,nan,0,0.0,0.0,0.0,0.39369213581085205,1.0,nan,0,0,0,0,0.17213806195808734,0.0,safe_stop_infeasible,0.3936921163467483,1,0,12,,qp_solver,0,0,0,primal infeasible,osqp,0.0,valid,-0.020748476348151967,0.277815369|0.228526127|0.0232810127|-0.0207484763|0.00927857464|0.058978545,0.427815369|0.378526127|0.173281013|0.129251524|0.159278575|0.208978545,0.397815369|0.348526127|0.143281013|0.0992515237|0.129278575|0.178978545,0|0|0|0.15|0.15|0.15,0|0|0|0|0|0,0.0898101413|0.150114098|0.193567435|-0.267999328|-0.24039073|-0.20671693,1.20107162|1.06421861|0.286691485|-0.350993234|-0.203276431|0.0291972496,0.530777574|0.183695376|0.327686965,0.0252142921|0.29349336|-0.0850889608,0.0042607709765434265,0.0013119112700223923,0.0012873569503426552,0.0016308827325701714
51,2.6,-1.3093836340306542,0.8535190224647522,0.4774225652217865,0.14274536073207855,0.7671869397163391,0.35,3,0,0,0,0,,,nan,0,0.0,0.0,0.0,0.38673514127731323,1.0,nan,0,0,0,0,0.17213806195808734,0.0,safe_stop_infeasible,0.38673514368845985,1,0,12,,qp_solver,0,0,0,primal infeasible,osqp,0.0,valid,-0.03404426302452285,0.282488771|0.236084098|0.032959792|-0.034044263|-0.00257475343|0.0488450341,0.432488771|0.386084098|0.182959792|0.115955737|0.147425247|0.198845034,0.402488771|0.356084098|0.152959792|0.085955737|0.117425247|0.168845034,0|0|0|0.15|0.15|0.15,0|0|0|0|0|0,0.0970848678|0.152179497|0.193575069|-0.26372127|-0.233603365|-0.198501996,1.22703995|1.09651589|0.325414237|-0.399898322|-0.243902378|-0.00312185995,0.532038569|0.198370099|0.323432624,0.0252142921|0.29349336|-0.0850889608,0.004292856901884079,0.0013257460668683052,0.0012982971966266632,0.001638723537325859
52,2.6500000000000004,-1.322255972325637,0.8663913607597351,0.4774225652217865,0.12925179302692413,0.8292908072471619,0.35,3,0,0,0,0,,,nan,0,0.0,0.0,0.0,0.37963688373565674,1.0,nan,0,0,0,0,0.17213806195808734,0.0,safe_stop_infeasible,0.37963689177066984,1,0,12,,qp_solver,0,0,0,primal infeasible,osqp,0.0,valid,-0.04710774362862094,0.287521494|0.243743259|0.0426389365|-0.0471077436|-0.0140659925|0.0391422011,0.437521494|0.393743259|0.192638936|0.102892256|0.135934008|0.189142201,0.407521494|0.363743259|0.162638936|0.0728922564|0.105934008|0.159142201,0|0|0|0.15|0.15|0.15,0|0|0|0|0|0,0.104181848|0.154162305|0.193582066|-0.258681871|-0.225885782|-0.189479162,1.25426782|1.12913534|0.364137811|-0.447112845|-0.282149752|-0.0329103581,0.533299565|0.213044822|0.319178283,0.0252142921|0.29349336|-0.0850889608,0.004169899970293045,0.0012990562245249748,0.0012686438858509064,0.0015743710100650787
53,2.7,-4.331213477551772,3.8753488659858704,0.4774225652217865,0.11595601588487625,0.8753488063812256,0.35,3,1,0,0,0,,,nan,0,0.0,0.0,0.0,0.3730594515800476,1.0,nan,0,0,0,0,0.17213806195808734,0.0,safe_stop_infeasible,0.3730594508948376,1,0,12,,qp_solver,0,0,0,primal infeasible,osqp,0.0,valid,-0.05989672507841787,0.292904481|0.251499566|0.0523184162|-0.0598967251|-0.0251452443|0.0299120766,0.442904481|0.401499566|0.202318416|0.0901032749|0.124854756|0.179912077,0.412904481|0.371499566|0.172318416|0.0601032749|0.0948547557|0.149912077,0|0|0|0.15|0.15|0.15,0|0|0|0|0|0,0.111094469|0.156065876|0.193588494|-0.252709695|-0.217099986|-0.179583359,1.28271239|1.16206414|0.402862158|-0.492296595|-0.317680964|-0.0599350525,0.534560561|0.227719545|0.314923942,0.0252142921|0.29349336|-0.0850889608,0.004175969399511814,0.00125983078032732,0.0013093221932649612,0.0015768948942422867
54,2.75,-4.329773608147933,3.8739089965820312,0.4774225652217865,0.10289264470338821,0.8739089965820312,0.35,3,1,0,0,0,,,nan,0,0.0,0.0,0.0,0.36823222041130066,1.0,nan,0,0,0,0,0.17213806195808734,0.0,safe_stop_infeasible,0.36823222654330456,1,0,12,,qp_solver,0,0,0,primal infeasible,osqp,0.0,valid,-0.07235940537177998,0.298628376|0.259349138|0.0619982041|-0.0723594054|-0.0357553448|0.0211998662,0.448628376|0.409349138|0.211998204|0.0776405946|0.114244655|0.171199866,0.418628376|0.379349138|0.181998204|0.0476405946|0.0842446552|0.141199866,0|0|0|0.15|0.15|0.15,0|0|0|0|0|0,0.117817465|0.157893473|0.193594413|-0.245590301|-0.207093654|-0.168753217,1.31233097|1.19529003|0.441587229|-0.535027922|-0.350115033|-0.0839537527,0.535821557|0.242394269|0.310669601,0.0252142921|0.29349336|-0.0850889608,0.004191257059574127,0.0012751780450344086,0.0012811841443181038,0.0016033388674259186
55,2.8000000000000003,-4.328067305981948,3.872202694416046,0.4774225652217865,0.09010381251573563,0.8722026348114014,0.35,3,1,0,0,0,,,nan,0,0.0,0.0,0.0,0.36409589648246765,1.0,nan,0,0,0,0,0.17213806195808734,0.0,safe_stop_infeasible,0.36409590133215164,1,0,12,,qp_solver,0,0,0,primal infeasible,osqp,0.0,valid,-0.08443191418186019,0.304683557|0.267288206|0.0716782327|-0.0844319142|-0.0458311729|0.0130537189,0.454683557|0.417288206|0.221678233|0.0655680858|0.104168827|0.163053719,0.424683557|0.387288206|0.191678233|0.0355680858|0.0741688271|0.133053719,0|0|0|0.15|0.15|0.15,0|0|0|0|0|0,0.124346824|0.159648261|0.193599876|-0.237056742|-0.195703405|-0.156934992,1.34308105|1.22880109|0.480312807|-0.574784398|-0.379028097|-0.104720117,0.537082553|0.257068902|0.30641526,0.0252142921|0.29349336|-0.0850889608,0.004257554188370705,0.0013057589530944824,0.0013179127126932144,0.0016044462099671364
56,2.85,-14.339177969574514,11.863382339477539,0.478423535823822,0.07881138473749161,0.8633822798728943,0.35,3,1,1,0,1,4,forearm_link,-0.0036417238148683303,0,0.0,0.0,0.0,0.35492217540740967,1.0,nan,0,0,0,0,0.17213806195808734,0.0,safe_stop_infeasible,0.3549221735570273,1,0,12,,qp_solver,0,0,0,primal infeasible,osqp,0.0,valid,-0.09603559898211997,0.311060264|0.275313206|0.0813584801|-0.096035599|-0.0552993372|0.00552413112,0.461060264|0.425313206|0.23135848|0.053964401|0.0947006628|0.155524131,0.431060264|0.395313206|0.20135848|0.023964401|0.0647006628|0.125524131,0|0|0|0.15|0.15|0.15,0|0|0|0|0|0,0.130679798|0.161333311|0.193604929|-0.226780103|-0.182761077|-0.144087225,1.37492086|1.26258613|0.51903885|-0.610922499|-0.403958426|-0.1219907,0.538343549|0.271743447|0.302160919,0.0252142921|0.29349336|-0.0850889608,0.004148224368691444,0.001269790343940258,0.0012475838884711266,0.001602684147655964
