step,total_steps,episode,episode_length,latest_reward,latest_cost,episode_reward,episode_cost,risk_global,d_min,success,collision,safety_filter_status,safety_filter_intervention_norm,safety_filter_safe_stop,safety_filter_max_constraint_violation,predictive_h_min_m,safety_filter_solve_time_s,lambda,alpha,replay_size
100,20000,0,100,-1.4085023793600024,0.41195324063301086,-129.78039671140968,45.97561290115118,0.41173189878463745,0.147742360830307,0,0,passthrough,0.0,False,0.0,0.027106170428956744,0.008824742399156094,0.0,0.20000000298023224,100
200,20000,0,200,-1.0886812332503044,0.11123672127723694,-263.4553127698078,72.01405595615506,0.0996592789888382,0.35802632570266724,0,0,filtered,0.061804938316345204,False,0.0,0.2221543110974586,0.0031726276502013206,0.0,0.20000000298023224,200
300,20000,1,60,-0.8888568574262701,0.6439120173454285,-32.07426095452491,25.293420888483524,0.598132848739624,0.13749754428863525,0,0,filtered,0.15057011725447575,False,0.0,0.0068058070273463445,0.003044375218451023,0.0,0.20000000298023224,300
400,20000,1,160,-0.2755536835367073,0.03462967649102211,-96.56874663451121,59.24658701196313,0.03462968021631241,0.5081179738044739,0,0,filtered,0.12544411718845366,False,0.0,0.38342105652560765,0.0037339916452765465,0.0,0.20000000298023224,400
500,20000,2,20,-1.29799701732615,0.5990380644798279,-28.713721223713634,11.27288818359375,0.5281926393508911,0.14369982481002808,0,0,filtered,0.30764955834316166,False,0.0,0.005672980666326322,0.002058040350675583,0.0,0.20000000298023224,500
600,20000,2,120,-0.5856811819272116,0.05907028168439865,-108.82876917739823,37.262179374694824,0.05907028168439865,0.411284863948822,0,0,passthrough,0.0,False,0.0,0.27950605851124855,0.008254161104559898,0.0,0.20000000298023224,600
700,20000,2,220,-1.7190293999766235,0.05074173957109451,-234.2282519303335,42.125005923211575,0.0494602806866169,0.5441714525222778,0,0,filtered,0.09517825654987637,False,0.0,0.40785962421810884,0.004155329428613186,0.0,0.20000000298023224,700
800,20000,3,80,-0.2401908838871201,0.10671130567789078,-38.622970189887916,31.026779778301716,0.10671129822731018,0.32343193888664246,0,0,filtered,0.07430731693614162,False,0.0,0.1888956130112729,0.003297804854810238,0.0,0.20000000298023224,800
900,20000,3,180,-0.23171335116068095,0.22891965508460999,-78.26924276765176,61.84865006059408,0.21552124619483948,0.45012539625167847,0,0,filtered,0.13045946328276342,False,0.0,0.30270060103157004,0.0025012949481606483,0.0,0.20000000298023224,900
1000,20000,4,67,-1.031718320940446,0.30154988169670105,-67.00386814926713,34.47588846087456,0.30154988169670105,0.18677669763565063,0,0,filtered,0.10810954332323708,False,2.7755575615628914e-17,0.05018806691186761,0.0024608680978417397,0.0,0.19993998110294342,1000
1100,20000,4,167,-0.6022260201082099,0.06204933300614357,-235.02156145688718,145.73222809657454,0.06204932928085327,0.4034465551376343,0,0,filtered,0.22231388996947699,False,0.0,0.2714739004544302,0.0035587437450885773,0.0,0.19403822720050812,1100
1200,20000,7,2,-0.38613724753890216,0.14058129489421844,-0.7480704861217831,0.3135644942522049,0.1368313878774643,0.5530753135681152,0,0,filtered,0.07947811782360076,False,0.0,0.40635738857678183,0.0029055923223495483,0.0,0.18832038342952728,1200
1300,20000,7,102,-0.2747602609627984,0.163034588098526,-69.80226189035795,31.05558517202735,0.15659424662590027,0.4307989180088043,0,0,filtered,0.008365030586719502,False,0.0,0.2889950958094447,0.003735428676009178,0.0,0.1827942579984665,1300
1400,20000,7,202,-0.2250356085565366,0.153428316116333,-105.1433310420728,56.18994508497417,0.14953160285949707,0.5823297500610352,0,0,filtered,0.09915280640125274,False,0.0,0.4388401988909002,0.0034774206578731537,0.0,0.17744112014770508,1400
1500,20000,8,62,-0.30612117235728986,0.25242653489112854,-33.10338811991746,29.907771602272987,0.25242650508880615,0.20933771133422852,0,0,filtered,0.0760629049174426,False,0.0,0.07844805457196485,0.0031741708517074585,0.0,0.17225202918052673,1500
1600,20000,8,162,-0.26442333056074524,0.03055141121149063,-55.71138977765535,39.74853552132845,0.03055141679942608,0.5359628796577454,0,0,filtered,0.05097757271410476,False,0.0,0.40590273755696116,0.003916516900062561,0.0,0.16722573339939117,1600
1700,20000,9,22,-1.2371518282637872,0.6328226327896118,-22.73473184040374,10.96695201098919,0.5124514102935791,0.17121444642543793,0,0,filtered,0.38341270646413395,False,0.0,0.01568206972559405,0.0029031503945589066,0.0,0.1623612493276596,1700
1800,20000,9,122,-0.6531044583260348,0.06966396421194077,-97.23443104949995,42.73574961721897,0.06966397911310196,0.3854682147502899,0,0,filtered,0.02134563699364661,False,0.0,0.2582998354687007,0.003731507807970047,0.0,0.15763835608959198,1800
1900,20000,9,222,-1.1637346696065562,0.5799825191497803,-178.48709769345143,60.81117904186249,0.4692457616329193,0.1659914255142212,0,0,filtered,0.03664951466077412,False,0.0,0.013011215292414946,0.0034641027450561523,0.0,0.1530667096376419,1900
2000,20000,10,82,-0.09458791839015732,0.0429534874856472,-52.88146159226715,33.28065286204219,0.0429534874856472,0.4658140242099762,0,0,filtered,0.10244953930377959,False,0.0,0.32404893907903604,0.0036070505157113075,0.0,0.1486395299434662,2000
2100,20000,10,182,-0.5006726430636266,0.4257535934448242,-98.46224314078133,60.18849369324744,0.4257536232471466,0.14357508718967438,0,0,passthrough,0.0,False,0.0,0.013960159341295353,0.020575410686433315,0.0,0.1443464607000351,2100
2200,20000,11,42,-0.6933540486682795,0.5563908815383911,-27.320268083805008,22.97844421863556,0.47897031903266907,0.1449834108352661,0,0,filtered,0.07177044393371408,False,0.0,0.0046100980085255205,0.0037391455844044685,0.0,0.14019130170345306,2200
2300,20000,11,142,-0.47976554228474044,0.025451824069023132,-85.99668190319237,46.13484493456781,0.02545182779431343,0.5834085941314697,0,0,filtered,0.07906515595769409,False,0.0,0.45499605588545344,0.005362514406442642,0.0,0.1361645609140396,2300
2400,20000,12,2,-0.5118553066798824,0.4516635835170746,-0.9775614514456903,0.8516308069229126,0.38518357276916504,0.2667073905467987,0,0,filtered,0.09024689187333988,False,0.0,0.11436438937373455,0.0035151541233062744,0.0,0.13227146863937378,2400
2500,20000,12,102,-0.372068323598119,0.2885209321975708,-51.19111877561055,43.41481772065163,0.2885209619998932,0.28710341453552246,0,0,filtered,0.03749824613332747,False,0.0,0.17591865995667122,0.0027783801779150963,0.0,0.12852774560451508,2500
2600,20000,12,202,-0.3667869122754931,0.0784626454114914,-76.87162048561798,49.954084501601756,0.07675351202487946,0.680205762386322,0,0,filtered,0.038095083078717645,False,0.0,0.5284216925203066,0.0023053763434290886,0.0,0.12494859844446182,2600
2700,20000,13,62,-0.8251320280684065,0.38764575123786926,-55.40545568201317,25.008870109915733,0.38764581084251404,0.155256986618042,0,0,passthrough,0.0,False,0.0,0.035360660079922945,0.003133600577712059,0.0,0.12149084359407425,2700
2800,20000,13,162,-0.2031273772157849,0.10270628333091736,-95.24568727861292,41.10654008388519,0.09703518450260162,0.4746094048023224,0,0,filtered,0.06422420144081115,False,0.0,0.3399334570731149,0.0032840538769960403,0.0,0.11816596239805222,2800
2900,20000,14,22,-0.3069103674506553,0.11470818519592285,-5.434566357938171,3.4547042548656464,0.0980062484741211,0.33539074659347534,0,0,filtered,0.06648820936679839,False,0.0,0.192587716446683,0.0034884894266724586,0.0,0.114935003221035,2900
3000,20000,14,122,-0.7877214239322259,0.29951637983322144,-88.16551897776279,49.588182121515274,0.29951635003089905,0.18763114511966705,0,0,filtered,0.06735476593748753,False,0.0,0.06433286474471939,0.003113791346549988,0.0,0.11180014908313751,3000
3100,20000,14,222,-0.42265427327976796,0.06958427280187607,-134.24910549029698,56.320276223123074,0.06889542192220688,0.5555592179298401,0,0,filtered,0.03561704158782958,False,0.0,0.4329854596800281,0.0030555250123143196,0.0,0.10878878086805344,3100
3200,20000,15,82,-0.5640208983844244,0.24977995455265045,-63.26610274587977,44.69328038394451,0.24977993965148926,0.2106824815273285,0,0,filtered,0.13307072463035666,False,9.875328853270471e-12,0.0787069319007655,0.004419696517288685,0.0,0.10584182292222977,3200
3300,20000,15,182,-0.24617417055272228,0.021981606259942055,-92.1974613723033,51.24325707182288,0.021981604397296906,0.6314665675163269,0,0,filtered,0.1632621499465991,False,0.0,0.5039003758574111,0.002113780938088894,0.0,0.10297483950853348,3300
3400,20000,16,42,-0.8339906305443681,0.5203656554222107,-27.06335373762178,20.145784243941307,0.4451190233230591,0.14253635704517365,0,0,filtered,0.08631192977352213,False,4.3258974180560017e-10,0.0027773156827215484,0.004921047016978264,0.0,0.10018282383680344,3400
3500,20000,16,142,-0.85896215488076,0.04199716076254845,-110.48725940562623,42.98946901038289,0.04199716076254845,0.4886903166770935,0,0,filtered,0.23098906929151214,False,1.9805931287392164e-10,0.3694263499655837,0.002388862892985344,0.0,0.09747314453125,3500
3600,20000,17,2,-0.6159211413686132,0.26603126525878906,-1.173746807101066,0.4919321537017822,0.2566339373588562,0.4232025146484375,0,0,passthrough,0.0,False,0.0,0.2755089717082865,0.00885133445262909,0.0,0.09483594447374344,3600
3700,20000,17,102,-0.15339499317659402,0.1575639694929123,-15.746884534626986,13.416403675451875,0.150259330868721,0.4907900393009186,0,0,passthrough,0.0,False,0.0,0.34816929691466053,0.009453808888792992,0.0,0.09226401895284653,3700
3800,20000,18,81,-0.8484749301238764,0.5519310832023621,-37.8570617314561,29.34658271819353,0.5184730291366577,0.12891514599323273,0,0,filtered,0.32800862556772087,False,2.3300390991631836e-09,0.000645343878174609,0.004624524153769016,0.0,0.08977060765028,3800
3900,20000,18,181,-0.07492884576606672,0.03753213584423065,-115.40852100567587,74.16202788054943,0.03753214329481125,0.49162009358406067,0,0,filtered,0.0015307135879993328,False,0.0,0.3632034074767156,0.0035510938614606857,0.0,0.0873703807592392,3900
4000,20000,19,41,-0.5282158510682393,0.42196765542030334,-28.23299005270995,17.340132817626,0.38808900117874146,0.15511438250541687,0,0,passthrough,0.0,False,0.0,0.016976945811140676,0.004258986562490463,0.0,0.08503420650959015,4000
4100,20000,19,141,-0.3689125308024813,0.12297296524047852,-56.51069504722649,26.798663204535842,0.11807293444871902,0.41516128182411194,0,0,filtered,0.2313809703744282,False,0.0,0.283273769991758,0.004468156956136227,0.0,0.08278331160545349,4100
4200,20000,20,1,-0.3504323269535934,0.3357365131378174,-0.3504323269535934,0.3357365131378174,0.2822250425815582,0.32000237703323364,0,0,passthrough,0.0,False,0.0,0.15734678979590616,0.00395750068128109,0.0,0.08060334622859955,4200
4300,20000,21,71,-4.298696772223282,3.800000011920929,-132.25212567137098,102.23570615053177,0.800000011920929,0.06986469775438309,0,0,safe_stop_projection_failed,0.4702713442852848,True,0.0571489172168784,-0.05480639530657733,0.24350603111088276,0.0,0.07849708944559097,4300
4400,20000,21,171,-0.4171225389205858,0.07167430222034454,-207.85855009430136,130.06113579310477,0.06898875534534454,0.43505844473838806,0,0,filtered,0.16481739929199837,False,0.0,0.30903286856571077,0.0024716295301914215,0.0,0.07646933943033218,4400
4500,20000,22,31,-1.065657602693398,0.6609746217727661,-11.435269310425534,10.978517800569534,0.6117464303970337,0.16042234003543854,0,0,filtered,0.007471529919125711,False,0.0,0.030574812499823245,0.0021488331258296967,0.0,0.0745154470205307,4500
4600,20000,22,131,-0.2326758771833238,0.01757705584168434,-55.86451157924299,35.66800978407264,0.01757705584168434,0.7492169737815857,0,0,filtered,0.03677504308679787,False,0.0,0.61895398539027,0.0031149694696068764,0.0,0.07259912043809891,4600
4700,20000,22,231,-0.4579458881515259,0.18251456320285797,-84.06876173032366,43.67263578437269,0.17269590497016907,0.3290925621986389,0,0,filtered,0.2815858242794508,False,0.0,0.20186360825514266,0.0035362429916858673,0.0,0.07074753940105438,4700
4800,20000,23,91,-0.5009074730178185,0.08071856200695038,-45.75946238839326,15.10814468562603,0.08071856945753098,0.36339059472084045,0,0,filtered,0.0531435730572351,False,0.0,0.23482594422718878,0.002433723770081997,0.0,0.06894665211439133,4800
4900,20000,23,191,-4.313811774725481,3.8243632912635803,-177.92800715316758,111.80080206692219,0.8243632316589355,0.06690032035112381,0,0,safe_stop_projection_failed,0.4551047947403406,True,0.147223999472055,-0.05351034424319642,0.18244686536490917,0.0,0.06718844175338745,4900
5000,20000,24,65,-2.0270147576596154,0.6608385443687439,-79.88018224617079,30.778573155403137,0.6270303726196289,0.12822751700878143,0,0,filtered,0.36066608355464996,False,8.664535103286575e-09,0.000662555845250351,0.00686992984265089,0.0,0.06548488140106201,5000
5100,20000,24,165,-0.4188547900101333,0.0880458727478981,-159.64878472187425,59.984827771782875,0.08479999750852585,0.35616710782051086,0,0,passthrough,0.0,False,0.0,0.2256340280008432,0.002053060568869114,0.0,0.06382830440998077,5100
5200,20000,25,25,-0.9757324936667692,0.6300843954086304,-18.142198255765003,8.180683121085167,0.5357227325439453,0.1800583302974701,0,0,filtered,0.09857206884240803,False,0.0,0.03418136921077275,0.00351549219340086,0.0,0.062216728925704956,5200
5300,20000,25,125,-0.6887862667580955,0.07458846271038055,-87.6109704211703,25.287876650691032,0.07377970963716507,0.5745404958724976,0,0,passthrough,0.0,False,0.0,0.44653516158529893,0.003207397647202015,0.0,0.06064620614051819,5300
5400,20000,25,225,-0.3479506123270315,0.023299794644117355,-145.03669644117738,31.965462109073997,0.023299796506762505,0.6108852028846741,0,0,passthrough,0.0,False,0.0,0.48396579055518407,0.0034165875986218452,0.0,0.05911075323820114,5400
5500,20000,26,85,-0.2531226081140153,0.06634428352117538,-47.03676954196137,35.237358540296555,0.06634428352117538,0.3929773271083832,0,0,passthrough,0.0,False,0.0,0.25894705600137935,0.003553161397576332,0.0,0.0576326884329319,5500
5600,20000,26,185,-1.6031300932594288,0.36677122116088867,-136.88277602673264,75.19744038581848,0.36677122116088867,0.16217346489429474,0,0,filtered,0.22749341555424113,False,6.938893903907228e-18,0.04025511637560175,0.0031426670029759407,0.0,0.056180600076913834,5600
5700,20000,27,45,-0.8362479653352705,0.28877371549606323,-54.74917381544526,12.73875543475151,0.2887737452983856,0.19224873185157776,0,0,passthrough,0.0,False,0.0,0.07031928670326121,0.003394016996026039,0.0,0.05476498231291771,5700
5800,20000,27,145,-0.7661501544779789,0.2631794214248657,-111.58593625679796,35.44134749099612,0.2631794512271881,0.2040238380432129,0,0,filtered,0.08741562541866563,False,0.0,0.0782836753443179,0.003652246668934822,0.0,0.05339578539133072,5800
5900,20000,28,5,-0.9560072811186228,0.139176145195961,-4.576205261594726,0.8095741271972656,0.13684353232383728,0.5250238180160522,0,0,passthrough,0.0,False,0.0,0.3601608539837416,0.003543897531926632,0.0,0.05206326022744179,5900
6000,20000,28,105,-0.44430042673115516,0.2857072353363037,-62.036588186006796,18.58812490850687,0.2655283510684967,0.28865721821784973,0,0,passthrough,0.0,False,0.0,0.15647019616893,0.003930032253265381,0.0,0.05077274888753891,6000
6100,20000,28,205,-0.3061715814924416,0.13819678127765656,-100.73432384748934,50.29294929653406,0.13819678127765656,0.2880368232727051,0,0,passthrough,0.0,False,0.0,0.15800313099439806,0.003201741725206375,0.0,0.04952307790517807,6100
6200,20000,29,65,-0.6208478572867583,0.47352248430252075,-38.04849797549722,20.388969779014587,0.419996440410614,0.14671392738819122,0,0,filtered,0.05230809673666953,False,0.0,0.01078897480063501,0.0034959008917212486,0.0,0.04829810932278633,6200
6300,20000,29,165,-0.5581886532333596,0.16031140089035034,-94.25626583687608,69.85664074122906,0.13494554162025452,0.2912445366382599,0,0,passthrough,0.0,False,0.0,0.14327016651248992,0.003401581197977066,0.0,0.04711037129163742,6300
6400,20000,31,7,-0.5344585342647787,0.27013838291168213,-3.6192281609535835,1.581787332892418,0.25278612971305847,0.3278200328350067,0,0,filtered,0.024209949374198902,False,0.0,0.19634395034558227,0.0036484887823462486,0.0,0.04595028981566429,6400
6500,20000,31,107,-1.938722826922385,0.21101590991020203,-146.40078045654892,45.52587829530239,0.20362918078899384,0.23693837225437164,0,0,filtered,0.13411186837164807,False,4.690585334206354e-09,0.10553120977354119,0.004604603163897991,0.0,0.0448208749294281,6500
6600,20000,31,207,-1.879984043587756,0.3572908043861389,-319.6881034474135,59.81971640884876,0.34749290347099304,0.24656112492084503,0,0,filtered,0.17887750008845327,False,2.7755575615628914e-17,0.12721850938283585,0.003047145903110504,0.0,0.043706055730581284,6600
6700,20000,32,67,-0.5607486000518216,0.4640982449054718,-44.07597060692462,36.4606773853302,0.46409815549850464,0.13286693394184113,0,0,passthrough,0.0,False,0.0,0.009210470667851967,0.0041492898017168045,0.0,0.04262104257941246,6700
6800,20000,32,167,-0.1297679964437271,0.15788482129573822,-116.1331138901135,84.57398864626884,0.1578848659992218,0.27025464177131653,0,0,passthrough,0.0,False,0.0,0.14085517475731074,0.003343750722706318,0.0,0.04157571122050285,6800
6900,20000,33,40,-0.2771541126333287,0.24241842329502106,-10.06860251403993,9.436791867017746,0.2338695377111435,0.22092163562774658,0,0,filtered,0.002060338109731663,False,0.0,0.0954523853650841,0.003372875042259693,0.0,0.04056581109762192,6900
7000,20000,33,140,-1.7969496586292373,0.5109120607376099,-86.19433964250759,38.71869561076164,0.38011434674263,0.15872181951999664,0,0,filtered,0.34162641455127246,False,0.0,0.001989135335800807,0.0035287467762827873,0.0,0.039598412811756134,7000
7100,20000,34,80,-0.5814621400166814,0.14573025703430176,-116.72904208969359,77.74541829526424,0.132253497838974,0.37754201889038086,0,0,filtered,0.17812992268162478,False,9.076964874177307e-12,0.23775848907743863,0.0039594462141394615,0.0,0.038658373057842255,7100
7200,20000,34,180,-0.6480043549865289,0.329019159078598,-161.27397225471924,92.06090172380209,0.30206769704818726,0.23902475833892822,0,0,filtered,0.16694116231893524,False,0.0,0.10574925317577061,0.003853919915854931,0.0,0.03773963078856468,7200
7300,20000,36,39,-0.513522332668556,0.3869593143463135,-12.335042241883908,9.924747064709663,0.3524985909461975,0.20246721804141998,0,0,passthrough,0.0,False,0.0,0.07016983396396614,0.0035527637228369713,0.0,0.03684443607926369,7300
7400,20000,37,39,-0.6517002656179876,0.3793019950389862,-17.191488124234812,11.768407344818115,0.33513936400413513,0.20101319253444672,0,0,filtered,0.21430757335744863,False,6.938893903907228e-18,0.05867834571976199,0.003942486830055714,0.0,0.035994481295347214,7400
7500,20000,37,139,-0.9255726955420599,0.40158551931381226,-83.05161907473855,47.04162980616093,0.3775681257247925,0.24541032314300537,0,0,filtered,0.038014969120547575,False,0.0,0.11876655798209107,0.0035689305514097214,0.0,0.035169847309589386,7500
7600,20000,37,239,-0.5333437194274502,0.034543443471193314,-152.15548907421658,73.64968468993902,0.03454344719648361,0.5086445808410645,0,0,filtered,0.2401638473615522,False,0.0,0.3812589947349764,0.003736281767487526,0.0,0.034387052059173584,7600
7700,20000,38,99,-0.14065648109716022,0.05579955875873566,-28.582252388509506,23.064473006874323,0.05579954758286476,0.4205247163772583,0,0,filtered,0.018996554613113392,False,0.0,0.29293229392482456,0.0030574025586247444,0.0,0.033626653254032135,7700
7800,20000,38,199,-0.45003876080457195,0.2368411272764206,-44.97588511538107,31.053906187415123,0.21956424415111542,0.31165406107902527,0,0,passthrough,0.0,False,0.0,0.17964977905999302,0.006878032349050045,0.0,0.03290770575404167,7800
7900,20000,39,59,-0.3317168421323743,0.11863639205694199,-27.01937652913902,16.881620213389397,0.11863637715578079,0.30877241492271423,0,0,passthrough,0.0,False,0.0,0.1849461377840224,0.0036021843552589417,0.0,0.032203566282987595,7900
8000,20000,39,159,-0.4399181227549991,0.3937511742115021,-62.31478369244021,39.369110614061356,0.3937511444091797,0.1533072143793106,0,0,passthrough,0.0,False,0.0,0.031682882173320215,0.0034730983898043633,0.0,0.03151706978678703,8000
8100,20000,40,19,-0.4740729900328654,0.34470629692077637,-14.336114612691032,6.4747355580329895,0.3003603219985962,0.2545643746852875,0,0,filtered,0.06624038815498351,False,0.0,0.10322989027628993,0.003629223443567753,0.0,0.03086470253765583,8100
8200,20000,40,119,-1.0398256697686885,0.378345787525177,-69.72951093134505,25.23845723643899,0.35496699810028076,0.2655736207962036,0,0,passthrough,0.0,False,0.0,0.13872359784591354,0.0020258408039808273,0.0,0.030252013355493546,8200
8300,20000,40,219,-1.4227800840822975,0.5658368468284607,-144.25557893619046,58.14666846767068,0.42545264959335327,0.16942642629146576,0,0,filtered,0.4518251378681542,False,0.0,0.008941831233553077,0.0038835974410176277,0.0,0.029649758711457253,8300
8400,20000,41,79,-0.5978194749487205,0.3638179898262024,-38.83869085959069,21.172418046742678,0.31797051429748535,0.34279313683509827,0,0,passthrough,0.0,False,0.0,0.1832328291016478,0.003587929531931877,0.0,0.02902247942984104,8400
8500,20000,41,179,-0.7332141213394245,0.19600188732147217,-99.83647302398005,48.58751497603953,0.1878211796283722,0.43456602096557617,0,0,filtered,0.04683678150177001,False,0.0,0.29930783353233803,0.00360190961509943,0.0,0.028436528518795967,8500
8600,20000,42,39,-0.7746898555457236,0.2447224259376526,-16.002039704468665,8.010208584368229,0.20452971756458282,0.2568017244338989,0,0,passthrough,0.0,False,0.0,0.11352950544193985,0.003301188349723816,0.0,0.027874233201146126,8600
8700,20000,42,139,-0.2851751013254652,0.42061689496040344,-57.84982168395892,30.150936940684915,0.3841986656188965,0.26151448488235474,0,0,passthrough,0.0,False,0.0,0.12711360815816514,0.0020746299996972084,0.0,0.027334274724125862,8700
8800,20000,43,79,0.08493586490600136,0.08802638947963715,-37.63158045355423,14.917403817176819,0.08802638947963715,0.3697167932987213,0,0,passthrough,0.0,False,0.0,0.2516766001275561,0.004055785946547985,0.0,0.026819581165909767,8800
8900,20000,43,179,-0.4541547361932675,0.07481580972671509,-88.38850826870423,45.28932684287429,0.07481580972671509,0.37467247247695923,0,0,passthrough,0.0,False,0.0,0.24745511026281736,0.0037264274433255196,0.0,0.026322850957512856,8900
9000,20000,44,39,-0.3916459952993,0.14322789013385773,-24.176224749293006,10.765233740210533,0.14322790503501892,0.2921416759490967,0,0,passthrough,0.0,False,0.0,0.1659540771567305,0.0025398163124918938,0.0,0.025869788601994514,9000
9100,20000,44,139,-4.206451080451789,3.800000011920929,-143.12282200390038,102.61379277519882,0.800000011920929,0.10810316354036331,0,0,filtered,0.34504798291120675,False,0.0,-0.0222514049684302,0.0024369992315769196,0.0,0.02540924958884716,9100
9200,20000,45,71,-0.3530852053304832,0.34655827283859253,-23.580697510078586,15.943511098623276,0.34655824303627014,0.19628016650676727,0,0,passthrough,0.0,False,0.0,0.07905062119620754,0.0032883966341614723,0.0,0.024961737915873528,9200
9300,20000,45,171,-0.9240645386333756,0.019863635301589966,-63.47426978943515,28.69029126688838,0.019863637164235115,0.6743727922439575,0,0,passthrough,0.0,False,0.0,0.546299746761569,0.0036266520619392395,0.0,0.024536846205592155,9300
9400,20000,46,31,-0.4564530296400383,0.16857264935970306,-17.913234894136888,4.482344850897789,0.16138845682144165,0.3372964859008789,0,0,passthrough,0.0,False,0.0,0.21289460940612365,0.003708619624376297,0.0,0.024094432592391968,9400
9500,20000,47,50,-0.5259920391453592,0.283119797706604,-27.75176459080599,15.326394408941269,0.2831198275089264,0.1947523057460785,0,0,filtered,0.01569147892296313,False,0.0,0.06804439529342499,0.0034007076174020767,0.0,0.023663852363824844,9500
9600,20000,47,150,-0.2475182277443676,0.0850801095366478,-52.15429254871021,24.76597060635686,0.08486276865005493,0.7867748141288757,0,0,passthrough,0.0,False,0.0,0.6570698718359597,0.0025972407311201096,0.0,0.023254316300153732,9600
9700,20000,48,10,-0.23310878479272396,0.1980145126581192,-2.803117233766523,2.0738586634397507,0.18210239708423615,0.2514742910861969,0,0,passthrough,0.0,False,0.0,0.12025914849038749,0.0036100558936595917,0.0,0.022855522111058235,9700
9800,20000,48,110,-0.34170305843742377,0.3492562174797058,-67.89206394924182,47.85518591105938,0.3492562472820282,0.17979955673217773,0,0,passthrough,0.0,False,0.0,0.06132767162781377,0.0034563448280096054,0.0,0.022484786808490753,9800
9900,20000,48,210,-0.3014820498335576,0.04157060384750366,-85.4857774406604,59.033512994647026,0.040994059294462204,0.6104570031166077,0,0,passthrough,0.0,False,0.0,0.4809044142280118,0.004489989951252937,0.0,0.022153783589601517,9900
10000,20000,49,70,-0.2267703992836585,0.03217228129506111,-38.128169712537506,18.882382463663816,0.03217228874564171,0.524111807346344,0,0,passthrough,0.0,False,0.0,0.38915086870070315,0.0037081176415085793,0.0,0.02185416780412197,10000
10100,20000,49,170,-0.7563527944373962,0.4560864567756653,-94.21194201883944,43.641066865995526,0.45585814118385315,0.13508881628513336,0,0,passthrough,0.0,False,0.0,0.012886432477413945,0.002882346510887146,0.0,0.021566659212112427,10100
10200,20000,50,30,-0.4707663868390158,0.12270360440015793,-4.927542656848671,5.032476648688316,0.0999632179737091,0.3325965702533722,0,0,passthrough,0.0,False,0.0,0.18068220785031736,0.0036225952208042145,0.0,0.021260380744934082,10200
10300,20000,50,130,-0.43188805040641526,0.3409704864025116,-27.934818466362593,20.630622424185276,0.3086704909801483,0.2737206816673279,0,0,passthrough,0.0,False,0.0,0.1362710471586801,0.0031291507184505463,0.0,0.02098718099296093,10300
10400,20000,50,230,-0.3268526034090489,0.23491498827934265,-58.11621522868465,38.63322127982974,0.1994740515947342,0.2876637279987335,0,0,filtered,0.005415841192007054,False,0.0,0.1416335593070392,0.0037167510017752647,0.0,0.02072395756840706,10400
10500,20000,51,90,-0.9090621772848585,0.6949039697647095,-48.08928951407402,35.675770804286,0.6875976920127869,0.13475815951824188,0,0,filtered,0.014723501354455937,False,0.0,0.015180056582163592,0.0023506786674261093,0.0,0.020489081740379333,10500
10600,20000,51,190,-0.42936688202898293,0.1493285894393921,-92.31664408724082,56.15755741298199,0.13407400250434875,0.303316205739975,0,0,filtered,0.054832953214645375,False,0.0,0.16911091447314341,0.003954402171075344,0.0,0.020261600613594055,10600
10700,20000,52,50,-0.045445395307663436,0.050310034304857254,-30.40767807090133,14.298205073922873,0.050310030579566956,0.43783602118492126,0,0,filtered,0.0062682509422302135,False,0.0,0.29778311938029567,0.003035786561667919,0.0,0.02005888894200325,10700
10800,20000,52,150,-0.24888760423788206,0.11462806910276413,-77.8707858810649,35.99673657305539,0.11187156289815903,0.5474070310592651,0,0,passthrough,0.0,False,0.0,0.41550518914832557,0.0031694751232862473,0.0,0.019870249554514885,10800
10900,20000,53,10,-0.6073515677091199,0.10965865850448608,-6.293436789800099,2.3580356538295746,0.09203198552131653,0.3443470001220703,0,0,passthrough,0.0,False,0.0,0.19698915951490914,0.003574039787054062,0.0,0.019735164940357208,10900
11000,20000,53,110,-0.18761047677057932,0.020039524883031845,-32.51164953317393,12.947802873328328,0.020039524883031845,0.6701640486717224,0,0,passthrough,0.0,False,0.0,0.5425840518773989,0.004646081477403641,0.0,0.019567672163248062,11000
11100,20000,53,210,-0.6889896109289606,0.5854077339172363,-60.15271241780398,30.991941524669528,0.5563322901725769,0.17344291508197784,0,0,passthrough,0.0,False,0.0,0.04904936419580186,0.002992764115333557,0.0,0.01941324584186077,11100
11200,20000,54,70,-0.11142763959470402,0.02358398027718067,-14.257933095078188,12.391425421461463,0.02358398213982582,0.6068755388259888,0,0,filtered,0.07157054175680815,False,0.0,0.46715565556222194,0.0037267403677105904,0.0,0.019313817843794823,11200
11300,20000,54,170,-0.15272661093865536,0.17967401444911957,-42.71738704470265,33.990969855338335,0.1677672564983368,0.41743817925453186,0,0,passthrough,0.0,False,0.0,0.2975091018943937,0.0035349689424037933,0.0,0.019230443984270096,11300
11400,20000,55,66,-0.3175252940318797,0.14308471977710724,-24.70401523433449,15.931091740727425,0.14308477938175201,0.2833700478076935,0,0,passthrough,0.0,False,0.0,0.15421364069558047,0.01117196399718523,0.0,0.019175399094820023,11400
11500,20000,55,166,-0.4220599364492075,0.05711226910352707,-58.030849984987235,23.28046018257737,0.05711227282881737,0.4167303740978241,0,0,filtered,0.03710340475622922,False,0.0,0.2902221658852736,0.003036307170987129,0.0,0.01911208964884281,11500
11600,20000,56,26,-0.4050874797763232,0.10807190835475922,-9.202484942133376,2.365387812256813,0.1042666956782341,0.45015236735343933,0,0,filtered,0.0015592381358146556,False,0.0,0.3217146702024814,0.0044784341007471085,0.0,0.01906181313097477,11600
11700,20000,56,126,-0.21239020432185401,0.23241481184959412,-27.44652497776308,12.040566079318523,0.21783378720283508,0.41755250096321106,0,0,passthrough,0.0,False,0.0,0.2750225519028694,0.003581676632165909,0.0,0.018995407968759537,11700
11800,20000,56,226,-0.47798129096973296,0.2382603883743286,-51.32870637212864,26.8976475186646,0.2062319815158844,0.3162359893321991,0,0,filtered,0.16341959050763907,False,0.0,0.16858420385337602,0.003218826837837696,0.0,0.018941184505820274,11800
11900,20000,57,86,-0.3814302704261406,0.2708505094051361,-49.287211318855164,35.77996325492859,0.2708505094051361,0.20037181675434113,0,0,filtered,0.09104248967317126,False,0.0,0.07777779203044416,0.003939107060432434,0.0,0.018888503313064575,11900
12000,20000,57,186,-0.505116009782553,0.24013200402259827,-77.3668502961657,47.30597356520593,0.2309730350971222,0.31565725803375244,0,0,filtered,0.26338807963293387,False,0.0,0.19247733436789782,0.002324267290532589,0.0,0.01886088214814663,12000
12100,20000,58,46,-0.6282405797958945,0.26966509222984314,-18.383532071726854,7.985255159437656,0.24386310577392578,0.23442693054676056,0,0,passthrough,0.0,False,0.0,0.10180594100257084,0.005554709583520889,0.0,0.01882108673453331,12100
12200,20000,58,146,-0.5950100000742942,0.06637722253799438,-95.13670396977967,33.85864416509867,0.06637722998857498,0.3929004371166229,0,0,filtered,0.006462641031265271,False,0.0,0.26381799387957305,0.0030178911983966827,0.0,0.01871211640536785,12200
12300,20000,59,6,-0.12060928280423873,0.1507343053817749,-1.2784268600216073,0.9165849536657333,0.14785878360271454,0.44608691334724426,0,0,filtered,0.024203556776046742,False,0.0,0.31297349025778903,0.002997341565787792,0.0,0.018716413527727127,12300
12400,20000,59,106,-0.29816340825735255,0.23249420523643494,-32.62162580672537,16.92958603799343,0.23249419033527374,0.21985706686973572,0,0,passthrough,0.0,False,0.0,0.09865887362299885,0.0031762318685650826,0.0,0.018811916932463646,12400
12500,20000,59,206,-0.31589150920975956,0.020373929291963577,-56.95595155864814,26.238101048395038,0.020373927429318428,0.6625478863716125,0,0,passthrough,0.0,False,0.0,0.5375812284280407,0.003186441957950592,0.0,0.01887565106153488,12500
12600,20000,61,32,-0.2390866230093596,0.08760494738817215,-10.863878924241394,2.4563233107328415,0.08447053283452988,0.4543839395046234,0,0,filtered,0.11001785368005096,False,0.0,0.32803673466709576,0.0036217384040355682,0.0,0.0188860222697258,12600
12700,20000,61,132,-0.1748997452029707,0.11882217228412628,-29.0897464001695,11.287473248317838,0.1073632761836052,0.3505517840385437,0,0,passthrough,0.0,False,0.0,0.21560464163835297,0.0030734241008758545,0.0,0.018994217738509178,12700
12800,20000,61,232,-0.43134120707622514,0.1748948097229004,-50.89301728110388,21.93385282345116,0.16264772415161133,0.3034605085849762,0,0,filtered,0.02140150776680372,False,2.42861286636753e-17,0.16794255451629087,0.003549623303115368,0.0,0.018957359716296196,12800
12900,20000,62,92,-0.624431501759409,0.09401099383831024,-102.07379583445085,29.837052263319492,0.09242789447307587,0.6517031192779541,0,0,filtered,0.23314356787406765,False,0.0,0.4988569282947112,0.003598863258957863,0.0,0.018930358812212944,12900
13000,20000,62,192,-0.7332918721715831,0.4013700485229492,-158.74319357032655,44.29763785749674,0.36440569162368774,0.26383116841316223,0,0,filtered,0.3549791979290604,False,0.0,0.1417192649825738,0.003372490406036377,0.0,0.018898557871580124,13000
13100,20000,63,52,-0.5303613215971973,0.28141456842422485,-24.012374154968334,12.745135590434074,0.28141453862190247,0.19551777839660645,0,0,filtered,0.2189336239489606,False,0.0,0.07366758301299786,0.0024394001811742783,0.0,0.018849974498152733,13100
13200,20000,63,152,-0.19913611438390155,0.02716018632054329,-63.83887736254436,24.75383172556758,0.02716018445789814,0.5653442144393921,0,0,filtered,0.07038291534246455,False,5.095750210681871e-18,0.43636126995682745,0.0021805539727211,0.0,0.018874695524573326,13200
13300,20000,64,12,-0.18229101648985777,0.2283419966697693,-2.567463121191815,2.4059607833623886,0.18318909406661987,0.29929208755493164,0,0,passthrough,0.0,False,0.0,0.14343318472874356,0.003602818585932255,0.0,0.018830323591828346,13300
13400,20000,64,112,-0.19951272261003877,0.09051556140184402,-33.63590455737091,18.634866846725345,0.0890878438949585,0.631472647190094,0,0,filtered,0.22696681088619056,False,0.0,0.49849660083336655,0.0038053197786211967,0.0,0.0188364926725626,13400
13500,20000,64,212,-0.12658859928110078,0.12391636520624161,-50.40745134309765,26.47143555805087,0.12255775928497314,0.5848036408424377,0,0,filtered,0.26155436439377844,False,4.336808689942018e-18,0.4352145499536505,0.0033057956025004387,0.0,0.018741216510534286,13500
13600,20000,65,72,-0.5608980831387033,0.15152359008789062,-27.36604187408389,8.81838271766901,0.14138399064540863,0.28794726729393005,0,0,filtered,0.009798619151115406,False,0.0,0.15880492978734173,0.0036741504445672035,0.0,0.018583502620458603,13600
13700,20000,65,172,-0.6907795591977555,0.310243159532547,-89.28341431886452,31.65400868654251,0.2852206528186798,0.2099706083536148,0,0,filtered,0.3102734711875845,False,0.0,0.07943119533686283,0.0030338894575834274,0.0,0.018589871004223824,13700
13800,20000,67,13,-0.37674536732389696,0.1516793966293335,-5.075931215183412,1.485506534576416,0.14738762378692627,0.4167579412460327,0,0,filtered,0.02139914333820342,False,0.0,0.27896968703737957,0.0037529421970248222,0.0,0.018467122688889503,13800
13900,20000,67,113,-4.429778020301484,3.800000011920929,-184.18370628121193,140.42972747981548,0.800000011920929,0.02614324353635311,0,0,safe_stop_infeasible,0.5050131611525913,True,0.3806751837125848,-0.09816879592814619,0.0019980622455477715,0.0,0.018365969881415367,13900
14000,20000,67,213,-0.16850208908183223,0.2429128885269165,-447.03763069519874,372.25036646425724,0.2429129183292389,0.21424371004104614,0,0,passthrough,0.0,False,0.0,0.09266267997847022,0.0022980188950896263,0.0,0.01828007400035858,14000
14100,20000,68,73,-1.0531306837429975,0.7422282695770264,-39.383962877927566,21.88975092768669,0.7296555638313293,0.1261981725692749,0,0,filtered,0.21625798388620704,False,4.336808689942018e-17,0.003500091722633436,0.15725169144570827,0.0,0.018108099699020386,14100
14200,20000,68,173,-0.5484928344480847,0.3578082025051117,-90.78594736514577,57.124171406030655,0.3578081429004669,0.1652701050043106,0,0,filtered,0.057094469794442965,False,0.0,0.04386822295857856,0.003465465269982815,0.0,0.01803312636911869,14200
14300,20000,69,36,-1.6146644676512927,0.6453710794448853,-41.737359929235545,11.52769349515438,0.5993258357048035,0.16474616527557373,0,0,filtered,0.2644225114163674,False,1.242064090467565e-10,0.035980969557834086,0.0029638968408107758,0.0,0.018053792417049408,14300
14400,20000,69,136,-0.5637490954056739,0.12552078068256378,-189.11972441216278,46.4902394041419,0.11060872673988342,0.3490540385246277,0,0,passthrough,0.0,False,0.0,0.21113812916523683,0.0029961736872792244,0.0,0.018048180267214775,14400
14500,20000,69,236,-0.5891527604727571,0.13830746710300446,-241.21913307591845,58.69757400453091,0.13830745220184326,0.28792911767959595,0,0,filtered,0.11451174221704884,False,0.0,0.1660300922521628,0.0033832984045147896,0.0,0.017887279391288757,14500
14600,20000,71,86,-0.4343375296128943,0.17815086245536804,-36.157032190934736,18.548499578610063,0.15288406610488892,0.38033661246299744,0,0,filtered,0.07806850832547808,False,0.0,0.21759629794832108,0.0034145228564739227,0.0,0.01781882718205452,14600
14700,20000,71,186,-0.3656427522938705,0.06186188384890556,-90.97263389658421,45.415691835805774,0.059354957193136215,0.44699808955192566,0,0,filtered,0.035803103186982474,False,0.0,0.3190176116526808,0.0024984925985336304,0.0,0.017786085605621338,14700
14800,20000,72,46,-0.5623674051779562,0.41306793689727783,-22.94789527742382,9.488206893205643,0.39241358637809753,0.22734370827674866,0,0,filtered,0.06963794231414794,False,0.0,0.10246753693854443,0.0036154910922050476,0.0,0.01769045554101467,14800
14900,20000,72,146,-0.163336490574493,0.016112251207232475,-59.72117934531435,27.042148860171437,0.016112251207232475,0.8462854623794556,0,0,filtered,0.11432952776681174,False,0.0,0.7191171818946033,0.0028405077755451202,0.0,0.017616143450140953,14900
15000,20000,73,6,-0.37328600381950794,0.26297518610954285,-2.8561319151096733,1.6034229844808578,0.25282415747642517,0.4800891876220703,0,0,filtered,0.023238438367843617,False,0.0,0.33007594072426943,0.0038984399288892746,0.0,0.017580632120370865,15000
15100,20000,73,106,-0.4892416843550752,0.2783505320549011,-53.3134581378202,18.791295105591416,0.26549407839775085,0.24053753912448883,0,0,filtered,0.2651033835741202,False,0.0,0.11439074171741814,0.0037486040964722633,0.0,0.017533941194415092,15100
15200,20000,73,206,0.04616251236503985,0.04105481877923012,-68.61743935010043,27.325048068538308,0.04105481877923012,0.47423478960990906,0,0,passthrough,0.0,False,0.0,0.35163282273965185,0.002589212730526924,0.0,0.01762782409787178,15200
15300,20000,74,66,-0.690013983147085,0.0386810302734375,-42.02426358209188,9.658323634415865,0.0386810377240181,0.48566874861717224,0,0,filtered,0.05253781900078374,False,2.6020852139652106e-18,0.35435103715994315,0.003293178975582123,0.0,0.017645906656980515,15300
15400,20000,74,166,-1.1898573682598683,0.21247783303260803,-125.71264148216598,16.95946210809052,0.20844785869121552,0.6186396479606628,0,0,passthrough,0.0,False,0.0,0.46867428994624183,0.0026407474651932716,0.0,0.01770034432411194,15400
15500,20000,75,26,-0.17634365859092668,0.05040760338306427,-3.028643234678371,1.3698514103889465,0.046598877757787704,0.4571274220943451,0,0,filtered,0.12073222197342044,False,0.0,0.32057143490617107,0.0022636186331510544,0.0,0.017774131149053574,15500
15600,20000,75,126,-0.513007947401054,0.5497076511383057,-40.75152818938153,32.23478230461478,0.5497076511383057,0.15088219940662384,0,0,passthrough,0.0,False,0.0,0.033219610976593095,0.004046626389026642,0.0,0.017810527235269547,15600
15700,20000,75,226,-0.28217194847613836,0.0323459692299366,-59.06017756739823,44.79168688505888,0.03224770352244377,0.6456072926521301,0,0,passthrough,0.0,False,0.0,0.5078548912076305,0.0028912536799907684,0.0,0.017984643578529358,15700
15800,20000,76,86,-0.10455169960365682,0.09102334827184677,-47.752214628491764,38.13040405511856,0.09102334082126617,0.34592732787132263,0,0,filtered,0.022734004259109486,False,0.0,0.21759649164577027,0.004102841019630432,0.0,0.017999544739723206,15800
15900,20000,76,186,-0.5130523066205275,0.220864400267601,-78.08140465952279,52.20902589149773,0.20411258935928345,0.2366313338279724,0,0,filtered,0.02376485913991927,False,0.0,0.09881279444771873,0.00338069349527359,0.0,0.018101874738931656,15900
16000,20000,77,46,-0.6405909905318112,0.19808097183704376,-20.714210511481614,11.197475083172321,0.18561714887619019,0.248977392911911,0,0,filtered,0.04769212305545806,False,0.0,0.1045696650713146,0.003690021112561226,0.0,0.018083423376083374,16000
16100,20000,77,146,-0.2756419542140023,0.01595301181077957,-45.64254121848006,18.19268013909459,0.01595301367342472,0.8637428283691406,0,0,passthrough,0.0,False,0.0,0.7376932891389564,0.0030895881354808807,0.0,0.018093885853886604,16100
16200,20000,78,6,-0.26180318079559695,0.10812791436910629,-3.1334758091638895,0.8347446247935295,0.08642395585775375,0.36706218123435974,0,0,passthrough,0.0,False,0.0,0.2141165709088343,0.00415663979947567,0.0,0.0180483628064394,16200
16300,20000,78,106,-0.17163213876767372,0.026867926120758057,-42.880625376074285,7.243276873603463,0.026867924258112907,0.5682480931282043,0,0,filtered,0.04941013387502487,False,4.114347751382752e-13,0.44058632664597164,0.004018848761916161,0.0,0.018104076385498047,16300
16400,20000,78,206,-0.8542628551209641,0.6380594372749329,-79.48886637352967,34.13156551681459,0.5754934549331665,0.13767670094966888,0,0,filtered,0.18145344138946704,False,4.8214349179787064e-11,0.0015423113202110705,0.004135790280997753,0.0,0.01799968257546425,16400
16500,20000,80,37,-1.6342406088605415,0.5887836217880249,-40.67961431392254,21.09842538833618,0.5034581422805786,0.1530466228723526,0,0,filtered,0.2643608691104137,False,0.0,0.009774963832274275,0.004038205370306969,0.0,0.01805240660905838,16500
16600,20000,80,137,-0.22005076582191122,0.06597461551427841,-82.72180161094802,38.296006962656975,0.06431660801172256,0.6325384378433228,0,0,filtered,0.01886742115020751,False,0.0,0.5010049558258384,0.0032208748161792755,0.0,0.01828877627849579,16600
16700,20000,80,237,-0.6276340331224504,0.059918180108070374,-134.4857358164555,49.01668344438076,0.059918180108070374,0.40900132060050964,0,0,filtered,0.2399907279260894,False,0.0,0.2874236191386409,0.0030162418261170387,0.0,0.018347889184951782,16700
16800,20000,81,97,-0.392381307216497,0.22648175060749054,-43.87557567363666,30.84338691085577,0.22648175060749054,0.2232200801372528,0,0,passthrough,0.0,False,0.0,0.10127733255074173,0.003173637203872204,0.0,0.018139764666557312,16800
16900,20000,83,57,0.20281388752601498,0.05084817111492157,-21.789847488668116,14.027604650706053,0.05084817111492157,0.4360242187976837,0,0,filtered,0.026716043427586544,False,0.0,0.29547508123581,0.003983404487371445,0.0,0.01787634938955307,16900
17000,20000,83,157,-0.44620501515834127,0.09128563851118088,-44.386776647410464,26.551782159134746,0.09117884933948517,0.48045670986175537,0,0,passthrough,0.0,False,0.0,0.32031346219972806,0.0038751689717173576,0.0,0.01771911047399044,17000
17100,20000,84,17,-0.9519993263270706,0.07062750309705734,-15.325803830173383,2.292040355503559,0.06320130079984665,0.40054771304130554,0,0,passthrough,0.0,False,0.0,0.26017241962972637,0.002087254077196121,0.0,0.01770072616636753,17100
17200,20000,84,117,-0.1444421719364562,0.029134534299373627,-60.61282998760689,17.358046859502792,0.029134536162018776,0.547377347946167,0,0,filtered,0.07993250142642605,False,0.0,0.42105549894378036,0.012361749075353146,0.0,0.01765478402376175,17200
17300,20000,84,217,-0.22448723500222087,0.06626899540424347,-78.26640778310414,21.910451726987958,0.06385381519794464,0.5021987557411194,0,0,filtered,0.38211046227585244,False,0.0,0.3745646537833411,0.0038361800834536552,0.0,0.01757325604557991,17300
17400,20000,85,77,-0.4448369721060753,0.297743022441864,-22.063328271941476,19.471182018518448,0.2977429926395416,0.18869292736053467,0,0,passthrough,0.0,False,0.0,0.06951357643269551,0.004034544341266155,0.0,0.01761997677385807,17400
17500,20000,85,177,-0.3989536283175859,0.192112997174263,-48.7913118859595,34.874966226518154,0.1921130120754242,0.24449513852596283,0,0,passthrough,0.0,False,0.0,0.12442910221962727,0.0028811199590563774,0.0,0.017658935859799385,17500
17600,20000,86,37,-1.1776722799092085,0.660194456577301,-33.10503896094622,14.747382149100304,0.5933939814567566,0.14406953752040863,0,0,filtered,0.20136642083185272,False,0.0,0.009245332325033662,0.0034859608858823776,0.0,0.01769079454243183,17600
17700,20000,86,137,-0.11439204727454055,0.07522712647914886,-73.18383132263855,36.08147710189223,0.07469796389341354,0.5520908832550049,0,0,filtered,0.06933381432717194,False,0.0,0.4200525764648645,0.002926463261246681,0.0,0.017606941983103752,17700
17800,20000,86,237,-0.5567410607475382,0.04103385657072067,-113.67468855794566,48.326769180595875,0.04103386402130127,0.4743311107158661,0,0,filtered,0.0936334302378449,False,0.0,0.3414724734660654,0.0032755453139543533,0.0,0.01771201379597187,17800
17900,20000,87,97,0.007437738371833619,0.06790132075548172,-34.06858146752518,8.634918572381139,0.06731447577476501,0.7646490931510925,0,0,passthrough,0.0,False,0.0,0.6259409865555753,0.004038355313241482,0.0,0.017552228644490242,17900
18000,20000,87,197,-0.28639585156564584,0.07282092422246933,-59.79195866464402,16.709706401452422,0.07045255601406097,0.5018559098243713,0,0,filtered,0.28839099140652685,False,0.0,0.3742092266392169,0.002918163314461708,0.0,0.01745798997581005,18000
18100,20000,89,44,-0.6198089230097305,0.310043066740036,-8.093591275618063,6.665435217320919,0.26499083638191223,0.26879802346229553,0,0,filtered,0.05849338188972697,False,0.0,0.12193037591521827,0.003351101651787758,0.0,0.017425918951630592,18100
18200,20000,89,144,-0.8751574381866567,0.13763302564620972,-63.171970836350006,30.289342500269413,0.12381637841463089,0.36335375905036926,0,0,passthrough,0.0,False,0.0,0.22533779826985745,0.0036604441702365875,0.0,0.017404627054929733,18200
18300,20000,90,4,-0.2311289828116108,0.07296071946620941,-0.7783759308518647,0.29060034453868866,0.06807872653007507,0.4276776611804962,0,0,filtered,0.12314240932464598,False,0.0,0.28154392768474257,0.003512674942612648,0.0,0.017514463514089584,18300
18400,20000,91,6,-0.17765132168231285,0.08285951614379883,-1.5569685567172729,0.4314713329076767,0.07605358213186264,0.4350380003452301,0,0,passthrough,0.0,False,0.0,0.2885971871227825,0.0032706456258893013,0.0,0.017522690817713737,18400
18500,20000,91,106,-0.9029984719833971,0.503612756729126,-59.12903001888935,31.022730626165867,0.5036126971244812,0.12274885922670364,0,0,filtered,0.2527872524867034,False,2.0935409794642368e-09,0.0026993551420431416,0.004609103314578533,0.0,0.017458412796258926,18500
18600,20000,91,206,-1.1845364275863584,0.377841979265213,-159.60490756096317,54.51015987992287,0.356236070394516,0.16582156717777252,0,0,filtered,0.11241857983886434,False,0.0,0.03563258384895329,0.0023203156888484955,0.0,0.01721966452896595,18600
18700,20000,92,66,-0.32062370824396164,0.29648861289024353,-10.81258882041042,12.119523622095585,0.291629821062088,0.2013348937034607,0,0,passthrough,0.0,False,0.0,0.08048676554005324,0.00221320241689682,0.0,0.017254088073968887,18700
18800,20000,92,166,-0.16503696591634737,0.03320688009262085,-43.511579384118775,32.42217367514968,0.03320688381791115,0.5171167254447937,0,0,filtered,0.07260141836071474,False,1.3877787807814457e-17,0.3906787811969269,0.0033076805993914604,0.0,0.01714114286005497,18800
18900,20000,93,26,-0.5280714849601875,0.21357695758342743,-12.46343399596816,6.129617437720299,0.19722919166088104,0.261432945728302,0,0,filtered,0.07289063201174671,False,0.0,0.136628774970038,0.0029233377426862717,0.0,0.01711038127541542,18900
19000,20000,93,126,-0.4592636427917992,0.3637956976890564,-46.974123676883885,28.959322664886713,0.31450438499450684,0.18790443241596222,0,0,filtered,0.23022763283579556,False,0.0,0.05090491692451116,0.003403914161026478,0.0,0.0171307735145092,19000
19100,20000,93,226,-0.15474541402186134,0.11458069086074829,-78.51953600716962,49.63745506480336,0.1145806834101677,0.31578630208969116,0,0,passthrough,0.0,False,0.0,0.19638638283243653,0.0035962769761681557,0.0,0.01702212728559971,19100
19200,20000,94,86,-0.5393347771319214,0.27280354499816895,-50.72269538331436,43.52271246910095,0.2728036046028137,0.1994594782590866,0,0,passthrough,0.0,False,0.0,0.0670731118498018,0.0021822378039360046,0.0,0.016942065209150314,19200
19300,20000,94,186,-0.6249575346413667,0.15343143045902252,-88.71427737762225,52.97975267469883,0.13182596862316132,0.3152645528316498,0,0,passthrough,0.0,False,0.0,0.1746469503649934,0.0035130148753523827,0.0,0.016883637756109238,19300
19400,20000,95,47,-0.1481904443954889,0.09271307289600372,-18.55398122329925,15.901479624211788,0.09271307289600372,0.3432915508747101,0,0,filtered,0.15530921249710997,False,1.734723475976807e-18,0.21498829655266893,0.0032668299973011017,0.0,0.016781741753220558,19400
19500,20000,95,147,-0.046129613618875014,0.05099873244762421,-51.43658371810157,42.65363457240164,0.05099873244762421,0.4355221688747406,0,0,passthrough,0.0,False,0.0,0.3004848162304199,0.003013789653778076,0.0,0.016828369349241257,19500
19600,20000,96,7,-1.2550524263868537,0.04385322704911232,-7.7845598751272345,0.466016985476017,0.04367318004369736,0.623302161693573,0,0,filtered,0.1013729883986376,False,0.0,0.4842310628629135,0.0029164813458919525,0.0,0.016639795154333115,19600
19700,20000,96,107,-0.10562961996944643,0.08164776116609573,-93.28949692421197,13.478640776127577,0.08164778351783752,0.3617073893547058,0,0,passthrough,0.0,False,0.0,0.2325504189146656,0.0028322432190179825,0.0,0.01656448468565941,19700
19800,20000,96,207,-0.13575799299958818,0.04906159266829491,-100.27996692983847,17.93221448920667,0.048753850162029266,0.6498843431472778,0,0,filtered,0.17909913569724037,False,0.0,0.5173671331468342,0.004460884258151054,0.0,0.016674941405653954,19800
19900,20000,97,67,-0.31760722352153503,0.11895555257797241,-35.63959593948049,20.619038820266724,0.11895556002855301,0.3084036409854889,0,0,filtered,0.12528437674045562,False,0.0,0.17722103277012785,0.00301217008382082,0.0,0.016647731885313988,19900
20000,20000,97,167,-0.7260725713634518,0.7334909439086914,-65.32232610133799,41.93869983591139,0.7168112397193909,0.13163623213768005,0,0,filtered,0.07975237400154832,False,0.0,0.0076690198708135315,0.21701506339013577,0.0,0.01685217022895813,20000
