step,time,reward,cost,goal_error_norm,d_min,risk_global,beta,closest_link,safety_violation,collision,success,qdot_norm,acc_norm,jerk_norm,qdot_requested_norm,safety_filter_status,safety_filter_intervention_norm,safety_filter_safe_stop,safety_filter_active_constraints,safety_filter_constraint_count,safety_filter_active_constraint_categories,safety_filter_max_constraint_category,safety_filter_projection_iterations,safety_filter_fallback_used,safety_filter_qp_solver_used,safety_filter_qp_solver_status,safety_filter_fallback_stage,safety_filter_max_constraint_violation,predictive_risk_status,predictive_h_min_m,safety_filter_solve_time_s
0,0.05,-0.37403157701650824,0.16768911480903625,0.4472948908805847,0.29403674602508545,0.1472896784543991,0.35,3,0,0,0,0.40523961186408997,8.104791641235352,162.09584045410156,0.458015501499176,filtered,0.06282332280793945,0,0,12,joint_2_acceleration_lower|joint_3_acceleration_lower,predictive_link_3,0,0,1,solved,osqp,0.0,valid,0.15732721899058416,0.005236109718680382
1,0.1,-0.15185669553020723,0.15127290785312653,0.42683878540992737,0.29486650228500366,0.1313774138689041,0.35,3,0,0,0,0.6588470339775085,6.64152717590332,135.592529296875,0.6588470339775085,passthrough,1.271266425562336e-11,0,0,12,,workspace_x_upper,0,0,1,solved,osqp,0.0,valid,0.15478844593192748,0.0049022408202290535
2,0.15000000000000002,-0.07116804561087064,0.14737629890441895,0.4042646884918213,0.2979472875595093,0.12842603027820587,0.35,3,0,0,0,0.7664894461631775,5.714555740356445,118.77479553222656,0.7664890289306641,filtered,7.905290529249795e-07,0,0,12,,predictive_link_3,0,0,1,solved,osqp,0.0,valid,0.15593759097366816,0.005309959873557091
3,0.2,-0.04271970755850539,0.1421416997909546,0.38239386677742004,0.30234166979789734,0.12434522807598114,0.35,3,0,0,0,0.858519434928894,4.245774269104004,71.33040618896484,0.8585193753242493,filtered,2.4454343848375986e-07,0,0,12,,predictive_link_3,0,0,1,solved,osqp,0.0,valid,0.15941723894684656,0.005226578563451767
4,0.25,-0.01310684602474517,0.1362289935350418,0.36102965474128723,0.307563841342926,0.119686059653759,0.35,3,0,0,0,0.9435154795646667,2.7365047931671143,44.869632720947266,0.9435152411460876,filtered,3.4743145831278193e-07,0,0,12,,predictive_link_3,0,0,1,solved,osqp,0.0,valid,0.1642564211883495,0.004387383349239826
5,0.30000000000000004,0.01831769798004068,0.13023260235786438,0.3399159014225006,0.3131178617477417,0.11494835466146469,0.35,3,0,0,0,0.998388409614563,2.0288403034210205,51.163387298583984,0.99838787317276,filtered,1.1751350730518349e-06,0,0,12,,predictive_link_3,0,0,1,solved,osqp,0.0,valid,0.16996801245080556,0.003829464316368103
6,0.35000000000000003,0.020935295558767553,0.12470489740371704,0.32039254903793335,0.3184676170349121,0.11058760434389114,0.35,3,0,0,0,1.014470100402832,2.1849005222320557,29.53020668029785,1.0144693851470947,filtered,1.3210176107070106e-06,0,0,12,,predictive_link_2,0,0,1,solved,osqp,0.0,valid,0.17605213943196807,0.003509712405502796
7,0.4,-0.003503071483317022,0.12004818022251129,0.30363836884498596,0.32313308119773865,0.10694015026092529,0.35,3,0,0,0,1.0135490894317627,2.5251073837280273,19.241830825805664,1.0135490894317627,passthrough,5.59485792931484e-12,0,0,12,,predictive_link_2,0,0,1,solved,osqp,0.0,valid,0.18194782573441926,0.004224552772939205
8,0.45,-0.035158841197596824,0.11646163463592529,0.2897511422634125,0.32678380608558655,0.10418328642845154,0.35,3,0,0,0,1.0019596815109253,2.7492473125457764,18.439613342285156,1.0019596815109253,passthrough,4.8541171175503434e-12,0,0,12,,workspace_y_upper,0,0,1,solved,osqp,0.0,valid,0.18714973249291467,0.0039785439148545265
9,0.5,-0.050376836506798736,0.11374765634536743,0.2776372730731964,0.3295253813266754,0.10216742008924484,0.35,3,0,0,0,0.988730788230896,2.2669689655303955,30.555103302001953,0.9887300133705139,filtered,1.2437550178898342e-06,0,0,12,,workspace_y_upper,0,0,1,solved,osqp,0.0,valid,0.19131574956465458,0.00492552574723959
10,0.55,-0.0680616750240415,0.11160029470920563,0.26726555824279785,0.33154428005218506,0.10071209818124771,0.35,2,0,0,0,0.9783992767333984,1.7043766975402832,36.91988754272461,0.9783985614776611,filtered,1.1672611716392239e-06,0,0,12,,workspace_y_upper,0,0,1,solved,osqp,0.0,valid,0.19456723932972897,0.005027595907449722
11,0.6000000000000001,-0.08343916590111916,0.10977817326784134,0.25837433338165283,0.331576406955719,0.10068914294242859,0.35,2,0,0,0,0.962833046913147,1.3727630376815796,22.6369686126709,0.9628321528434753,filtered,1.4165187373148926e-06,0,0,12,,workspace_y_upper,0,0,1,solved,osqp,0.0,valid,0.1972038152420132,0.0050514936447143555
12,0.65,-0.1218033912417679,0.11146064847707748,0.2518927752971649,0.3312458097934723,0.10267551243305206,0.35,2,0,0,0,0.9387908577919006,1.0528427362442017,38.197200775146484,0.9387908577919006,passthrough,6.1535221404275326e-12,0,0,12,,workspace_y_upper,0,0,1,solved,osqp,0.0,valid,0.1994874194531333,0.005498819053173065
13,0.7000000000000001,-0.15413465167277568,0.11474136263132095,0.24727408587932587,0.33042556047439575,0.10607686638832092,0.35,2,0,0,0,0.9083998203277588,1.5516167879104614,20.983179092407227,0.9083988070487976,filtered,1.5820794001062921e-06,0,0,12,,workspace_y_upper,0,0,1,solved,osqp,0.0,valid,0.1995726343016257,0.003721347078680992
14,0.75,-0.1777456550999341,0.11847071349620819,0.24393939971923828,0.32910990715026855,0.10987876355648041,0.35,2,0,0,0,0.8676275610923767,1.6924272775650024,16.56058120727539,0.8676270842552185,filtered,8.444966809838447e-07,0,0,12,,workspace_y_upper,0,0,1,solved,osqp,0.0,valid,0.1989800642479953,0.004895993508398533
15,0.8,-0.2001838596196174,0.12271665036678314,0.2417106032371521,0.32728567719459534,0.11414577066898346,0.35,2,0,0,0,0.7787626385688782,2.715721845626831,34.41867446899414,0.7787626385688782,passthrough,1.2258804605571565e-09,0,0,12,,workspace_y_upper,0,0,1,solved,osqp,0.0,valid,0.19787404238955109,0.004024135880172253
16,0.8500000000000001,-0.21884957554705636,0.12954561412334442,0.24018053710460663,0.32462775707244873,0.1209157183766365,0.35,2,0,0,0,0.6356257200241089,3.836366653442383,34.103309631347656,0.6356257200241089,passthrough,8.929637024714622e-10,0,0,12,,workspace_y_upper,0,0,1,solved,osqp,0.0,valid,0.1962376742327871,0.0039572808891534805
17,0.9,-0.20794338617952507,0.13996784389019012,0.2375497967004776,0.3210809528827667,0.1312088668346405,0.35,2,0,0,0,0.504580020904541,4.968961238861084,49.242610931396484,0.504580020904541,passthrough,4.646172403987332e-09,0,0,12,,workspace_y_upper,0,0,1,solved,osqp,0.0,valid,0.19374002331120332,0.0050740232691168785
18,0.9500000000000001,-0.1878916641271374,0.1435401290655136,0.2338659167289734,0.31753769516944885,0.13468439877033234,0.35,2,0,0,0,0.45196443796157837,3.570490837097168,54.90930938720703,0.45196443796157837,passthrough,5.258499992011616e-10,0,0,12,,workspace_y_upper,0,0,1,solved,osqp,0.0,valid,0.1903452973739203,0.003298608586192131
19,1.0,-0.1743242437075358,0.14105220139026642,0.2297998070716858,0.314310222864151,0.13218358159065247,0.35,2,0,0,0,0.39702555537223816,2.9088029861450195,43.794254302978516,0.39702555537223816,passthrough,5.946417336667526e-10,0,0,12,,workspace_y_upper,0,0,1,solved,osqp,0.0,valid,0.18699084594884152,0.005150871351361275
20,1.05,-0.17806103964716385,0.14149326086044312,0.22614049911499023,0.31141185760498047,0.13267076015472412,0.35,2,0,0,0,0.3569723069667816,1.2500852346420288,47.02726745605469,0.3569723069667816,passthrough,5.488739312570615e-10,0,0,12,,workspace_y_upper,0,0,1,solved,osqp,0.0,valid,0.18401726247809141,0.005491515621542931
21,1.1,-0.17081822667533544,0.14285996556282043,0.22219854593276978,0.3086634874343872,0.134123295545578,0.35,2,0,0,0,0.3450985252857208,1.300118327140808,29.89090347290039,0.3450985252857208,passthrough,5.55598696162707e-10,0,0,12,,workspace_y_upper,0,0,1,solved,osqp,0.0,valid,0.18140469098082168,0.003232460469007492
22,1.1500000000000001,-0.1825773765624898,0.1449427604675293,0.21895430982112885,0.30595070123672485,0.13630159199237823,0.35,2,0,0,0,0.3083745539188385,1.2201905250549316,33.77517318725586,0.3083745539188385,passthrough,4.672343996954841e-10,0,0,12,,workspace_y_upper,0,0,1,solved,osqp,0.0,valid,0.17896543563741002,0.0032803062349557877
23,1.2000000000000002,-0.19330396593348673,0.1476682871580124,0.21628519892692566,0.30318060517311096,0.1391226202249527,0.35,2,0,0,0,0.2773835361003876,1.1004558801651,6.839488506317139,0.2773835361003876,passthrough,4.0427824049341907e-10,0,0,12,,workspace_y_upper,0,0,1,solved,osqp,0.0,valid,0.17656085687592138,0.0038038594648241997
24,1.25,-0.19153435604557223,0.1511009931564331,0.21346035599708557,0.3002629280090332,0.14264751970767975,0.35,2,0,0,0,0.2639867067337036,1.2242894172668457,14.409528732299805,0.2639867067337036,passthrough,3.6826654093772633e-10,0,0,12,,workspace_y_upper,0,0,1,solved,osqp,0.0,valid,0.1740947659896352,0.0038296179845929146
25,1.3,-0.18294051082219284,0.1546528935432434,0.21011726558208466,0.2972424030303955,0.14630143344402313,0.35,2,0,0,0,0.26410573720932007,1.2834101915359497,9.380163192749023,0.26410573720932007,passthrough,3.595552542271421e-10,0,0,12,,workspace_y_upper,0,0,1,solved,osqp,0.0,valid,0.17147980957766445,0.003883272409439087
26,1.35,-0.16870122183127578,0.15990953147411346,0.2058846801519394,0.2941448390483856,0.15168075263500214,0.35,2,0,0,0,0.28900015354156494,1.4185380935668945,10.936227798461914,0.28900015354156494,passthrough,3.8083077138513026e-10,0,0,12,,workspace_y_upper,0,0,1,solved,osqp,0.0,valid,0.16876988321041314,0.0041707782074809074
27,1.4000000000000001,-0.16323425331361732,0.16751179099082947,0.20114678144454956,0.2908926010131836,0.1594042032957077,0.35,2,0,0,0,0.32063859701156616,0.9196938872337341,17.978538513183594,0.32063859701156616,passthrough,3.9641724926810983e-10,0,0,12,,workspace_y_upper,0,0,1,solved,osqp,0.0,valid,0.1659983222554281,0.003648960031569004
28,1.4500000000000002,-0.15984074869431203,0.17511937022209167,0.1960219442844391,0.28751108050346375,0.16712994873523712,0.35,2,0,0,0,0.3596124053001404,1.091980218887329,14.740033149719238,0.3596124053001404,passthrough,4.1415176815806e-10,0,0,12,,workspace_y_upper,0,0,1,solved,osqp,0.0,valid,0.1630699913111361,0.0031776446849107742
29,1.5,-0.1638308784673797,0.18619497120380402,0.19073030352592468,0.28389373421669006,0.17830389738082886,0.35,2,0,0,0,0.39556440711021423,1.1372931003570557,10.778496742248535,0.39556440711021423,passthrough,4.5006605144535e-10,0,0,12,,predictive_link_2,0,0,1,solved,osqp,0.0,valid,0.16000661524417298,0.005328762345016003
30,1.55,-0.17599036469211657,0.19524207711219788,0.18581540882587433,0.2801462411880493,0.18744322657585144,0.35,2,0,0,0,0.40985551476478577,1.2714552879333496,17.887939453125,0.40985551476478577,passthrough,5.306099627707916e-10,0,0,12,,predictive_link_2,0,0,1,solved,osqp,0.0,valid,0.15669259330182556,0.0039464253932237625
31,1.6,-0.18563895369730873,0.19506879150867462,0.181618794798851,0.2766115665435791,0.18740183115005493,0.35,2,0,0,0,0.40475431084632874,1.176611304283142,19.27157211303711,0.40475431084632874,passthrough,6.284204680192925e-10,0,0,12,,predictive_link_2,0,0,1,solved,osqp,0.0,valid,0.15323952597277551,0.0032010842114686966
32,1.6500000000000001,-0.19277419234420173,0.194306418299675,0.1780061423778534,0.2732963263988495,0.18681803345680237,0.35,2,0,0,0,0.4042833149433136,1.109703540802002,9.063258171081543,0.4042833149433136,passthrough,7.227756542302142e-10,0,0,12,,predictive_link_2,0,0,1,solved,osqp,0.0,valid,0.15001026863725697,0.0031761834397912025
33,1.7000000000000002,-0.18829938911485442,0.1917683184146881,0.17442941665649414,0.27024760842323303,0.18451909720897675,0.35,2,0,0,0,0.41358357667922974,0.7803261876106262,15.76240062713623,0.41358357667922974,passthrough,7.744545950913776e-10,0,0,12,,predictive_link_2,0,0,1,solved,osqp,0.0,valid,0.14701597954677037,0.003179924562573433
34,1.75,-0.18266150861795852,0.19342443346977234,0.17059601843357086,0.26730555295944214,0.1863815188407898,0.35,2,0,0,0,0.4201226234436035,0.5678040981292725,18.649051666259766,0.4201226234436035,passthrough,7.645317833051687e-10,0,0,12,,predictive_link_2,0,0,1,solved,osqp,0.0,valid,0.14431178450536353,0.005258765071630478
35,1.8,-0.18148166017089642,0.1962287425994873,0.16668632626533508,0.2644349932670593,0.189179927110672,0.35,2,0,0,0,0.4222244620323181,0.7662497758865356,10.574793815612793,0.4222244620323181,passthrough,7.51291736399198e-10,0,0,12,,predictive_link_2,0,0,1,solved,osqp,0.0,valid,0.14172671446785223,0.005038745701313019
36,1.85,-0.19230493447166383,0.19842739403247833,0.16337420046329498,0.2616337835788727,0.19207993149757385,0.35,2,0,0,0,0.41266271471977234,1.0655802488327026,20.969528198242188,0.41266271471977234,passthrough,7.948446815112367e-10,0,0,12,,predictive_link_2,0,0,1,solved,osqp,0.0,valid,0.13921851739692492,0.005273580551147461
37,1.9000000000000001,-0.21298399385352695,0.21466638147830963,0.16041207313537598,0.25851261615753174,0.2069936990737915,0.35,2,0,0,0,0.42217692732810974,1.3108693361282349,15.88046932220459,0.42217692732810974,passthrough,8.804541727317813e-10,0,0,12,,predictive_link_2,0,0,1,solved,osqp,0.0,valid,0.13677446921601044,0.005353230983018875
38,1.9500000000000002,-0.2262139354123974,0.23367804288864136,0.15722990036010742,0.25501957535743713,0.22610700130462646,0.35,2,0,0,0,0.49994760751724243,1.930076003074646,26.904165267944336,0.49994760751724243,passthrough,1.0873429250569216e-09,0,0,12,,predictive_link_2,0,0,1,solved,osqp,0.0,valid,0.13399259309456224,0.005343969911336899
39,2.0,-0.254405533807314,0.2519274055957794,0.1546696275472641,0.2510789930820465,0.24635422229766846,0.35,2,0,0,0,0.5619927048683167,2.6789016723632812,39.53949737548828,0.5619926452636719,filtered,1.2861183226405515e-07,0,0,12,,predictive_link_2,0,0,1,solved,osqp,0.0,valid,0.13082323557334746,0.005235588178038597
40,2.0500000000000003,-0.2986884415505643,0.28552669286727905,0.15275582671165466,0.2463543862104416,0.28003132343292236,0.35,2,0,0,0,0.6441766023635864,3.068351984024048,19.12912940979004,0.6441764831542969,filtered,3.033829177691682e-07,0,0,12,,predictive_link_2,0,0,1,solved,osqp,0.0,valid,0.12715627857960143,0.00537034310400486
41,2.1,-0.338881806941029,0.29923298954963684,0.15235041081905365,0.24154631793498993,0.29377251863479614,0.35,2,0,0,0,0.6404720544815063,2.2913055419921875,45.368194580078125,0.6404720544815063,passthrough,1.1905695376131902e-09,0,0,12,,predictive_link_2,0,0,1,solved,osqp,0.0,valid,0.12263261375861773,0.005323401652276516
42,2.15,-0.3465628027154217,0.3029574751853943,0.15218569338321686,0.2369932383298874,0.2975575029850006,0.35,2,0,0,0,0.6334042549133301,1.5788313150405884,43.58354949951172,0.6334042549133301,passthrough,1.079042396720178e-09,0,0,12,,predictive_link_2,0,0,1,solved,osqp,0.0,valid,0.11799093951947126,0.005390863865613937
43,2.2,-0.37280701691386076,0.32612258195877075,0.1521998941898346,0.23207227885723114,0.320748507976532,0.35,2,0,0,0,0.657406747341156,0.9960163235664368,33.336570739746094,0.657406747341156,passthrough,1.0922085599384905e-09,0,0,12,,predictive_link_2,0,0,1,solved,osqp,0.0,valid,0.11360580833921419,0.0052233487367630005
44,2.25,-0.41043405820107703,0.3312819004058838,0.1539457142353058,0.22740767896175385,0.3259067237377167,0.35,2,0,0,0,0.6614262461662292,1.8133701086044312,42.94049072265625,0.6614262461662292,passthrough,1.007809977070218e-09,0,0,12,,workspace_y_upper,0,0,1,solved,osqp,0.0,valid,0.10883448232682658,0.005339202471077442
45,2.3000000000000003,-0.43084343532245656,0.33941665291786194,0.15630246698856354,0.2228921800851822,0.33404096961021423,0.35,2,0,0,0,0.6962626576423645,1.2012929916381836,40.56147766113281,0.6962623000144958,filtered,5.437908462729901e-07,0,0,12,,workspace_y_upper,0,0,1,solved,osqp,0.0,valid,0.1042911125552573,0.0052482374012470245
46,2.35,-0.44879277671097456,0.35096269845962524,0.15892206132411957,0.21842296421527863,0.345586359500885,0.35,2,0,0,0,0.7371715903282166,1.2842782735824585,25.471956253051758,0.7371712327003479,filtered,5.329371089832241e-07,0,0,12,,workspace_y_upper,0,0,1,solved,osqp,0.0,valid,0.09988901139137285,0.005012627691030502
47,2.4000000000000004,-0.4402493873764042,0.3343777060508728,0.16187575459480286,0.21479018032550812,0.3290659189224243,0.35,2,0,0,0,0.7603914141654968,1.7253481149673462,39.13279724121094,0.7603912353515625,filtered,2.125791538532787e-07,0,0,12,,workspace_y_upper,0,0,1,solved,osqp,0.0,valid,0.09552792393210996,0.0031868135556578636
48,2.45,-0.42172015709413135,0.33639347553253174,0.16362586617469788,0.21138344705104828,0.33124297857284546,0.35,2,0,0,0,0.7627183794975281,1.6668081283569336,45.68896484375,0.7627178430557251,filtered,7.832711958301628e-07,0,0,12,,workspace_y_upper,0,0,1,solved,osqp,0.0,valid,0.09201382364031357,0.0031621726229786873
49,2.5,-0.4083122943738414,0.32835614681243896,0.16503377258777618,0.20841895043849945,0.3234492540359497,0.35,2,0,0,0,0.7652337551116943,1.1897056102752686,22.33537483215332,0.7652331590652466,filtered,8.946759053650845e-07,0,0,12,,workspace_y_upper,0,0,1,solved,osqp,0.0,valid,0.08876499568947882,0.0035600606352090836
50,2.5500000000000003,-0.3721973181478155,0.32923340797424316,0.1643921434879303,0.205630823969841,0.32472825050354004,0.35,2,0,0,0,0.7571694254875183,2.1533236503601074,31.024269104003906,0.7571685910224915,filtered,1.1810326102114306e-06,0,0,12,,workspace_y_upper,0,0,1,solved,osqp,0.0,valid,0.08598337491240021,0.003229196183383465
51,2.6,-0.37149674324498694,0.3294803500175476,0.16374172270298004,0.2030213326215744,0.32544565200805664,0.35,2,0,0,0,0.7399346232414246,1.006299376487732,33.09716796875,0.7399339079856873,filtered,9.544236925802435e-07,0,0,12,,workspace_y_upper,0,0,1,solved,osqp,0.0,valid,0.08344372876299577,0.003141464665532112
52,2.6500000000000004,-0.3572117269507407,0.3450334966182709,0.16150307655334473,0.2002440243959427,0.34158194065093994,0.35,2,0,0,0,0.7376149296760559,1.7532072067260742,25.318866729736328,0.7376142740249634,filtered,9.861394020974318e-07,0,0,12,,workspace_y_upper,0,0,1,solved,osqp,0.0,valid,0.08110260180627538,0.0036309007555246353
53,2.7,-0.38302970580794415,0.3487829864025116,0.16053524613380432,0.1975826472043991,0.3459009528160095,0.35,2,0,0,0,0.7412570118904114,1.1159590482711792,49.682456970214844,0.7412564754486084,filtered,7.801125528732651e-07,0,0,12,,workspace_y_upper,0,0,1,solved,osqp,0.0,valid,0.07863809116899584,0.003161441534757614
54,2.75,-0.3746270933991926,0.3511539697647095,0.15902608633041382,0.195047065615654,0.34893444180488586,0.35,2,0,0,0,0.7479515075683594,0.7707647085189819,30.511621475219727,0.7479507923126221,filtered,9.971102643433706e-07,0,0,12,,workspace_y_upper,0,0,1,solved,osqp,0.0,valid,0.07626949542531275,0.003191606141626835
55,2.8000000000000003,-0.36530079547386707,0.3420447111129761,0.15755797922611237,0.19284634292125702,0.34057238698005676,0.35,2,0,0,0,0.7390552759170532,0.5742700099945068,13.750859260559082,0.7390544414520264,filtered,1.123868703020062e-06,0,0,12,,workspace_y_upper,0,0,1,solved,osqp,0.0,valid,0.07405558034163068,0.003187178634107113
56,2.85,-0.348404817809774,0.3550102114677429,0.15452641248703003,0.19052858650684357,0.35423895716667175,0.35,2,0,0,0,0.7478539943695068,1.4352118968963623,25.362089157104492,0.7478529214859009,filtered,1.471859253543001e-06,0,0,12,,workspace_y_upper,0,0,1,solved,osqp,0.0,valid,0.07219966055254606,0.004185663536190987
57,2.9000000000000004,-0.33955266203512285,0.3439837694168091,0.15172001719474792,0.18855474889278412,0.3437136709690094,0.35,2,0,0,0,0.743882954120636,0.6788272857666016,31.78487205505371,0.7438820004463196,filtered,1.2980536679394367e-06,0,0,12,,workspace_y_upper,0,0,1,solved,osqp,0.0,valid,0.07019586999755462,0.004100101068615913
58,2.95,-0.33040041594688546,0.37456369400024414,0.14685268700122833,0.18615056574344635,0.37454885244369507,0.35,2,0,0,0,0.760535478591919,1.781129002571106,40.32659912109375,0.760535478591919,passthrough,4.374409840085617e-12,0,0,12,,predictive_link_2,0,0,1,solved,osqp,0.0,valid,0.06844002157632662,0.005036580376327038
59,3.0,-0.2881879351858024,0.3100478947162628,0.14332158863544464,0.18522940576076508,0.3100479245185852,0.35,2,0,0,0,0.7100646495819092,2.4852676391601562,72.13890075683594,0.7100644111633301,filtered,3.630939317228885e-07,0,0,12,,predictive_link_2,0,0,1,solved,osqp,0.0,valid,0.06614437970367837,0.007623461075127125
60,3.0500000000000003,-0.307653643761808,0.3913404047489166,0.13651414215564728,0.18274812400341034,0.39134037494659424,0.35,2,0,0,0,0.7852486968040466,3.9686944484710693,109.28054809570312,0.7852479219436646,filtered,1.0586607087698012e-06,0,0,12,,predictive_link_2,0,0,1,solved,osqp,0.0,valid,0.06522940797915033,0.003133757971227169
61,3.1,-0.27410392297299613,0.30987608432769775,0.13247327506542206,0.18334035575389862,0.30987608432769775,0.35,2,0,0,0,0.6863083243370056,4.318690299987793,147.826171875,0.6863083243370056,passthrough,1.208196894134768e-09,0,0,12,,workspace_z_upper,0,0,1,solved,osqp,0.0,valid,0.06274810382397661,0.0035177189856767654
62,3.1500000000000004,-0.2730288230826561,0.3089420199394226,0.1285681575536728,0.18372099101543427,0.308942049741745,0.35,2,0,0,0,0.6873261332511902,3.63232159614563,130.58155822753906,0.6873255372047424,filtered,7.901683064803152e-07,0,0,12,,workspace_z_upper,0,0,1,solved,osqp,0.0,valid,0.06334035340473265,0.00363266933709383
63,3.2,-0.24758652428103903,0.31899935007095337,0.12288020551204681,0.18254683911800385,0.31899935007095337,0.35,2,0,0,0,0.7489243149757385,2.7770869731903076,56.28657913208008,0.7489238977432251,filtered,5.369189020675001e-07,0,0,12,,workspace_z_upper,0,0,1,solved,osqp,0.0,valid,0.063720993596736,0.003916990011930466
64,3.25,-0.2292164928467132,0.323028564453125,0.1161370500922203,0.18144144117832184,0.323028564453125,0.35,2,0,0,0,0.8072226643562317,2.4271323680877686,45.679141998291016,0.8072221875190735,filtered,8.007521615081012e-07,0,0,12,,workspace_z_upper,0,0,1,solved,osqp,0.0,valid,0.06254682768519315,0.0035596443340182304
65,3.3000000000000003,-0.24555393918256896,0.3137795627117157,0.11094313859939575,0.18176259100437164,0.3137795925140381,0.35,2,0,0,0,0.8096134662628174,2.5456302165985107,41.19585418701172,0.8096129298210144,filtered,7.681414838312555e-07,0,0,12,,workspace_z_upper,0,0,1,solved,osqp,0.0,valid,0.0614414199403473,0.0031578456982970238
66,3.35,-0.23596972887677684,0.31349411606788635,0.10538501292467117,0.1818772703409195,0.31349411606788635,0.35,2,0,0,0,0.7959825992584229,1.7603211402893066,45.46293258666992,0.7959822416305542,filtered,6.100089670718207e-07,0,0,12,,workspace_z_upper,0,0,1,solved,osqp,0.0,valid,0.061762592619150125,0.0032269181683659554
67,3.4000000000000004,-0.23386884610979708,0.31367287039756775,0.09983354806900024,0.18180544674396515,0.31367287039756775,0.35,2,0,0,0,0.7736929059028625,1.3742942810058594,44.30049133300781,0.7736926078796387,filtered,4.6284245191222016e-07,0,0,12,,workspace_z_upper,0,0,1,solved,osqp,0.0,valid,0.06187727472772481,0.003180420957505703
68,3.45,-0.22782357562795613,0.3139409124851227,0.09406222403049469,0.18169786036014557,0.3139408230781555,0.35,2,0,0,0,0.7547295689582825,0.8431598544120789,23.9525203704834,0.7547292113304138,filtered,5.610361197265828e-07,0,0,12,,workspace_z_upper,0,0,1,solved,osqp,0.0,valid,0.06180544340932026,0.004600560292601585
69,3.5,-0.2181482672508837,0.3137008845806122,0.08788817375898361,0.1817941814661026,0.31370091438293457,0.35,2,0,0,0,0.7297982573509216,1.1472810506820679,11.812673568725586,0.729797899723053,filtered,5.419474128607907e-07,0,0,12,,workspace_z_upper,0,0,1,solved,osqp,0.0,valid,0.06169781553110787,0.005241183564066887
70,3.5500000000000003,-0.22142205263643183,0.3121565580368042,0.08209452033042908,0.18241606652736664,0.312156617641449,0.35,2,0,0,0,0.700362503528595,0.8499162793159485,14.406805038452148,0.7003622651100159,filtered,2.9816884249870495e-07,0,0,12,,workspace_z_upper,0,0,1,solved,osqp,0.0,valid,0.06179419297966443,0.0038392506539821625
71,3.6,-0.23350259722599526,0.3094906806945801,0.0772068127989769,0.18349726498126984,0.3094906806945801,0.35,2,0,0,0,0.6607483625411987,0.829868733882904,10.523666381835938,0.6607483625411987,passthrough,1.331953728241758e-09,0,0,12,,workspace_z_upper,0,0,1,solved,osqp,0.0,valid,0.06241606217402623,0.0036924518644809723
72,3.6500000000000004,-0.240780720566362,0.3081941604614258,0.07286740094423294,0.18402661383152008,0.30819419026374817,0.35,3,0,0,0,0.6202409863471985,0.8755412697792053,7.647725582122803,0.6202409863471985,passthrough,1.2609864448268566e-09,0,0,12,,workspace_z_upper,0,0,1,solved,osqp,0.0,valid,0.06349725973362313,0.004023646004498005
73,3.7,-0.24284283942075308,0.30755168199539185,0.06874178349971771,0.18428979814052582,0.3075517416000366,0.35,3,0,0,0,0.5773517489433289,1.0070046186447144,5.597256660461426,0.5773517489433289,passthrough,1.1915997760482263e-09,0,0,12,,workspace_z_upper,0,0,1,solved,osqp,0.0,valid,0.06402662895805056,0.0037921369075775146
74,3.75,-0.24173624782216407,0.30701807141304016,0.06464157998561859,0.18450884521007538,0.30701807141304016,0.35,3,0,0,0,0.5272595882415771,1.283635139465332,6.666262626647949,0.5272595882415771,passthrough,1.114129094267521e-09,0,0,12,,workspace_z_upper,0,0,1,solved,osqp,0.0,valid,0.06428979406105517,0.004876152612268925
75,3.8000000000000003,-0.23668169634555158,0.30692189931869507,0.060308389365673065,0.18454836308956146,0.30692189931869507,0.35,3,0,0,0,0.46734026074409485,2.197781801223755,23.598878860473633,0.46734026074409485,passthrough,1.0537375522351152e-09,0,0,12,,workspace_z_upper,0,0,1,solved,osqp,0.0,valid,0.06450884908186649,0.004988073371350765
76,3.85,-0.22793325699083616,0.31393831968307495,0.055117297917604446,0.18368317186832428,0.31393828988075256,0.35,3,0,0,0,0.4720607101917267,3.6861228942871094,37.02579879760742,0.4720607101917267,passthrough,1.0803470306332267e-09,0,0,12,,workspace_z_upper,0,0,1,solved,osqp,0.0,valid,0.06454835461509317,0.00517819169908762
77,3.9000000000000004,19.730949521713114,0.3198510706424713,0.05191381275653839,0.1826239377260208,0.3198511600494385,0.35,3,0,0,1,0.5614885687828064,3.83673357963562,22.019357681274414,0.5614885687828064,filtered,3.9120812479521084e-08,0,0,12,,predictive_link_3,0,0,1,solved,osqp,0.0,valid,0.06368315247173223,0.004674674943089485
