step,time,reward,cost,goal_error_norm,d_min,risk_global,beta,closest_link,safety_violation,collision,success,qdot_norm,acc_norm,jerk_norm,qdot_requested_norm,risk_speed_scale,risk_speed_h_min_m,recovery_active,recovery_triggered,recovery_success,recovery_initially_unsafe,recovery_initial_h_min_m,recovery_command_norm,safety_filter_status,safety_filter_intervention_norm,safety_filter_safe_stop,safety_filter_active_constraints,safety_filter_constraint_count,safety_filter_active_constraint_categories,safety_filter_max_constraint_category,safety_filter_projection_iterations,safety_filter_fallback_used,safety_filter_qp_solver_used,safety_filter_qp_solver_status,safety_filter_fallback_stage,safety_filter_max_constraint_violation,predictive_risk_status,predictive_h_min_m,predictive_h_by_link_m,predictive_distance_by_link_m,predictive_robust_distance_by_link_m,predictive_time_by_link_s,safety_jacobian_command_by_link_mps,safety_drift_by_link_mps,safety_constraint_residual_by_link_mps,filter_obstacle_position_m,filter_obstacle_velocity_mps,safety_filter_solve_time_s
0,0.05,-0.4700532319672595,0.12130019068717957,0.47744667530059814,0.453264981508255,0.11942325532436371,0.35,2,0,0,0,0.45925140380859375,9.185028076171875,183.7005615234375,0.534983217716217,1.0,0.3232163606644369,0,0,0,0,0.3232163606644369,0.0,filtered,0.07928864253492737,0,0,12,joint_4_acceleration_upper,workspace_x_upper,0,0,1,solved,osqp,0.0,valid,0.3232163606644369,0.430930615|0.445930602|0.323216361|0.327138928|0.426704923|0.44783057,0.550930615|0.565930602|0.443216361|0.447138928|0.546704923|0.56783057,0.550930615|0.565930602|0.443216361|0.447138928|0.546704923|0.56783057,0.15|0.15|0.15|0.15|0.15|0.15,0|0|0.00435409043|-0.01314667|-0.095489093|-0.115317846,-0.074290503|0|-0.0990604607|-0.106712917|-0.12303701|-0.122886091,1.64943196|1.78372241|1.19815907|1.18869613|1.48829359|1.55311834,0.419372022|-0.490368366|0.378715634,0.0159300864|0.12321832|-0.000949434645,0.004393774084746838
1,0.1,-0.3990908510473449,0.16344408690929413,0.4661385416984558,0.44920310378074646,0.1613263487815857,0.35,2,0,0,0,0.7921584844589233,6.799182891845703,63.816097259521484,0.7921576499938965,1.0,0.31844875106878284,0,0,0,0,0.3232163606644369,0.0,filtered,1.2367473998380938e-06,0,0,12,,workspace_x_upper,0,0,1,solved,osqp,0.0,valid,0.31844875106878284,0.427233961|0.442233956|0.318448751|0.321056897|0.416004775|0.436194511,0.547233961|0.562233956|0.438448751|0.441056897|0.536004775|0.556194511,0.547233961|0.562233956|0.438448751|0.441056897|0.536004775|0.556194511,0.15|0.15|0.15|0.15|0.15|0.15,0|0|0.0188203679|-0.0137339372|-0.144603677|-0.177895881,-0.073572196|0|-0.098027942|-0.106993184|-0.12276356|-0.122734202,1.63536365|1.76893582|1.19458743|1.16350047|1.39665186|1.44414796,0.420168459|-0.484207511|0.37866807,0.0159300864|0.12321832|-0.000949434645,0.003515021875500679
2,0.15000000000000002,-0.3215579993285798,0.17955562472343445,0.45129087567329407,0.44553685188293457,0.17714981734752655,0.35,3,0,0,0,0.8378405570983887,4.397106170654297,156.86376953125,0.8378405570983887,1.0,0.31461507133986016,0,0,0,0,0.3232163606644369,0.0,passthrough,7.78618021343287e-10,0,0,12,,workspace_x_upper,0,0,1,solved,osqp,0.0,valid,0.31461507133986016,0.42357351|0.43857351|0.314615071|0.314978509|0.402913818|0.421426064,0.54357351|0.55857351|0.434615071|0.434978509|0.522913818|0.541426064,0.54357351|0.55857351|0.434615071|0.434978509|0.522913818|0.541426064,0.15|0.15|0.15|0.15|0.15|0.15,0|0|0.0392027364|-0.00589483295|-0.154241208|-0.201821119,-0.0728423462|0|-0.0964579384|-0.107295619|-0.122196814|-0.122409672,1.62145169|1.75429404|1.20120508|1.14672358|1.33521725|1.36147346,0.420964897|-0.478046656|0.378620505,0.0159300864|0.12321832|-0.000949434645,0.00398536492139101
3,0.2,-0.25098236158171355,0.1965198814868927,0.4332861602306366,0.44026291370391846,0.19377091526985168,0.35,3,0,0,0,0.8789445161819458,5.543973922729492,59.28749465942383,0.879740297794342,1.0,0.30941558875797526,0,0,0,0,0.3232163606644369,0.0,filtered,0.02256819166127912,0,0,12,joint_3_acceleration_upper,workspace_x_upper,0,0,1,solved,osqp,0.0,valid,0.30941558875797526,0.419949842|0.434949842|0.312030821|0.309415589|0.389569714|0.405642372,0.539949842|0.554949842|0.432030821|0.429415589|0.509569714|0.525642372,0.539949842|0.554949842|0.432030821|0.429415589|0.509569714|0.525642372,0.15|0.15|0.15|0.15|0.15|0.15,0|0|0.0567751645|-0.00243246594|-0.161362792|-0.22543352,-0.072100823|0|-0.0944992338|-0.107379487|-0.121299691|-0.121867413,1.60769855|1.73979937|1.21039921|1.1278504|1.27561637|1.27526856,0.421761334|-0.4718858|0.378572941,0.0159300864|0.12321832|-0.000949434645,0.004157735966145992
4,0.25,-0.1947724628764974,0.2105083465576172,0.413345605134964,0.43519270420074463,0.2073604315519333,0.35,3,0,0,0,0.9863712191581726,3.85347843170166,97.29800415039062,0.9863710999488831,1.0,0.3041604469449619,0,0,0,0,0.3232163606644369,0.0,filtered,2.5206911891907457e-07,0,0,12,,workspace_z_upper,0,0,1,solved,osqp,0.0,valid,0.3041604469449619,0.416363543|0.431363543|0.310538756|0.304160447|0.376138974|0.388899345,0.536363543|0.551363543|0.430538756|0.424160447|0.496138974|0.508899345,0.536363543|0.551363543|0.430538756|0.424160447|0.496138974|0.508899345,0.15|0.15|0.15|0.15|0.15|0.15,0|0|0.0736737812|-0.000186894036|-0.163817404|-0.242517353,-0.0713474988|0|-0.0922533799|-0.107210533|-0.120007248|-0.121029536,1.59410668|1.72545417|1.22357543|1.10924436|1.22073124|1.19205049,0.422557771|-0.465724945|0.378525376,0.0159300864|0.12321832|-0.000949434645,0.003932475112378597
5,0.30000000000000004,-0.1540840511437662,0.21504104137420654,0.39279407262802124,0.4305548667907715,0.21145594120025635,0.35,3,0,0,0,1.0366156101226807,1.99054753780365,50.0672607421875,1.0366156101226807,1.0,0.29915299447433297,0,0,0,0,0.3232163606644369,0.0,passthrough,9.406780737581218e-10,0,0,12,,workspace_z_upper,0,0,1,solved,osqp,0.0,valid,0.29915299447433297,0.412815208|0.427815208|0.310066568|0.299152994|0.362765446|0.37155458,0.532815208|0.547815208|0.430066568|0.419152994|0.482765446|0.49155458,0.532815208|0.547815208|0.430066568|0.419152994|0.482765446|0.49155458,0.15|0.15|0.15|0.15|0.15|0.15,0|0|0.0920621777|0.00662182041|-0.164206985|-0.241541534,-0.0705822491|0|-0.0898083152|-0.106734272|-0.118615506|-0.119817501,1.58067858|1.71126083|1.24252013|1.09649953|1.16823929|1.12485929,0.423354208|-0.45956409|0.378477812,0.0159300864|0.12321832|-0.000949434645,0.003622904419898987
6,0.35000000000000003,-0.12183201991718484,0.21568192541599274,0.37215808033943176,0.4264911413192749,0.2116343379020691,0.35,3,0,0,0,1.0384728908538818,2.438610553741455,39.714500427246094,1.0384728908538818,1.0,0.294631267673543,0,0,0,0,0.3232163606644369,0.0,passthrough,9.3274525443774e-10,0,0,12,,workspace_z_upper,0,0,1,solved,osqp,0.0,valid,0.294631267673543,0.409305435|0.424305435|0.310659733|0.294631268|0.348982138|0.354492816,0.529305435|0.544305435|0.430659733|0.414631268|0.468982138|0.474492816,0.529305435|0.544305435|0.430659733|0.414631268|0.468982138|0.474492816,0.15|0.15|0.15|0.15|0.15|0.15,0|0|0.110537463|0.0164960787|-0.17744186|-0.231533129,-0.069804953|0|-0.0872551825|-0.105888776|-0.117386264|-0.118206422,1.56741679|1.69722174|1.26592121|1.08913237|1.10110043|1.06823171,0.424150646|-0.453403234|0.378430247,0.0159300864|0.12321832|-0.000949434645,0.003697752021253109
7,0.4,-0.09385039489780418,0.21618768572807312,0.35156193375587463,0.42311644554138184,0.21154893934726715,0.35,3,0,0,0,1.0511844158172607,3.4666426181793213,26.261226654052734,1.0511842966079712,1.0,0.2907368182008837,0,0,0,0,0.3232163606644369,0.0,filtered,1.3355756966421341e-07,0,0,12,,workspace_z_upper,0,0,1,solved,osqp,0.0,valid,0.2907368182008837,0.405834829|0.420834827|0.312293353|0.290736818|0.334612874|0.338122556,0.525834829|0.540834827|0.432293353|0.410736818|0.454612874|0.458122556,0.525834829|0.540834827|0.432293353|0.410736818|0.454612874|0.458122556,0.15|0.15|0.15|0.15|0.15|0.15,0|0|0.128231088|0.0287857916|-0.191266236|-0.217125203,-0.0690154929|0|-0.0846733932|-0.104677943|-0.115861939|-0.11623438,1.55432382|1.68333931|1.29273111|1.08705512|1.03132332|1.01913064,0.424947083|-0.447242379|0.378382683,0.0159300864|0.12321832|-0.000949434645,0.004002976231276989
8,0.45,-0.06805490528679259,0.2160002589225769,0.3310580849647522,0.42040133476257324,0.21086186170578003,0.35,3,0,0,0,1.0746502876281738,4.387497425079346,32.30137252807617,1.0746498107910156,1.0,0.2875822106433341,0,0,0,0,0.3232163606644369,0.0,filtered,7.276494309816977e-07,0,0,12,,workspace_z_upper,0,0,1,solved,osqp,0.0,valid,0.2875822106433341,0.402404003|0.417404|0.31490393|0.287582211|0.319634204|0.322634204,0.522404003|0.537404|0.43490393|0.407582211|0.439634204|0.442634204,0.522404003|0.537404|0.43490393|0.407582211|0.439634204|0.442634204,0.15|0.15|0.15|0.15|0.15|0.15,0|0|0.144077725|0.0408368834|-0.202797947|-0.202797947,-0.0682137559|0|-0.0821258943|-0.103119868|-0.113955355|-0.113955355,1.54140225|1.669616|1.32156755|1.08804586|0.961783514|0.973783514,0.42574352|-0.441081524|0.378335118,0.0159300864|0.12321832|-0.000949434645,0.0039309365674853325
9,0.5,-0.04802137261847925,0.21823517978191376,0.3107413947582245,0.4181949496269226,0.21258266270160675,0.35,3,0,0,0,1.1167309284210205,4.864347457885742,29.9764347076416,1.1167303323745728,1.0,0.2851276132360966,0,0,0,0,0.3232163606644369,0.0,filtered,1.2213239693718615e-06,0,0,12,,workspace_z_upper,0,0,1,solved,osqp,0.0,valid,0.2851276132360966,0.399013571|0.414013564|0.318376902|0.285127613|0.304979825|0.307979825,0.519013571|0.534013564|0.438376902|0.405127613|0.424979825|0.427979825,0.519013571|0.534013564|0.438376902|0.405127613|0.424979825|0.427979825,0.15|0.15|0.15|0.15|0.15|0.15,0|0|0.157474073|0.0503189953|-0.190868917|-0.190868917,-0.0673996331|0|-0.0796657786|-0.101288378|-0.111463268|-0.111463268,1.52865465|1.65605426|1.3513159|1.08954107|0.917587113|0.929587113,0.426539958|-0.434920669|0.378287554,0.0159300864|0.12321832|-0.000949434645,0.0028643589466810226
10,0.55,-0.027594434632484316,0.2137826532125473,0.29092252254486084,0.41411420702934265,0.20763084292411804,0.35,4,0,0,0,1.1652899980545044,3.577223777770996,30.826580047607422,1.1652895212173462,1.0,0.2832076053266195,0,0,0,0,0.3232163606644369,0.0,filtered,1.032631719782072e-06,0,0,12,,workspace_z_upper,0,0,1,solved,osqp,0.0,valid,0.2832076053266195,0.395664156|0.410664156|0.322570251|0.283207605|0.290998923|0.293998923,0.515664156|0.530664156|0.442570251|0.403207605|0.410998923|0.413998923,0.515664156|0.530664156|0.442570251|0.403207605|0.410998923|0.413998923,0.15|0.15|0.15|0.15|0.15|0.15,0|0|0.167725049|0.0617805923|-0.171211245|-0.171211245,-0.0665730203|0|-0.0773327601|-0.099283539|-0.108864419|-0.108864419,1.5160836|1.64265662|1.38067329|1.09532747|0.883920029|0.895920029,0.427336395|-0.428759813|0.378239989,0.0159300864|0.12321832|-0.000949434645,0.0027555394917726517
11,0.6000000000000001,-0.0020892763151394433,0.19045351445674896,0.2722077965736389,0.4029259979724884,0.1838991791009903,0.35,4,0,0,0,1.1689611673355103,1.7511719465255737,61.828243255615234,1.1689610481262207,1.0,0.2781054395177991,0,0,0,0,0.3232163606644369,0.0,filtered,6.451665255722373e-07,0,0,12,,workspace_z_upper,0,0,1,solved,osqp,0.0,valid,0.2781054395177991,0.392356386|0.407356386|0.327311347|0.281940099|0.27810544|0.28110544,0.512356386|0.527356386|0.447311347|0.401940099|0.39810544|0.40110544,0.512356386|0.527356386|0.447311347|0.401940099|0.39810544|0.40110544,0.15|0.15|0.15|0.15|0.15|0.15,0|0|0.174572953|0.0817089727|-0.131923471|-0.131923471,-0.0657338189|0|-0.0751542716|-0.0970922254|-0.106131494|-0.106131494,1.50369172|1.62942554|1.40866407|1.11237714|0.874366793|0.886366793,0.428132832|-0.422598958|0.378192425,0.0159300864|0.12321832|-0.000949434645,0.004006574861705303
12,0.65,0.0179326489658726,0.16295941174030304,0.2549200654029846,0.39384087920188904,0.15612226724624634,0.35,4,0,0,0,1.1596812009811401,1.7849955558776855,19.749011993408203,1.159680962562561,1.0,0.26735883459681287,0,0,0,0,0.3232163606644369,0.0,filtered,5.30016728615634e-07,0,0,12,,workspace_x_lower,0,0,1,solved,osqp,0.0,valid,0.26735883459681287,0.389090891|0.404090891|0.332419734|0.281817757|0.267358835|0.270358835,0.509090891|0.524090891|0.452419734|0.401817757|0.387358835|0.390358835,0.509090891|0.524090891|0.452419734|0.401817757|0.387358835|0.390358835,0.15|0.15|0.15|0.15|0.15|0.15,0|0|0.177899808|0.10084891|-0.0923762836|-0.0923762836,-0.0648819353|0|-0.0731429301|-0.0946074065|-0.103081663|-0.103081663,1.49148163|1.61636356|1.43443581|1.13351253|0.873977392|0.885977392,0.428929269|-0.416438103|0.37814486,0.0159300864|0.12321832|-0.000949434645,0.004015693441033363
13,0.7000000000000001,0.03256733189478353,0.13135842978954315,0.23943835496902466,0.3868643045425415,0.1243738904595375,0.35,4,0,0,0,1.1401426792144775,0.9141907095909119,34.229915618896484,1.1401426792144775,1.0,0.25875523366463316,0,0,0,0,0.3232163606644369,0.0,filtered,1.1858458371884062e-07,0,0,12,,workspace_x_lower,0,0,1,solved,osqp,0.0,valid,0.25875523366463316,0.385868308|0.400868308|0.337712485|0.282787133|0.258755234|0.261755234,0.505868308|0.520868308|0.457712485|0.402787133|0.378755234|0.381755234,0.505868308|0.520868308|0.457712485|0.402787133|0.378755234|0.381755234,0.15|0.15|0.15|0.15|0.15|0.15,0|0|0.17770319|0.121144044|-0.0527320234|-0.0527320234,-0.0640172821|0|-0.0713003965|-0.0919097488|-0.099759451|-0.099759451,1.47945595|1.60347323|1.45725273|1.16038283|0.88252946|0.89452946,0.429725707|-0.410277247|0.378097296,0.0159300864|0.12321832|-0.000949434645,0.0037993164733052254
14,0.75,0.03157885029584831,0.10914307087659836,0.22591964900493622,0.38143330812454224,0.10211313515901566,0.35,4,0,0,0,1.111856460571289,2.313894033432007,31.756690979003906,1.1118568181991577,1.0,0.2522920536114047,0,0,0,0,0.3232163606644369,0.0,filtered,3.7757096316673755e-07,0,0,12,,workspace_x_lower,0,0,1,solved,osqp,0.0,valid,0.2522920536114047,0.382689279|0.397689279|0.343009425|0.284906888|0.252292054|0.255292054,0.502689279|0.517689279|0.463009425|0.404906888|0.372292054|0.375292054,0.502689279|0.517689279|0.463009425|0.404906888|0.372292054|0.375292054,0.15|0.15|0.15|0.15|0.15|0.15,0|0|0.174098683|0.133223313|-0.0237791142|-0.0237791142,-0.0631397783|0|-0.0696189093|-0.089047759|-0.0962210428|-0.0962210428,1.46761734|1.59075712|1.47651747|1.18380311|0.889168057|0.901168057,0.430522144|-0.404116392|0.378049731,0.0159300864|0.12321832|-0.000949434645,0.003860638476908207
15,0.8,0.003567642943966623,0.11415426433086395,0.21424463391304016,0.37705573439598083,0.10688836127519608,0.35,4,0,0,0,1.0973496437072754,2.503673553466797,8.39094352722168,1.0973498821258545,1.0,0.24738415072398284,0,0,0,0,0.3232163606644369,0.0,filtered,4.226486470617322e-07,0,0,12,,workspace_x_lower,0,0,1,solved,osqp,0.0,valid,0.24738415072398284,0.379554446|0.394554446|0.348139867|0.287719653|0.247384151|0.250202716,0.499554446|0.514554446|0.468139867|0.407719653|0.367384151|0.370202716,0.499554446|0.514554446|0.468139867|0.407719653|0.367384151|0.370202716,0.15|0.15|0.15|0.15|0.15|0.15,0|0|0.167287|0.137083186|-0.00441016823|-0.0149397594,-0.0622493491|0|-0.0680827312|-0.0861683896|-0.0926205163|-0.0947468076,1.45596844|1.57821778|1.49176374|1.20179341|0.892505918|0.891124297,0.431318581|-0.397955537|0.378002167,0.0159300864|0.12321832|-0.000949434645,0.003646283410489559
16,0.8500000000000001,-0.021043829881874407,0.10819734632968903,0.20472867786884308,0.3742174506187439,0.1006430983543396,0.35,4,0,0,0,1.0703072547912598,1.7493691444396973,31.31974220275879,1.0703073740005493,1.0,0.2435230642055211,0,0,0,0,0.3232163606644369,0.0,filtered,2.9154806016977806e-07,0,0,12,,workspace_x_lower,0,0,1,solved,osqp,0.0,valid,0.2435230642055211,0.376464458|0.391464458|0.352946915|0.290785117|0.243523064|0.245163297,0.496464458|0.511464458|0.472946915|0.410785117|0.363523064|0.365163297,0.496464458|0.511464458|0.472946915|0.410785117|0.363523064|0.365163297,0.15|0.15|0.15|0.15|0.15|0.15,0|0|0.157915714|0.146346731|0.0242910366|-0.00280799471,-0.0613459272|0|-0.0666705422|-0.0833673198|-0.089069277|-0.0949898829,1.44451191|1.56585783|1.50303283|1.22611988|0.909314016|0.882855311,0.432115018|-0.391794682|0.377954602,0.0159300864|0.12321832|-0.000949434645,0.003921027295291424
17,0.9,-0.04981409462249651,0.10710733383893967,0.1972123682498932,0.37096601724624634,0.09928741306066513,0.35,5,0,0,0,1.0443663597106934,1.4659384489059448,37.03488540649414,1.044366478919983,1.0,0.24070101632161606,0,0,0,0,0.3232163606644369,0.0,filtered,3.08086930284271e-07,0,0,12,,workspace_x_lower,0,0,1,solved,osqp,0.0,valid,0.24070101632161606,0.373419967|0.388419967|0.357307344|0.294408794|0.241205218|0.240701016,0.493419967|0.508419967|0.477307344|0.414408794|0.361205218|0.360701016,0.493419967|0.508419967|0.477307344|0.414408794|0.361205218|0.360701016,0.15|0.15|0.15|0.15|0.15|0.15,0|0|0.145662936|0.151808559|0.0464226929|0.00614082552,-0.0604294528|0|-0.0653568296|-0.0805963558|-0.0854967334|-0.0951421565,1.43325042|1.55367987|1.50953548|1.24884738|0.925746832|0.873802734,0.432911456|-0.385633826|0.377907038,0.0159300864|0.12321832|-0.000949434645,0.0035318881273269653
18,0.9500000000000001,-0.08317331136730474,0.10298895835876465,0.1920045018196106,0.36781519651412964,0.09509269893169403,0.35,5,0,0,0,1.0201084613800049,1.3946013450622559,21.558589935302734,1.0201083421707153,1.0,0.23665921527803202,0,0,0,0,0.3232163606644369,0.0,filtered,2.4726446888197434e-07,0,0,12,,workspace_x_lower,0,0,1,solved,osqp,0.0,valid,0.23665921527803202,0.370421626|0.385421626|0.361086867|0.29839321|0.240088607|0.236659215,0.490421626|0.505421626|0.481086867|0.41839321|0.360088607|0.356659215,0.490421626|0.505421626|0.481086867|0.41839321|0.360088607|0.356659215,0.15|0.15|0.15|0.15|0.15|0.15,0|0|0.132479712|0.167047102|0.0805226758|0.0242768179,-0.0594998738|0|-0.0641167324|-0.0778977167|-0.0819840939|-0.0952068572,1.42218663|1.5416865|1.51271045|1.28272223|0.95889301|0.875706822,0.433707893|-0.379472971|0.377859473,0.0159300864|0.12321832|-0.000949434645,0.0034971656277775764
19,1.0,-0.1200343762999512,0.09179306775331497,0.18956728279590607,0.3664777874946594,0.08409049361944199,0.35,5,0,0,0,0.9933229088783264,1.5483590364456177,21.001373291015625,0.9933225512504578,1.0,0.23372985425744142,0,0,0,0,0.3232163606644369,0.0,filtered,4.262745483939868e-07,0,0,12,,workspace_x_lower,0,0,1,solved,osqp,0.0,valid,0.23372985425744142,0.367470092|0.382470092|0.364245347|0.303259504|0.240796103|0.233729854,0.487470092|0.502470092|0.484245347|0.423259504|0.360796103|0.353729854,0.487470092|0.502470092|0.484245347|0.423259504|0.360796103|0.353729854,0.15|0.15|0.15|0.15|0.15|0.15,0|0|0.118223038|0.191721282|0.125402909|0.0601127924,-0.0585571466|0|-0.0629211831|-0.0752334629|-0.078468996|-0.0928318956,1.41132322|1.52988037|1.51228324|1.32952584|1.01011833|0.902200314,0.43450433|-0.373312116|0.377811909,0.0159300864|0.12321832|-0.000949434645,0.003685515373945236
20,1.05,-0.14507686492014507,0.08936025947332382,0.1886959969997406,0.36565980315208435,0.08188380300998688,0.35,5,0,0,0,0.9608065485954285,1.3689091205596924,22.780887603759766,0.9792792797088623,1.0,0.23286302311634965,0,0,0,0,0.3232163606644369,0.0,filtered,0.030741214921095904,0,1,12,workspace_x_lower,workspace_x_lower,2,0,0,inaccurate_solution,,0.0,valid,0.23286302311634965,0.364566022|0.379566022|0.36673856|0.309495605|0.243879096|0.232863023,0.484566022|0.499566022|0.48673856|0.429495605|0.363879096|0.352863023,0.484566022|0.499566022|0.48673856|0.429495605|0.363879096|0.352863023,0.15|0.15|0.15|0.15|0.15|0.15,0|0|0.09861721|0.186336318|0.135318369|0.0689480963,-0.0576012362|0|-0.061744828|-0.0726073885|-0.0749270732|-0.0895985026,1.40066285|1.51826409|1.50382662|1.35171135|1.03590768|0.910801686,0.435300767|-0.36715126|0.377764344,0.0159300864|0.12321832|-0.000949434645,0.003951641730964184
21,1.1,-0.14565059786400097,0.10193608701229095,0.18719834089279175,0.36297905445098877,0.09455043822526932,0.35,5,0,0,0,0.8979831337928772,2.420502185821533,31.553415298461914,0.948062539100647,1.0,0.23250862512981524,0,0,0,0,0.3232163606644369,0.0,filtered,0.09190966723517753,0,1,12,workspace_x_lower,workspace_x_lower,0,0,1,solved,osqp,1.882831582311617e-08,valid,0.23250862512981524,0.361710077|0.376710077|0.368335576|0.315536768|0.247530166|0.232508625,0.481710077|0.496710077|0.488335576|0.435536768|0.367530166|0.352508625,0.481710077|0.496710077|0.488335576|0.435536768|0.367530166|0.352508625,0.15|0.15|0.15|0.15|0.15|0.15,0|0|0.0725348821|0.13047565|0.0895926063|0.0299973497,-0.056632117|0|-0.0605861978|-0.0701601136|-0.0715527432|-0.0864178001,1.39020819|1.50684031|1.48529099|1.32246261|1.00816053|0.87361405,0.436097205|-0.360990405|0.37771678,0.0159300864|0.12321832|-0.000949434645,0.003706875257194042
22,1.1500000000000001,-0.14463816900867815,0.11218737065792084,0.1851664036512375,0.35895636677742004,0.10480532795190811,0.35,5,0,0,0,0.8462374806404114,2.1271450519561768,20.229604721069336,0.8979989886283875,1.0,0.23025177121329327,0,0,0,0,0.3232163606644369,0.0,filtered,0.10669519634928748,0,1,12,workspace_x_lower,workspace_x_lower,0,0,1,solved,osqp,1.8035340221267404e-08,valid,0.23025177121329327,0.358902918|0.373902909|0.368772453|0.318846315|0.248956676|0.230251771,0.478902918|0.493902909|0.488772453|0.438846315|0.368956676|0.350251771,0.478902918|0.493902909|0.488772453|0.438846315|0.368956676|0.350251771,0.15|0.15|0.15|0.15|0.15|0.15,0|0|0.0535097215|0.0894903479|0.0595429351|0.0026295241,-0.055649773|0|-0.0594719818|-0.067959144|-0.0684836275|-0.0835063142,1.3799619|1.49561164|1.46912755|1.29691646|0.986886013|0.840130295,0.436893642|-0.35482955|0.377669215,0.0159300864|0.12321832|-0.000949434645,0.0032942714169621468
23,1.2000000000000002,-0.1569079374226448,0.11498630046844482,0.18369576334953308,0.3548833429813385,0.10761620849370956,0.35,5,0,0,0,0.7750517725944519,3.008147954940796,42.92750930786133,0.8037192225456238,1.0,0.22663355784310768,0,0,0,0,0.3232163606644369,0.0,filtered,0.06770508071480852,0,1,12,workspace_x_lower,workspace_x_lower,2,0,0,inaccurate_solution,,0.0,valid,0.22663355784310768,0.356145206|0.371145206|0.368359644|0.320113768|0.248897771|0.226633558,0.476145206|0.491145206|0.488359644|0.440113768|0.368897771|0.346633558,0.476145206|0.491145206|0.488359644|0.440113768|0.368897771|0.346633558,0.15|0.15|0.15|0.15|0.15|0.15,0|0|0.0383664014|0.0733534145|0.0569512587|2.36328858e-05,-0.054654198|0|-0.0583908802|-0.0658860133|-0.065567771|-0.0807252198,1.36992662|1.48458082|1.4534141|1.28792247|0.986974572|0.825832644,0.437690079|-0.348668694|0.377621651,0.0159300864|0.12321832|-0.000949434645,0.0036914655938744545
24,1.25,-0.16571620625712158,0.12611043453216553,0.18218587338924408,0.35037025809288025,0.11874158680438995,0.35,5,0,0,0,0.7424300909042358,2.0010149478912354,34.227516174316406,0.7521205544471741,1.0,0.22297040204318092,0,0,0,0,0.3232163606644369,0.0,filtered,0.028063636981420923,0,0,12,,workspace_x_lower,0,0,1,solved,osqp,4.872475064254811e-07,valid,0.22297040204318092,0.353437602|0.368437602|0.367288735|0.320669552|0.24881432|0.222970402,0.473437602|0.488437602|0.487288735|0.440669552|0.36881432|0.342970402,0.473437602|0.488437602|0.487288735|0.440669552|0.36881432|0.342970402,0.15|0.15|0.15|0.15|0.15|0.15,0|0|0.0265099198|0.0547497488|0.0483495708|-0.0107844017,-0.0536453963|0|-0.0573456284|-0.063845895|-0.0626291637|-0.0779080012,1.36010501|1.47375041|1.43831923|1.27358206|0.980977688|0.803189205,0.438486516|-0.342507839|0.377574086,0.0159300864|0.12321832|-0.000949434645,0.003619398921728134
25,1.3,-0.17476393149161043,0.13846924901008606,0.18055354058742523,0.3454389274120331,0.1311010867357254,0.35,5,0,0,0,0.7299031615257263,2.185202121734619,21.75531578063965,0.7303670644760132,1.0,0.2188784750356616,0,0,0,0,0.3232163606644369,0.0,filtered,0.0017017003575178263,0,0,12,,workspace_x_lower,0,0,1,solved,osqp,0.0,valid,0.2188784750356616,0.350780768|0.365780768|0.365710052|0.320387595|0.248417476|0.218878475,0.470780768|0.485780768|0.485710052|0.440387595|0.368417476|0.338878475,0.470780768|0.485780768|0.485710052|0.440387595|0.368417476|0.338878475,0.15|0.15|0.15|0.15|0.15|0.15,0|0|0.0162740719|0.0390448567|0.0406675958|-0.0214632772,-0.0526233837|0|-0.0563425855|-0.061859934|-0.0596580015|-0.0750133794,1.35049969|1.46312307|1.4227717|1.2587353|0.974679496|0.779037244,0.439282954|-0.336346984|0.377526522,0.0159300864|0.12321832|-0.000949434645,0.0036898134276270866
26,1.35,-0.18300307820956038,0.15143342316150665,0.1787421852350235,0.34011006355285645,0.14407145977020264,0.35,5,0,0,0,0.7316203713417053,1.6628704071044922,12.380997657775879,0.7327824831008911,1.0,0.21439014912067406,0,0,0,0,0.3232163606644369,0.0,filtered,0.005206646640116768,0,0,12,,workspace_x_lower,0,0,1,solved,osqp,0.0,valid,0.21439014912067406,0.348175363|0.363175363|0.363693087|0.319413582|0.247767288|0.214390149,0.468175363|0.483175363|0.483693087|0.439413582|0.367767288|0.334390149,0.468175363|0.483175363|0.483693087|0.439413582|0.367767288|0.334390149,0.15|0.15|0.15|0.15|0.15|0.15,0|0|0.00881919313|0.0232932619|0.0319745487|-0.0319614448,-0.0515881863|0|-0.0553969665|-0.0598844134|-0.0566096767|-0.0719689618,1.34111327|1.45270145|1.40819457|1.24106318|0.966434023|0.75363019,0.440079391|-0.330186129|0.377478957,0.0159300864|0.12321832|-0.000949434645,0.0037977220490574837
27,1.4000000000000001,-0.19109266698846347,0.16262343525886536,0.17683878540992737,0.33450812101364136,0.15528683364391327,0.35,5,0,0,0,0.7396119832992554,1.3657104969024658,17.5506534576416,0.7451367974281311,1.0,0.209529187588879,0,0,0,0,0.3232163606644369,0.0,filtered,0.02838386622826491,0,0,12,,workspace_x_lower,0,0,1,solved,osqp,3.6186095649787253e-07,valid,0.209529187588879,0.345622046|0.360622038|0.361361387|0.317741197|0.246824585|0.209529188,0.465622046|0.480622038|0.481361387|0.437741197|0.366824585|0.329529188,0.465622046|0.480622038|0.481361387|0.437741197|0.366824585|0.329529188,0.15|0.15|0.15|0.15|0.15|0.15,0|0|0.00358267353|0.00899557456|0.0252944702|-0.0401971261,-0.0505398427|0|-0.054506476|-0.0578625644|-0.0534721746|-0.0687542621,1.33194834|1.44248815|1.39452175|1.2220978|0.959120636|0.729165362,0.440875828|-0.324025273|0.377431393,0.0159300864|0.12321832|-0.000949434645,0.0035421643406152725
28,1.4500000000000002,-0.19922445744696488,0.17070713639259338,0.17501109838485718,0.32880041003227234,0.16343459486961365,0.35,5,0,0,0,0.7481639385223389,1.2566558122634888,7.521031379699707,0.7577155828475952,1.0,0.20442349408551602,0,0,0,0,0.3232163606644369,0.0,filtered,0.05428391758554438,0,0,12,,workspace_x_lower,0,0,1,solved,osqp,8.473703195233107e-07,valid,0.20442349408551602,0.343121473|0.358121473|0.358815505|0.315448907|0.245701628|0.204423494,0.463121473|0.478121473|0.478815505|0.435448907|0.365701628|0.324423494,0.463121473|0.478121473|0.478815505|0.435448907|0.365701628|0.324423494,0.15|0.15|0.15|0.15|0.15|0.15,0|0|-0.00145043759|-0.0026856534|0.0210271268|-0.0453245373,-0.0494784032|0|-0.0536630797|-0.0557838602|-0.0502311127|-0.0653460733,1.32300749|1.43248589|1.3801485|1.20332612|0.953602525|0.707023366,0.441672266|-0.317864418|0.377383828,0.0159300864|0.12321832|-0.000949434645,0.003488854505121708
29,1.5,-0.2075971993919079,0.17644694447517395,0.17339135706424713,0.3231041729450226,0.16929437220096588,0.35,5,0,0,0,0.7558810710906982,1.3284324407577515,11.018604278564453,0.7682031989097595,1.0,0.19924678559591158,0,0,0,0,0.3232163606644369,0.0,filtered,0.07634770306419782,0,1,12,workspace_x_lower,workspace_x_lower,2,0,0,inaccurate_solution,,0.0,valid,0.19924678559591158,0.340674297|0.355674297|0.356058626|0.312676038|0.244530064|0.199246786,0.460674297|0.475674297|0.476058626|0.432676038|0.364530064|0.319246786,0.460674297|0.475674297|0.476058626|0.432676038|0.364530064|0.319246786,0.15|0.15|0.15|0.15|0.15|0.15,0|0|-0.00678292129|-0.0127835981|0.0178314498|-0.0483998389,-0.0484039308|0|-0.0528721405|-0.0536169272|-0.0468603201|-0.0617023005,1.31429326|1.42269719|1.36457944|1.18430363|0.949091387|0.686885003,0.442468703|-0.311703563|0.377336264,0.0159300864|0.12321832|-0.000949434645,0.0036196019500494003
30,1.55,-0.21624780626559306,0.18135163187980652,0.1720326840877533,0.3174622356891632,0.174386128783226,0.35,5,0,0,0,0.7631210088729858,1.2720030546188354,4.762363910675049,0.7785741090774536,1.0,0.19412211982905886,0,0,0,0,0.3232163606644369,0.0,filtered,0.10075430962341947,0,1,12,workspace_x_lower,workspace_x_lower,2,0,0,inaccurate_solution,,6.938893903907228e-18,valid,0.19412211982905886,0.338281168|0.353281168|0.353068852|0.309507516|0.243376244|0.19412212,0.458281168|0.473281168|0.473068852|0.429507516|0.363376244|0.31412212,0.458281168|0.473281168|0.473068852|0.429507516|0.363376244|0.31412212,0.15|0.15|0.15|0.15|0.15|0.15,0|0|-0.0122903139|-0.0231309254|0.0138064078|-0.0509174148,-0.0473165011|0|-0.0521389934|-0.0514559849|-0.0433376205|-0.0577847743,1.30580817|1.41312467|1.3478461|1.16344315|0.943973764|0.66778629,0.44326514|-0.305542707|0.377288699,0.0159300864|0.12321832|-0.000949434645,0.003394274041056633
31,1.6,-0.2250836079967921,0.18646953999996185,0.17092420160770416,0.31187281012535095,0.17976361513137817,0.35,5,0,0,0,0.7614065408706665,1.1687054634094238,8.11839485168457,0.780018150806427,1.0,0.1890951840642548,0,0,0,0,0.3232163606644369,0.0,filtered,0.12394074733867481,0,1,12,workspace_x_lower,workspace_x_lower,2,0,0,inaccurate_solution,,0.0,valid,0.1890951840642548,0.335942732|0.350942732|0.34983121|0.305930681|0.242209856|0.189095184,0.455942732|0.470942732|0.46983121|0.425930681|0.362209856|0.309095184,0.455942732|0.470942732|0.46983121|0.425930681|0.362209856|0.309095184,0.15|0.15|0.15|0.15|0.15|0.15,0|0|-0.0178812842|-0.0346515721|0.00723804596|-0.0536966039,-0.0462162031|0|-0.0514610449|-0.0492644944|-0.0396528796|-0.0535746582,1.29755472|1.40377093|1.32998251|1.13980666|0.936424591|0.649109474,0.444061577|-0.299381852|0.377241135,0.0159300864|0.12321832|-0.000949434645,0.00375534500926733
32,1.6500000000000001,-0.23393714884820846,0.19067075848579407,0.17010459303855896,0.3063808083534241,0.18430480360984802,0.35,5,0,0,0,0.7525179386138916,1.217371940612793,7.136273384094238,0.7723775506019592,1.0,0.18416283552207086,0,0,0,0,0.3232163606644369,0.0,filtered,0.13698228123837097,0,1,12,workspace_x_lower,workspace_x_lower,2,0,0,inaccurate_solution,,0.0,valid,0.18416283552207086,0.333659629|0.348659629|0.346337242|0.301891703|0.240910982|0.184162836,0.453659629|0.468659629|0.466337242|0.421891703|0.360910982|0.304162836,0.453659629|0.468659629|0.466337242|0.421891703|0.360910982|0.304162836,0.15|0.15|0.15|0.15|0.15|0.15,0|0|-0.0235710219|-0.0460053225|-0.000130420564|-0.0558310407,-0.0451031393|0|-0.050828168|-0.0470096521|-0.0358065028|-0.0490828374,1.28953538|1.39463851|1.31094978|1.11455184|0.927707007|0.631737464,0.444858015|-0.293220997|0.37719357,0.0159300864|0.12321832|-0.000949434645,0.0035693636164069176
33,1.7000000000000002,-0.24191092052031793,0.19052647054195404,0.16974765062332153,0.3011636435985565,0.18459352850914001,0.35,5,0,0,0,0.7360222935676575,1.3449300527572632,13.360572814941406,0.7515996694564819,1.0,0.17936856845260474,0,0,0,0,0.3232163606644369,0.0,filtered,0.12332741043515599,0,1,12,workspace_x_lower,workspace_x_lower,2,0,0,inaccurate_solution,,1.3877787807814457e-17,valid,0.17936856845260474,0.331432495|0.346432495|0.342579629|0.297405084|0.239449109|0.179368568,0.451432495|0.466432495|0.462579629|0.417405084|0.359449109|0.299368568,0.451432495|0.466432495|0.462579629|0.417405084|0.359449109|0.299368568,0.15|0.15|0.15|0.15|0.15|0.15,0|0|-0.0292870261|-0.0545126804|-0.00496161898|-0.0546590353,-0.043977426|0|-0.050226059|-0.0446789052|-0.0317943681|-0.0443203739,1.28175255|1.38572998|1.29080543|1.09042875|0.921040449|0.618494865,0.445654452|-0.287060142|0.377146006,0.0159300864|0.12321832|-0.000949434645,0.003474349156022072
34,1.75,-0.24855041783082032,0.18805024027824402,0.1698860079050064,0.2963011860847473,0.18264363706111908,0.35,5,0,0,0,0.7114494442939758,1.6948013305664062,12.050777435302734,0.726386547088623,1.0,0.17488701690658115,0,0,0,0,0.3232163606644369,0.0,filtered,0.1243701182272123,0,0,12,,workspace_x_lower,0,0,1,solved,osqp,7.827823879438811e-07,valid,0.17488701690658115,0.329261959|0.344261959|0.338557336|0.292618175|0.237961863|0.174887017,0.449261959|0.464261959|0.458557336|0.412618175|0.357961863|0.294887017,0.449261959|0.464261959|0.458557336|0.412618175|0.357961863|0.294887017,0.15|0.15|0.15|0.15|0.15|0.15,0|0|-0.0350274428|-0.0611701927|-0.00943085124|-0.0520990026,-0.0428391936|0|-0.0496379778|-0.0422711784|-0.0276134177|-0.0393090336,1.27420864|1.37704784|1.26956392|1.06703133|0.914803184|0.608140031,0.446450889|-0.280899286|0.377098441,0.0159300864|0.12321832|-0.000949434645,0.0031479401513934135
35,1.8,-0.2541765734766307,0.1860191375017166,0.17042513191699982,0.2917550504207611,0.18122641742229462,0.35,5,0,0,0,0.6876318454742432,1.9072299003601074,11.45068359375,0.7050157785415649,1.0,0.17079082972925885,0,0,0,0,0.3232163606644369,0.0,filtered,0.139147054493534,0,0,12,,workspace_x_lower,0,0,1,solved,osqp,6.348901269506713e-07,valid,0.17079082972925885,0.327148644|0.342148617|0.334271192|0.287627498|0.236474902|0.17079083,0.447148644|0.462148617|0.454271192|0.407627498|0.356474902|0.29079083,0.447148644|0.462148617|0.454271192|0.407627498|0.356474902|0.29079083,0.15|0.15|0.15|0.15|0.15|0.15,0|0|-0.0411044857|-0.0673675126|-0.015307923|-0.0504993144,-0.0416885873|0|-0.0490444013|-0.0397891022|-0.0232766564|-0.0340995917,1.26690599|1.36859447|1.24693588|1.04335338|0.907315028|0.598564413,0.447247326|-0.274738431|0.377050877,0.0159300864|0.12321832|-0.000949434645,0.002932523377239704
36,1.85,-0.25920758525687504,0.188378244638443,0.17108632624149323,0.2873459458351135,0.18427152931690216,0.35,5,0,0,0,0.6593954563140869,1.9666740894317627,11.264005661010742,0.6746348738670349,1.0,0.16703629212405346,0,0,0,0,0.3232163606644369,0.0,filtered,0.13121389985070056,0,0,12,,workspace_x_lower,0,0,1,solved,osqp,3.900200391824052e-07,valid,0.16703629212405346,0.325093164|0.340093164|0.329706843|0.282460104|0.234925065|0.167036292,0.445093164|0.460093164|0.449706843|0.402460104|0.354925065|0.287036292,0.445093164|0.460093164|0.449706843|0.402460104|0.354925065|0.287036292,0.15|0.15|0.15|0.15|0.15|0.15,0|0|-0.0460665273|-0.0749614094|-0.0250787477|-0.0527102196,-0.0405257663|0|-0.0484257893|-0.0372284105|-0.0187886507|-0.0287293954,1.25984689|1.36037266|1.22433506|1.0176506|0.895832863|0.586705553,0.448043764|-0.268577576|0.377003312,0.0159300864|0.12321832|-0.000949434645,0.0030480921268463135
37,1.9000000000000001,-0.2605664497990873,0.18552637100219727,0.17195123434066772,0.283273845911026,0.18216799199581146,0.35,5,0,0,0,0.6243955492973328,1.8365157842636108,14.125624656677246,0.6336178779602051,1.0,0.1634352817387919,0,0,0,0,0.3232163606644369,0.0,filtered,0.10064192757137148,0,0,12,,workspace_x_lower,0,0,1,solved,osqp,1.7016736652067377e-07,valid,0.1634352817387919,0.323096127|0.338096127|0.324927295|0.277055205|0.233124484|0.163435282,0.443096127|0.458096127|0.444927295|0.397055205|0.353124484|0.283435282,0.443096127|0.458096127|0.444927295|0.397055205|0.353124484|0.283435282,0.15|0.15|0.15|0.15|0.15|0.15,0|0|-0.0486784545|-0.0772921855|-0.0293481497|-0.051070976,-0.0393509054|0|-0.0477557405|-0.0345676859|-0.0141691269|-0.0232580404,1.2530336|1.35238451|1.20327499|0.996360948|0.88898066|0.579412111,0.448840201|-0.26241672|0.376955748,0.0159300864|0.12321832|-0.000949434645,0.0032056989148259163
38,1.9500000000000002,-0.2525039223453337,0.17580220103263855,0.17285899817943573,0.27982333302497864,0.17319147288799286,0.35,5,0,0,0,0.5528082251548767,2.452561378479004,26.137454986572266,0.5556889176368713,1.0,0.16017199376073948,0,0,0,0,0.3232163606644369,0.0,filtered,0.05289952708805944,0,1,12,workspace_x_lower,workspace_x_lower,0,0,1,solved,osqp,3.898404499734498e-08,valid,0.16017199376073948,0.321158128|0.336158121|0.320060346|0.271672641|0.231339805|0.160171994,0.441158128|0.456158121|0.440060346|0.391672641|0.351339805|0.280171994,0.441158128|0.456158121|0.440060346|0.391672641|0.351339805|0.280171994,0.15|0.15|0.15|0.15|0.15|0.15,0|0|-0.0459200962|-0.0692678965|-0.0288363265|-0.0436837768,-0.0381641936|0|-0.0470079252|-0.0318555636|-0.00951505314|-0.017793833,1.24646832|1.34463248|1.18731336|0.985567104|0.887007838|0.579210365,0.449636638|-0.256255865|0.376908183,0.0159300864|0.12321832|-0.000949434645,0.003102554939687252
39,2.0,-0.2323556926980871,0.16681821644306183,0.17303209006786346,0.27705514430999756,0.16479606926441193,0.35,5,0,0,0,0.4320661425590515,5.041441917419434,60.800682067871094,0.43172332644462585,1.0,0.15747300430196848,0,0,0,0,0.3232163606644369,0.0,filtered,0.0006427494202249856,0,0,12,,workspace_x_lower,0,0,1,solved,osqp,0.0,valid,0.15747300430196848,0.319279756|0.334279756|0.315388918|0.266801493|0.229757923|0.157473004,0.439279756|0.454279756|0.435388918|0.386801493|0.349757923|0.277473004,0.439279756|0.454279756|0.435388918|0.386801493|0.349757923|0.277473004,0.15|0.15|0.15|0.15|0.15|0.15,0|0|-0.0350886626|-0.0489205959|-0.0311706238|-0.035263392,-0.0369658359|0|-0.0461486245|-0.0292593627|-0.00513873406|-0.0127283797,1.24015319|1.33711903|1.18031838|0.989026012|0.882722335|0.581900246,0.450433075|-0.25009501|0.376860619,0.0159300864|0.12321832|-0.000949434645,0.00342706311494112
40,2.0500000000000003,-0.23193577863333917,0.21377825736999512,0.17064906656742096,0.27277669310569763,0.21217688918113708,0.35,5,0,0,0,0.4400741755962372,5.300694465637207,27.609676361083984,0.44268903136253357,1.0,0.15527198025282646,0,0,0,0,0.3232163606644369,0.0,filtered,0.08766752799614147,0,0,12,joint_0_acceleration_upper,workspace_x_lower,0,0,1,solved,osqp,0.0,valid,0.15527198025282646,0.317461588|0.332461588|0.311329705|0.262999343|0.228134912|0.15527198,0.437461588|0.452461588|0.431329705|0.382999343|0.348134912|0.27527198,0.437461588|0.452461588|0.431329705|0.382999343|0.348134912|0.27527198,0.15|0.15|0.15|0.15|0.15|0.15,0|0|-0.0272385012|-0.0622259121|-0.0774655968|-0.0705565379,-0.0357560521|0|-0.0451241747|-0.0271179236|-0.00168339267|-0.00891013597,1.2340903|1.32984635|1.17295615|0.962653538|0.83339066|0.541621247,0.451229513|-0.243934155|0.376813054,0.0159300864|0.12321832|-0.000949434645,0.003238455392420292
41,2.1,-0.20762131959882454,0.20655198395252228,0.16747386753559113,0.2690660357475281,0.205154687166214,0.35,5,0,0,0,0.48956725001335144,4.61294412612915,63.679237365722656,0.5004164576530457,1.0,0.15141165334801276,0,0,0,0,0.3232163606644369,0.0,filtered,0.02919728241281302,0,0,12,joint_0_acceleration_upper,workspace_x_lower,0,0,1,solved,osqp,0.0,valid,0.15141165334801276,0.315704188|0.330704188|0.307726953|0.258611328|0.224277902|0.151411653,0.435704188|0.450704188|0.427726953|0.378611328|0.344277902|0.271411653,0.435704188|0.450704188|0.427726953|0.378611328|0.344277902|0.271411653,0.15|0.15|0.15|0.15|0.114611938|0.15,0|0|-0.0126322869|-0.0407068809|-0.0788245946|-0.0649039206,-0.0345350774|0|-0.043954287|-0.0250578845|-4.69637966e-18|-0.00608105265,1.22828168|1.32281675|1.17432124|0.968680546|0.818287015|0.53466164,0.45202595|-0.237773299|0.37676549,0.0159300864|0.12321832|-0.000949434645,0.003237084485590458
42,2.15,-0.20982105137242144,0.22641119360923767,0.16350406408309937,0.26492178440093994,0.2250775396823883,0.35,5,0,0,0,0.5679525136947632,3.740537405014038,38.838069915771484,0.5679524540901184,1.0,0.1479102266397913,0,0,0,0,0.3232163606644369,0.0,filtered,1.4189427246672968e-07,0,0,12,,workspace_x_lower,0,0,1,solved,osqp,0.0,valid,0.1479102266397913,0.314008112|0.329008112|0.304923399|0.255355408|0.220331927|0.147910227,0.434008112|0.449008112|0.424923399|0.375355408|0.340331927|0.267910227,0.434008112|0.449008112|0.424923399|0.375355408|0.340331927|0.267910227,0.15|0.15|0.15|0.15|0.0619351337|0.15,0|0|-0.00821016216|-0.0439327647|-0.0946394391|-0.0773838622,-0.0333031628|0|-0.042659499|-0.023542646|-5.04874857e-20|-0.00465355804,1.22272928|1.31603245|1.16882393|0.95394622|0.78668827|0.509603486,0.452822387|-0.231612444|0.376717925,0.0159300864|0.12321832|-0.000949434645,0.002735232003033161
43,2.2,-0.18237956627067234,0.1791643500328064,0.16072267293930054,0.26300567388534546,0.17766843736171722,0.35,5,0,0,0,0.622331440448761,4.020823001861572,57.13899230957031,0.6223313212394714,1.0,0.14385566949540474,0,0,0,0,0.3232163606644369,0.0,filtered,2.4859508764001704e-07,0,0,12,,workspace_x_lower,0,0,1,solved,osqp,0.0,valid,0.14385566949540474,0.312373897|0.327373897|0.302405025|0.252002256|0.215603839|0.143855669,0.432373897|0.447373897|0.422405025|0.372002256|0.335603839|0.263855669,0.432373897|0.447373897|0.422405025|0.372002256|0.335603839|0.263855669,0.15|0.15|0.15|0.15|0.0272169379|0.15,0|0|0.0137630164|0.00153422567|-0.0545670016|-0.0367989587,-0.0320605743|0|-0.0412585992|-0.0222437435|2.66279611e-18|-0.00402070538,1.21743501|1.30949559|1.18212452|0.987299508|0.807848356|0.534603014,0.453618824|-0.225451589|0.376670361,0.0159300864|0.12321832|-0.000949434645,0.0027137305587530136
44,2.25,-0.26269163433727527,0.33857405185699463,0.15373200178146362,0.25499290227890015,0.33704477548599243,0.35,5,0,0,0,0.7239238619804382,5.179388523101807,158.12850952148438,0.7253026962280273,1.0,0.1418293068649336,0,0,0,0,0.3232163606644369,0.0,filtered,0.0055592709780001495,0,0,12,joint_1_acceleration_upper,workspace_x_lower,0,0,1,solved,osqp,0.0,valid,0.1418293068649336,0.310802073|0.325802073|0.301036836|0.250928786|0.212844275|0.141829307,0.430802073|0.445802073|0.421036836|0.370928786|0.332844275|0.261829307,0.430802073|0.445802073|0.421036836|0.370928786|0.332844275|0.261829307,0.15|0.15|0.15|0.15|0.0279296864|0.15,0|0|-0.0172615481|-0.115916898|-0.188766933|-0.162053469,-0.0308075932|0|-0.0398120683|-0.0216983872|2.44351481e-18|-0.00474113899,1.2124007|1.30320829|1.14707373|0.866099858|0.662610168|0.400522619,0.454415262|-0.219290733|0.376622796,0.0159300864|0.12321832|-0.000949434645,0.0034991921856999397
45,2.3000000000000003,-0.22646608131089283,0.2495192587375641,0.14974261820316315,0.25101765990257263,0.24774222075939178,0.35,5,0,0,0,0.6983135342597961,6.253017902374268,215.4744415283203,0.7094396352767944,1.0,0.1338677389744013,0,0,0,0,0.3232163606644369,0.0,filtered,0.09039838410945325,0,0,12,joint_5_acceleration_lower,workspace_x_lower,0,0,1,solved,osqp,0.0,valid,0.1338677389744013,0.30929315|0.32429315|0.298310038|0.244362794|0.203721242|0.133867739,0.42929315|0.44429315|0.418310038|0.364362794|0.323721242|0.253867739,0.42929315|0.44429315|0.418310038|0.364362794|0.323721242|0.253867739,0.15|0.15|0.15|0.15|0|0.15,0|0|0.0151694138|-0.0345597555|-0.0998695341|-0.0759362445,-0.0295445163|0|-0.0382689819|-0.01991138|0.000268251593|-0.0043307364,1.20762808|1.2971726|1.17014058|0.92298004|0.715283687|0.455203975,0.455211699|-0.213129878|0.376575232,0.0159300864|0.12321832|-0.000949434645,0.003917175345122814
46,2.35,-0.19548619468268286,0.2000429928302765,0.14702929556369781,0.24886547029018402,0.19780585169792175,0.35,5,0,0,0,0.7710651755332947,3.236945867538452,105.21360778808594,0.7710649967193604,1.0,0.12975354915577392,0,0,0,0,0.3232163606644369,0.0,filtered,2.664100592889772e-07,0,0,12,,workspace_x_lower,0,0,1,solved,osqp,0.0,valid,0.12975354915577392,0.307847626|0.322847626|0.29711367|0.241461549|0.198580809|0.129753549,0.427847626|0.442847626|0.41711367|0.361461549|0.318580809|0.249753549,0.427847626|0.442847626|0.41711367|0.361461549|0.318580809|0.249753549,0.15|0.15|0.15|0.15|0|0.15,0|0|0.0371901095|-0.00128737422|-0.0768241065|-0.0465748216,-0.0282716553|0|-0.0367487536|-0.0190999993|0.000199962926|-0.00522400638,1.20311885|1.2913905|1.18889604|0.945458822|0.717699093|0.467215369,0.456008136|-0.206969023|0.376527667,0.0159300864|0.12321832|-0.000949434645,0.0039847539737820625
47,2.4000000000000004,-0.2926167607711353,0.3679249882698059,0.14047113060951233,0.24103613197803497,0.3653498589992523,0.35,5,0,0,0,0.7994861602783203,5.722293376922607,151.1490020751953,0.8013508319854736,1.0,0.12730424529238282,0,0,0,0,0.3232163606644369,0.0,filtered,0.024705644306889485,0,0,12,joint_1_acceleration_upper,workspace_x_lower,0,0,1,solved,osqp,0.0,valid,0.12730424529238282,0.306465981|0.321465981|0.297154449|0.240464931|0.194802082|0.127304245,0.426465981|0.441465981|0.417154449|0.360464931|0.314802082|0.247304245,0.426465981|0.441465981|0.417154449|0.360464931|0.314802082|0.247304245,0.15|0.15|0.15|0.15|0.0221472779|0.15,0|0|0.00394752332|-0.115162047|-0.200941337|-0.160384318,-0.0269893368|0|-0.0352259989|-0.0188468776|5.24006019e-19|-0.00719061428,1.19887459|1.28586393|1.15733932|0.8278508|0.578266989|0.341642049,0.456804574|-0.200808167|0.376480103,0.0159300864|0.12321832|-0.000949434645,0.003698986954987049
48,2.45,-0.24049570637976334,0.23146557807922363,0.1386072188615799,0.23851506412029266,0.22851313650608063,0.35,5,0,0,0,0.7274591326713562,6.447183609008789,237.84263610839844,0.7297009825706482,1.0,0.11935341346727546,0,0,0,0,0.3232163606644369,0.0,filtered,0.008209329027561971,0,0,12,joint_5_acceleration_lower,workspace_x_lower,0,0,1,solved,osqp,0.0,valid,0.11935341346727546,0.305148682|0.320148669|0.295733269|0.234060823|0.185105348|0.119353413,0.425148682|0.440148669|0.415733269|0.354060823|0.305105348|0.239353413,0.425148682|0.440148669|0.415733269|0.354060823|0.305105348|0.239353413,0.15|0.15|0.15|0.15|0.0123088314|0.15,0|0|0.0342759751|-0.0141123049|-0.0808642604|-0.0448519337,-0.0256979024|0|-0.0336410436|-0.0174203337|2.44887089e-18|-0.00793094011,1.19489682|1.28059467|1.18356801|0.904710653|0.659557133|0.42463078,0.457601011|-0.194647312|0.376432538,0.0159300864|0.12321832|-0.000949434645,0.0026122843846678734
49,2.5,-0.3285628301110032,0.38819825649261475,0.1331678181886673,0.230978325009346,0.38499540090560913,0.35,5,0,0,0,0.6749804615974426,5.29759407043457,228.15658569335938,0.6763573288917542,1.0,0.11662751818369038,0,0,0,0,0.3232163606644369,0.0,filtered,0.016518367023298113,0,0,12,joint_1_acceleration_upper,workspace_x_lower,0,0,1,solved,osqp,0.0,valid,0.11662751818369038,0.303896173|0.318896173|0.295726429|0.232307138|0.180912865|0.116627518,0.423896173|0.438896173|0.415726429|0.352307138|0.300912865|0.236627518,0.423896173|0.438896173|0.415726429|0.352307138|0.300912865|0.236627518,0.15|0.15|0.15|0.15|0.0245141578|0.15,0|0|0.00128368079|-0.120158633|-0.189218271|-0.148817052,-0.0243977075|0|-0.032136147|-0.0168340002|2.48241524e-18|-0.00927759383,1.19118698|1.27558469|1.15205325|0.792235917|0.534433191|0.308415427,0.458397448|-0.188486457|0.376384974,0.0159300864|0.12321832|-0.000949434645,0.003762057051062584
50,2.5500000000000003,-0.2587545415074905,0.23744314908981323,0.13218934834003448,0.22893540561199188,0.23412735760211945,0.35,5,0,0,0,0.5445705056190491,6.305395603179932,216.74244689941406,0.527004063129425,1.0,0.10905562047421852,0,0,0,0,0.3232163606644369,0.0,filtered,0.037511128361422764,0,0,12,joint_0_acceleration_lower,workspace_x_lower,0,0,1,solved,osqp,0.0,valid,0.10905562047421852,0.302708885|0.317708885|0.294308602|0.225700699|0.17173179|0.10905562,0.422708885|0.437708885|0.414308602|0.345700699|0.29173179|0.22905562,0.422708885|0.437708885|0.414308602|0.345700699|0.29173179|0.22905562,0.15|0.15|0.15|0.15|0.00473406723|0.15,0|0|0.0279702062|-0.0129194741|-0.060733689|-0.0296279293,-0.0230891221|0|-0.03058044|-0.0152504632|-1.62001561e-18|-0.00943963275,1.18774642|1.27083554|1.17462417|0.874632858|0.626193469|0.39715492,0.459193885|-0.182325602|0.376337409,0.0159300864|0.12321832|-0.000949434645,0.003336157649755478
51,2.6,-0.3487104003045818,0.3927522599697113,0.1277848482131958,0.22231145203113556,0.3894612193107605,0.35,5,0,0,0,0.4641697108745575,5.0805583000183105,209.4368438720703,0.47057414054870605,1.0,0.10697879256138737,0,0,0,0,0.3232163606644369,0.0,filtered,0.0372377242811068,0,0,12,,workspace_x_lower,0,0,1,solved,osqp,0.0,valid,0.10697879256138737,0.301587227|0.316587226|0.294152605|0.224137433|0.168552025|0.106978793,0.421587227|0.436587226|0.414152605|0.344137433|0.288552025|0.226978793,0.421587227|0.436587226|0.414152605|0.344137433|0.288552025|0.226978793,0.15|0.15|0.15|0.15|0|0.15,0|0|-0.00409307353|-0.109196234|-0.155940593|-0.125027768,-0.0217725293|0|-0.0291387014|-0.0143047159|0.000166323377|-0.00964618453,1.18457638|1.26634891|1.14337865|0.773048782|0.518433832|0.293241217,0.459990323|-0.176164746|0.376289845,0.0159300864|0.12321832|-0.000949434645,0.005340533331036568
52,2.6500000000000004,-0.2717899970526668,0.23576505482196808,0.12769511342048645,0.22167693078517914,0.2327445149421692,0.35,5,0,0,0,0.2608777582645416,7.090898513793945,194.19557189941406,0.24147434532642365,1.0,0.10047284020131858,0,0,0,0,0.3232163606644369,0.0,filtered,0.061031493860083934,0,0,12,joint_0_acceleration_lower,workspace_x_lower,0,0,1,solved,osqp,0.0,valid,0.10047284020131858,0.300531589|0.315531582|0.292590576|0.218157938|0.160981485|0.10047284,0.420531589|0.435531582|0.412590576|0.338157938|0.280981485|0.22047284,0.420531589|0.435531582|0.412590576|0.338157938|0.280981485|0.22047284,0.15|0.15|0.15|0.15|0|0.15,0|0|0.0201192946|0.0104274986|-0.0135104078|0.00212547509,-0.0204483259|0|-0.0276359743|-0.0125001903|0.00154893448|-0.00878796984,1.18167803|1.26212633|1.16284562|0.870559061|0.631964465|0.395228866,0.46078676|-0.170003891|0.37624228,0.0159300864|0.12321832|-0.000949434645,0.003102079965174198
53,2.7,-0.3327379230657545,0.3526289463043213,0.12475363165140152,0.21714790165424347,0.35000988841056824,0.35,5,0,0,0,0.26294368505477905,4.391709804534912,199.0167999267578,0.26892614364624023,1.0,0.09999722969861485,0,0,0,0,0.3232163606644369,0.0,filtered,0.0161892840678016,0,0,12,joint_1_acceleration_upper,workspace_x_lower,0,0,1,solved,osqp,0.0,valid,0.09999722969861485,0.299542342|0.314542342|0.292189648|0.217909279|0.160237958|0.0999972297,0.419542342|0.434542342|0.412189648|0.337909279|0.280237958|0.21999723,0.419542342|0.434542342|0.412189648|0.337909279|0.280237958|0.21999723,0.15|0.15|0.15|0.15|0|0.15,0|0|-0.0112386381|-0.0736346357|-0.0975797587|-0.0813408897,-0.0191169214|0|-0.0262494682|-0.0113725354|0.00257427159|-0.0077179808,1.17905245|1.25816937|1.13127048|0.786629946|0.545946345|0.310930048,0.461583197|-0.163843036|0.376194715,0.0159300864|0.12321832|-0.000949434645,0.0038644662126898766
54,2.75,-0.2812611005752099,0.23862136900424957,0.1251446157693863,0.2175913006067276,0.2366410344839096,0.35,5,0,0,0,0.3030935823917389,6.541916847229004,186.4579620361328,0.30309322476387024,1.0,0.09574378307921755,0,0,0,0,0.3232163606644369,0.0,filtered,4.83639939757713e-07,0,0,12,,workspace_x_lower,0,0,1,solved,osqp,0.0,valid,0.09574378307921755,0.298619837|0.313619837|0.290400455|0.213851777|0.155685836|0.0957437831,0.418619837|0.433619837|0.410400455|0.333851777|0.275685836|0.215743783,0.418619837|0.433619837|0.410400455|0.333851777|0.275685836|0.215743783,0.15|0.15|0.15|0.15|0|0.15,0|0|0.00727229368|0.0239384547|0.0223039401|0.0218632913,-0.017778737|0|-0.0247871328|-0.00952448554|0.00447163309|-0.00582670281,1.17670061|1.25447935|1.14408698|0.869821077|0.649518916|0.399011721,0.462379634|-0.15768218|0.376147151,0.0159300864|0.12321832|-0.000949434645,0.0025192294269800186
55,2.8000000000000003,-0.2697422987171386,0.2492281049489975,0.12445805966854095,0.21605055034160614,0.24793004989624023,0.35,5,0,0,0,0.2760867774486542,4.350386142730713,199.53359985351562,0.2760867774486542,1.0,0.0965241702601925,0,0,0,0,0.3232163606644369,0.0,passthrough,6.303651747266591e-10,0,0,12,,workspace_x_lower,0,0,1,solved,osqp,0.0,valid,0.0965241702601925,0.2977644|0.3127644|0.289530207|0.214520728|0.156980811|0.0965241703,0.4177644|0.4327644|0.409530207|0.334520728|0.276980811|0.21652417,0.4177644|0.4327644|0.409530207|0.334520728|0.276980811|0.21652417,0.15|0.15|0.15|0.15|0|0.15,0|0|-0.0155070221|-0.0217186089|-0.0237496064|-0.0213271198,-0.0164342061|0|-0.0234307544|-0.00818357037|0.00616492559|-0.00358003854,1.17462339|1.2510576|1.11918305|0.828180734|0.610338565|0.361189523,0.463176072|-0.151521325|0.376099586,0.0159300864|0.12321832|-0.000949434645,0.0037884963676333427
56,2.85,-0.27746125754807266,0.2472779005765915,0.12438701093196869,0.21508653461933136,0.2465514987707138,0.35,5,0,0,0,0.25646254420280457,2.275911331176758,76.3982162475586,0.25646254420280457,1.0,0.09535893293503772,0,0,0,0,0.3232163606644369,0.0,passthrough,4.87431124993406e-10,0,0,12,,workspace_x_lower,0,0,1,solved,osqp,0.0,valid,0.09535893293503772,0.296976338|0.311976316|0.287619292|0.213078398|0.156168855|0.0953589329,0.416976338|0.431976316|0.407619292|0.333078398|0.276168855|0.215358933,0.416976338|0.431976316|0.407619292|0.333078398|0.276168855|0.215358933,0.15|0.15|0.15|0.15|0|0.15,0|0|-0.0128679538|-0.0126726816|-0.0197679377|-0.0128005753,-0.0150837729|0|-0.021983711|-0.00651366624|0.00824750477|-0.00105715948,1.17282158|1.24790527|1.1156255|0.833127243|0.613154988|0.367577997,0.463972509|-0.14536047|0.376052022,0.0159300864|0.12321832|-0.000949434645,0.003701860085129738
57,2.9000000000000004,-0.2826729364904996,0.25140321254730225,0.12435152381658554,0.2137882560491562,0.2510232627391815,0.35,5,0,0,0,0.31405606865882874,3.1335108280181885,22.249134063720703,0.31405606865882874,1.0,0.09470208827648408,0,0,0,0,0.3232163606644369,0.0,passthrough,4.981870065050186e-10,0,0,12,,workspace_x_lower,0,0,1,solved,osqp,0.0,valid,0.09470208827648408,0.296255935|0.311255927|0.285909981|0.212149602|0.155633349|0.0947020883,0.416255935|0.431255927|0.405909981|0.332149602|0.275633349|0.214702088,0.416255935|0.431255927|0.405909981|0.332149602|0.275633349|0.214702088,0.15|0.15|0.15|0.15|0|0.127209784,0|0|-0.0134109928|-0.0202472989|-0.0370425781|-0.0223999519,-0.0137278917|0|-0.0205087897|-0.0049999036|0.0100702398|-2.94913688e-18,1.17129585|1.24502371|1.10972014|0.823351207|0.595561059|0.356408401,0.464768946|-0.139199615|0.376004457,0.0159300864|0.12321832|-0.000949434645,0.003955335356295109
58,2.95,-0.27394873089208155,0.25808829069137573,0.12351992726325989,0.21214772760868073,0.2579736113548279,0.35,5,0,0,0,0.3176025152206421,1.7743542194366455,61.86454772949219,0.3176025152206421,1.0,0.09358918050885079,0,0,0,0,0.3232163606644369,0.0,passthrough,5.616662653372763e-10,0,0,12,,workspace_x_lower,0,0,1,solved,osqp,0.0,valid,0.09358918050885079,0.295603451|0.310603436|0.284247402|0.210916098|0.154320435|0.0935891805,0.415603451|0.430603436|0.404247402|0.330916098|0.274320435|0.213589181,0.415603451|0.430603436|0.404247402|0.330916098|0.274320435|0.213589181,0.15|0.15|0.15|0.15|0|0.0913686822,0|0|-0.0133098115|-0.0268472053|-0.0466586733|-0.0302304039,-0.012367027|0|-0.0189860412|-0.00353787296|0.0116918961|1.58265314e-18,1.17004678|1.24241374|1.10469375|0.813279315|0.582314963|0.344126318,0.465565383|-0.133038759|0.375956893,0.0159300864|0.12321832|-0.000949434645,0.004046418704092503
59,3.0,-0.2684708467781731,0.26750972867012024,0.1218983456492424,0.2103520780801773,0.26750972867012024,0.35,5,0,0,0,0.26572123169898987,2.076472520828247,40.877525329589844,0.26572123169898987,1.0,0.09208842321304939,0,0,0,0,0.3232163606644369,0.0,passthrough,4.841530832273738e-10,0,0,12,,workspace_x_lower,0,0,1,solved,osqp,0.0,valid,0.09208842321304939,0.295019125|0.310019125|0.282666933|0.209436917|0.152621896|0.0920884232,0.415019125|0.430019125|0.402666933|0.329436917|0.272621896|0.212088423,0.415019125|0.430019125|0.402666933|0.329436917|0.272621896|0.212088423,0.15|0.15|0.15|0.15|0|0.0497501011,0|0|-0.012531976|-0.0310799574|-0.0480582854|-0.0349536444,-0.0110016516|0|-0.0174806704|-0.00184869804|0.0136213188|-1.71493003e-18,1.16907485|1.2400765|1.10065509|0.804819011|0.576050617|0.333400048,0.466361821|-0.126877904|0.375909328,0.0159300864|0.12321832|-0.000949434645,0.003789858892560005
60,3.0500000000000003,-0.25988250821123976,0.2782820165157318,0.1192593201994896,0.20837639272212982,0.2782819867134094,0.35,5,0,0,0,0.23484665155410767,2.5639400482177734,15.54440975189209,0.23484665155410767,1.0,0.09035206564455489,0,0,0,0,0.3232163606644369,0.0,passthrough,4.1304356101816203e-10,0,0,12,,workspace_x_lower,0,0,1,solved,osqp,0.0,valid,0.09035206564455489,0.294503157|0.309503157|0.281201189|0.207846353|0.150971733|0.0903520656,0.414503157|0.429503157|0.401201189|0.327846353|0.270971733|0.210352066,0.414503157|0.429503157|0.401201189|0.327846353|0.270971733|0.210352066,0.15|0.15|0.15|0.147110003|0|0,0|0|-0.0143722645|-0.0376118104|-0.0474398687|-0.0419607073,-0.00963223213|0|-0.0160061348|2.4144935e-18|0.0159422996|7.23566524e-05,1.1683804|1.23801263|1.09442636|0.793773601|0.572389364|0.319519912,0.467158258|-0.120716982|0.375861764,0.0159300864|0.12321832|-0.000949434645,0.0040063802152872086
61,3.1,-0.23749098005265085,0.2695518136024475,0.1159452348947525,0.20667482912540436,0.2695518434047699,0.35,5,0,0,0,0.26149892807006836,2.6572673320770264,14.871183395385742,0.26149892807006836,1.0,0.08837638275236559,0,0,0,0,0.3232163606644369,0.0,passthrough,3.9167231320549254e-10,0,0,12,,workspace_x_lower,0,0,1,solved,osqp,0.0,valid,0.08837638275236559,0.294055747|0.309055735|0.279716031|0.205968509|0.149510152|0.0883763828,0.414055747|0.429055735|0.399716031|0.325968509|0.269510152|0.208376383,0.414055747|0.429055735|0.399716031|0.325968509|0.269510152|0.208376383,0.15|0.15|0.15|0.0763441808|0|0,0|0|-0.0168342989|-0.039379922|-0.0374452537|-0.0408840677,-0.00825926682|0|-0.0145671694|-7.01252769e-18|0.0188420501|0.00327486002,1.16796372|1.23622294|1.08746266|0.784494113|0.579437403|0.315896323,0.467954695|-0.114556037|0.375814199,0.0159300864|0.12321832|-0.000949434645,0.0037373751401901245
62,3.1500000000000004,-0.24767864376648605,0.29946771264076233,0.11167170107364655,0.20437084138393402,0.29946771264076233,0.35,5,0,0,0,0.28449541330337524,1.3906915187835693,52.645660400390625,0.28449541330337524,1.0,0.08667482802042947,0,0,0,0,0.3232163606644369,0.0,passthrough,3.468211367277021e-10,0,0,12,,workspace_x_lower,0,0,1,solved,osqp,0.0,valid,0.08667482802042947,0.293677064|0.308677064|0.27817796|0.20401049|0.148741474|0.086674828,0.413677064|0.428677064|0.39817796|0.32401049|0.268741474|0.206674828,0.413677064|0.428677064|0.39817796|0.32401049|0.268741474|0.206674828,0.15|0.15|0.15|0|0|0,0|0|-0.0259762533|-0.0601413834|-0.0514336488|-0.0579373738,-0.0068832552|0|-0.0131582436|0.000115019271|0.0222632456|0.00724063848,1.167825|1.23470825|1.07357734|0.756015598|0.565795493|0.296002577,0.468751132|-0.108395092|0.375766635,0.0159300864|0.12321832|-0.000949434645,0.004024636931717396
63,3.2,-0.23605131359734127,0.2624477446079254,0.1088557168841362,0.20437805354595184,0.2624477744102478,0.35,5,0,0,0,0.32182738184928894,2.4334137439727783,58.06264114379883,0.32182738184928894,1.0,0.08437084227906566,0,0,0,0,0.3232163606644369,0.0,passthrough,4.290395066744234e-10,0,0,12,,workspace_x_lower,0,0,1,solved,osqp,0.0,valid,0.08437084227906566,0.293367246|0.308367246|0.276252545|0.201155103|0.147490286|0.0843708423,0.413367246|0.428367246|0.396252545|0.321155103|0.267490286|0.204370842,0.413367246|0.428367246|0.396252545|0.321155103|0.267490286|0.204370842,0.15|0.15|0.15|0|0|0,0|0|-0.0187111568|-0.0239382057|-0.00436952568|-0.0163503799,-0.00550469812|0|-0.0117014561|0.00303826485|0.0261315803|0.0117611463,1.16796429|1.23346899|1.07459757|0.783720471|0.611723201|0.332894136,0.46954757|-0.102234147|0.37571907,0.0159300864|0.12321832|-0.000949434645,0.0028808657079935074
64,3.25,-0.23089378389817983,0.26630833745002747,0.1056123822927475,0.2037181705236435,0.2663083076477051,0.35,5,0,0,0,0.29694417119026184,2.5642123222351074,93.46219635009766,0.29694417119026184,1.0,0.08437806286292832,0,0,0,0,0.3232163606644369,0.0,passthrough,3.6478158660918826e-10,0,0,12,,workspace_x_lower,0,0,1,solved,osqp,0.0,valid,0.08437806286292832,0.293126411|0.308126411|0.274763141|0.200239487|0.14876934|0.0843780629,0.413126411|0.428126411|0.394763141|0.320239487|0.26876934|0.204378063,0.413126411|0.428126411|0.394763141|0.320239487|0.26876934|0.204378063,0.15|0.15|0.15|0|0|0,0|0|-0.0285007266|-0.0439016045|-0.0253773913|-0.0343678772,-0.00412410052|0|-0.0102934573|0.00571640447|0.0297842107|0.0163177367,1.16838154|1.23250564|1.06025838|0.762772749|0.599484179|0.319462111,0.470344007|-0.0960732028|0.375671506,0.0159300864|0.12321832|-0.000949434645,0.00389768835157156
65,3.3000000000000003,-0.25587324974779024,0.2619031071662903,0.10404592752456665,0.2046424001455307,0.26190313696861267,0.35,5,0,0,0,0.2731935381889343,2.2698419094085693,59.23504638671875,0.2731935381889343,1.0,0.08371816221573625,0,0,0,0,0.3232163606644369,0.0,passthrough,4.5308625315781687e-10,0,0,12,,workspace_x_lower,0,0,1,solved,osqp,0.0,valid,0.08371816221573625,0.292954645|0.307954645|0.272857729|0.198470354|0.149191493|0.0837181622,0.412954645|0.427954645|0.392857729|0.318470354|0.269191493|0.203718162,0.412954645|0.427954645|0.392857729|0.318470354|0.269191493|0.203718162,0.15|0.15|0.15|0|0|0,0|0|-0.0159088272|-0.0130086011|-0.00464511877|-0.00535961829,-0.00274197133|0|-0.0087799693|0.00853721565|0.0335430264|0.0209466213,1.16907661|1.23181858|1.06674212|0.789410031|0.62566388|0.350459652,0.471140444|-0.0899122581|0.375623941,0.0159300864|0.12321832|-0.000949434645,0.002523493953049183
66,3.35,-0.2568360508854506,0.260208398103714,0.10267576575279236,0.20546869933605194,0.260208398103714,0.35,5,0,0,0,0.2508431673049927,1.4350571632385254,40.13237380981445,0.2508431673049927,1.0,0.08464240689969205,0,0,0,0,0.3232163606644369,0.0,passthrough,5.004791566954797e-10,0,0,12,,workspace_x_lower,0,0,1,solved,osqp,0.0,valid,0.08464240689969205,0.292852014|0.307852014|0.27165996|0.198325332|0.150747705|0.0846424069,0.412852014|0.427852014|0.39165996|0.318325332|0.270747705|0.204642407,0.412852014|0.427852014|0.39165996|0.318325332|0.270747705|0.204642407,0.15|0.15|0.15|0|0|0,0|0|-0.0133623898|-0.0157510669|-0.0125576996|-0.0102415881,-0.00135882258|0|-0.00727848007|0.0107238581|0.0363662523|0.0245109574,1.17004923|1.23140806|1.06599897|0.78827412|0.626799371|0.352838997,0.471936882|-0.0837513134|0.375576377,0.0159300864|0.12321832|-0.000949434645,0.003633664920926094
67,3.4000000000000004,-0.25635285188070955,0.2594205141067505,0.1013457328081131,0.20585478842258453,0.2594205141067505,0.35,5,0,0,0,0.24168018996715546,1.8193836212158203,10.222977638244629,0.24168018996715546,1.0,0.08546869492842918,0,0,0,0,0.3232163606644369,0.0,passthrough,5.54919135520323e-10,0,0,12,,workspace_x_lower,0,0,1,solved,osqp,0.0,valid,0.08546869492842918,0.292818544|0.307818544|0.270666052|0.198138328|0.152023155|0.0854686949,0.412818544|0.427818544|0.390666052|0.318138328|0.272023155|0.205468695,0.412818544|0.427818544|0.390666052|0.318138328|0.272023155|0.205468695,0.149102712|0.149102712|0.15|0|0|0,0|0|-0.010591516|-0.0229009853|-0.027108614|-0.021598346,-1.49858145e-18|0|-0.00574210273|0.0127460692|0.0388520482|0.0276616033,1.17127418|1.23127418|1.06633059|0.782398397|0.619836056|0.347938037,0.472733319|-0.0775903687|0.375528812,0.0159300864|0.12321832|-0.000949434645,0.0025226371362805367
68,3.45,-0.2558038883585053,0.26171398162841797,0.09989006817340851,0.20551343262195587,0.26171398162841797,0.35,5,0,0,0,0.23698236048221588,1.832535743713379,31.849891662597656,0.23698236048221588,1.0,0.08585478206202563,0,0,0,0,0.3232163606644369,0.0,passthrough,4.832269788529715e-10,0,0,12,,workspace_x_lower,0,0,1,solved,osqp,0.0,valid,0.08585478206202563,0.292818436|0.307818436|0.269888934|0.197683776|0.152672722|0.0858547821,0.412818436|0.427818436|0.389888934|0.317683776|0.272672722|0.205854782,0.412818436|0.427818436|0.389888934|0.317683776|0.272672722|0.205854782,0.0991025472|0.0991025472|0.15|0|0|0,0|0|-0.0118966043|-0.0351277958|-0.0469643248|-0.0384569104,3.51009104e-19|0|-0.00416653871|0.0146210318|0.0409916618|0.0303611318,1.17127375|1.23127375|1.06349259|0.770228339|0.604718223|0.33532335,0.473529756|-0.071429424|0.375481248,0.0159300864|0.12321832|-0.000949434645,0.0036675119772553444
69,3.5,-0.25077690474566383,0.26977118849754333,0.09774930030107498,0.20422379672527313,0.2697712182998657,0.35,5,0,0,0,0.25687816739082336,2.072888135910034,28.60445213317871,0.25687816739082336,1.0,0.08551343179332294,0,0,0,0,0.3232163606644369,0.0,passthrough,3.870684304012775e-10,0,0,12,,workspace_x_lower,0,0,1,solved,osqp,0.0,valid,0.08551343179332294,0.292818329|0.307818329|0.269125747|0.196706175|0.152425846|0.0855134318,0.412818329|0.427818329|0.389125747|0.316706175|0.272425846|0.205513432,0.412818329|0.427818329|0.389125747|0.316706175|0.272425846|0.205513432,0.0491023806|0.0491023806|0.15|0|0|0,0|0|-0.0163867784|-0.0529261907|-0.0709499244|-0.0598035387,-6.21933948e-19|0|-0.00253083991|0.016468196|0.0429639323|0.032738987,1.17127332|1.23127332|1.05758537|0.750366704|0.581717394|0.314989175,0.474326193|-0.0652684793|0.375433683,0.0159300864|0.12321832|-0.000949434645,0.002948964945971966
70,3.5500000000000003,-0.26991414765719307,0.3164708912372589,0.0941486656665802,0.20184297859668732,0.3164708912372589,0.35,5,0,0,0,0.31078287959098816,2.2950758934020996,29.69422721862793,0.31078287959098816,1.0,0.08422379198581326,0,0,0,0,0.3232163606644369,0.0,passthrough,4.3176773027057297e-10,0,0,12,,workspace_x_lower,0,0,1,solved,osqp,0.0,valid,0.08422379198581326,0.292818235|0.307818235|0.268218804|0.194934615|0.151083478|0.084223792,0.412818235|0.427818235|0.388218804|0.314934615|0.271083478|0.204223792,0.412818235|0.427818235|0.388218804|0.314934615|0.271083478|0.204223792,0|0|0.15|0|0|0,0|0|-0.0202598826|-0.0748575137|-0.0991337576|-0.0845091256,2.48401157e-05|0|-0.000835607817|0.0185056258|0.0450933937|0.0351352958,1.17129778|1.23127294|1.05177973|0.723386573|0.550293549|0.287521338,0.475122631|-0.0591075607|0.375386119,0.0159300864|0.12321832|-0.000949434645,0.0030906125903129578
71,3.6,-0.23214572723818522,0.2745297849178314,0.09083443880081177,0.2009151130914688,0.2745297849178314,0.35,5,0,0,0,0.29341885447502136,2.775311231613159,58.665855407714844,0.29341885447502136,1.0,0.08184298255894457,0,0,0,0,0.3232163606644369,0.0,passthrough,4.288564315797603e-10,0,0,12,,workspace_x_lower,0,0,1,solved,osqp,0.0,valid,0.08184298255894457,0.292853966|0.307853966|0.267189551|0.19218347|0.148463269|0.0818429826,0.412853966|0.427853966|0.387189551|0.31218347|0.268463269|0.201842983,0.412853966|0.427853966|0.387189551|0.31218347|0.268463269|0.201842983,0|0|0.120394199|0|0|0,0|0|-0.0088657124|-0.0498621388|-0.0735595269|-0.0583677868,0.00140847705|0|5.52837282e-18|0.0209333456|0.0476580245|0.037866326,1.17282434|1.23141586|1.05989249|0.739805085|0.567951572|0.306870469,0.475919068|-0.0529466607|0.375338554,0.0159300864|0.12321832|-0.000949434645,0.0027395831421017647
72,3.6500000000000004,-0.3112943919945896,0.42682093381881714,0.08352385461330414,0.19597502052783966,0.4268209934234619,0.35,5,0,0,0,0.4078359007835388,4.59511137008667,119.803955078125,0.4078359007835388,1.0,0.08091511135653734,0,0,0,0,0.3232163606644369,0.0,passthrough,5.88672608119573e-10,0,0,12,,predictive_link_5,0,0,1,solved,osqp,0.0,valid,0.08091511135653734,0.292958867|0.307958867|0.266744361|0.190807622|0.147257943|0.0809151114,0.412958867|0.427958867|0.386744361|0.310807622|0.267257943|0.200915111,0.412958867|0.427958867|0.386744361|0.310807622|0.267257943|0.200915111,0|0|0.0677032851|0|0|0,0|0|-0.0384146361|-0.138616664|-0.157356851|-0.146421967,0.00279159055|0|-3.19083009e-18|0.0232353244|0.050133288|0.0405117365,1.17462706|1.23183547|1.02856281|0.647849149|0.481808209|0.217750215,0.476715505|-0.0467857607|0.37529099,0.0159300864|0.12321832|-0.000949434645,0.00263950414955616
73,3.7,-0.2099485323372688,0.27993252873420715,0.0787457525730133,0.19618700444698334,0.27993255853652954,0.35,5,0,0,0,0.39218851923942566,6.016687870025635,198.74722290039062,0.39531001448631287,0.9496878992981003,0.07597503194384803,0,0,0,0,0.3232163606644369,0.0,filtered,0.007426676730750308,0,0,12,,workspace_x_lower,0,0,1,solved,osqp,0.0,valid,0.07597503194384803,0.293132901|0.308132901|0.264882957|0.185352566|0.142246272|0.0759750319,0.413132901|0.428132901|0.384882957|0.305352566|0.262246272|0.195975032,0.413132901|0.428132901|0.384882957|0.305352566|0.262246272|0.195975032,0|0|0.00719994885|0|0|0,0|0|-0.0129239896|-0.0456972461|-0.0546572934|-0.0431129775,0.00417366713|0|9.479674e-20|0.0269585472|0.0542484316|0.0448199827,1.17670527|1.2325316|1.04660784|0.722671566|0.568576228|0.305607133,0.477511942|-0.0406248607|0.375243425,0.0159300864|0.12321832|-0.000949434645,0.0024013733491301537
74,3.75,-0.3267708965682412,0.46092134714126587,0.07047249376773834,0.1906602829694748,0.46092134714126587,0.35,5,0,0,0,0.4839530289173126,6.953749179840088,254.16702270507812,0.48395290970802307,0.9523376440174938,0.0761870115213995,0,0,0,0,0.3232163606644369,0.0,filtered,3.3309592005868653e-07,0,0,12,,predictive_link_5,0,0,1,solved,osqp,0.0,valid,0.0761870115213995,0.293376001|0.308375999|0.264224295|0.184475293|0.142353677|0.0761870115,0.413376001|0.428375999|0.384224295|0.304475293|0.262353677|0.196187012,0.413376001|0.428375999|0.384224295|0.304475293|0.262353677|0.196187012,0|0|0|0|0|0,0|0|-0.0421683797|-0.157771821|-0.176602455|-0.166684138,0.00555419495|0|0.00132372221|0.0298889148|0.0576394206|0.0485269762,1.1790582|1.233504|1.01605252|0.610018267|0.450451674|0.186590884,0.47830838|-0.0344639607|0.375195861,0.0159300864|0.12321832|-0.000949434645,0.002630045637488365
75,3.8000000000000003,-0.19975787494077424,0.2974689304828644,0.06440860033035278,0.18987436592578888,0.2974689304828644,0.35,5,0,0,0,0.4782566428184509,5.605435371398926,237.94509887695312,0.4817398190498352,0.8832534665748827,0.07066027732599062,0,0,0,0,0.3232163606644369,0.0,filtered,0.00962680648096155,0,0,12,,predictive_link_5,0,0,1,solved,osqp,0.0,valid,0.07066027732599062,0.293688077|0.308688077|0.262294542|0.17841226|0.136793311|0.0706602773,0.413688077|0.428688077|0.382294542|0.29841226|0.256793311|0.190660277,0.413688077|0.428688077|0.382294542|0.29841226|0.256793311|0.190660277,0|0|0|0|0|0,0|0|-0.0205366581|-0.0745227832|-0.0806676822|-0.0735016172,0.00693266763|0|0.00321884479|0.034111171|0.0621992011|0.0532125451,1.18168498|1.23475231|1.03186035|0.673237427|0.528704763|0.262352037,0.479104817|-0.0283030495|0.375148296,0.0159300864|0.12321832|-0.000949434645,0.002777739427983761
76,3.85,-0.3550650791066248,0.4900057911872864,0.05634703114628792,0.1841415911912918,0.49000582098960876,0.35,5,0,0,0,0.576466977596283,6.178638458251953,226.6337890625,0.5787163376808167,0.873429463031268,0.06987435704250144,0,0,0,0,0.3232163606644369,0.0,filtered,0.028593260427233785,0,0,12,,predictive_link_5,0,0,1,solved,osqp,0.0,valid,0.06987435704250144,0.294069015|0.309069015|0.261454326|0.176560327|0.13611858|0.069874357,0.414069015|0.429069015|0.381454326|0.296560327|0.25611858|0.189874357,0.414069015|0.429069015|0.381454326|0.296560327|0.25611858|0.189874357,0|0|0|0|0|0,0|0|-0.0439129116|-0.169336135|-0.184764683|-0.179242252,0.00830858016|0|0.00485250291|0.0376586617|0.0661604949|0.0573912152,1.18458464|1.23627606|1.0067569|0.574563834|0.425870133|0.157646391,0.479901254|-0.0221421272|0.375100732,0.0159300864|0.12321832|-0.000949434645,0.0029895491898059845
77,3.9000000000000004,19.767672383414354,0.3394322395324707,0.05001828819513321,0.18239323794841766,0.3394322395324707,0.35,5,0,0,1,0.5761234760284424,4.253342151641846,200.6374053955078,0.5761234760284424,0.8017699372673756,0.06414159498139005,0,0,0,0,0.3232163606644369,0.0,filtered,1.3607889275110514e-08,0,0,12,,predictive_link_5,0,0,1,solved,osqp,0.0,valid,0.06414159498139005,0.294518674|0.309518674|0.259586845|0.170276517|0.130571977|0.064141595,0.414518674|0.429518674|0.379586845|0.290276517|0.250571977|0.184141595,0.414518674|0.429518674|0.379586845|0.290276517|0.250571977|0.184141595,0|0|0|0|0|0,0|0|-0.0324052298|-0.106868901|-0.104857742|-0.104346357,0.00968142972|0|0.00682758672|0.0422902125|0.070995424|0.0623422334,1.18775612|1.23807469|1.01276974|0.616527379|0.488425589|0.214562257,0.480697691|-0.0159812048|0.375053167,0.0159300864|0.12321832|-0.000949434645,0.003524347208440304
