episode,seed,seed_manifest,architecture_version,manifest_shard_index,manifest_shard_count,reward,cost,length,success,collision,collision_any,collision_capsule_overlap,collision_pybullet_contact,termination_collision,termination_reason,collision_termination_mode,unavoidable_collision,avoidable_collision,collision_contact_link_indices,collision_contact_link_names,collision_min_contact_distance,non_end_link_collision,final_position_error,completion_time,min_distance,mean_risk,max_risk,safety_violation_count,safety_violation_rate,safety_filter_intervention_rate,mean_safety_filter_intervention_norm,safety_filter_safe_stop_rate,safety_filter_infeasible_rate,safety_filter_projection_failure_rate,safety_filter_recovery_relaxed_rate,safety_filter_fallback_rate,safety_filter_qp_used_rate,safety_filter_qp_timeout_rate,safety_filter_compute_budget_stop_rate,predictive_near_miss_rate,min_predictive_h_m,mean_safety_filter_solve_time_s,max_safety_filter_solve_time_s,mean_safety_filter_command_alignment_previous,safety_filter_command_sign_change_rate,mean_safety_filter_predictive_risk_time_s,mean_safety_filter_jacobian_workspace_time_s,mean_safety_filter_projection_time_s,mean_action_variation,mean_hierarchical_nominal_qdot_norm,mean_residual_qdot_norm,task_space_mean_requested_toward_goal_mps,task_space_mean_executed_toward_goal_mps,task_space_mean_filter_velocity_loss_mps,task_space_positive_error_delta_rate,rms_acceleration,rms_jerk,recovery_triggered,recovery_success,recovery_steps,recovery_duration_s,initially_unsafe,initial_predictive_h_m,nominal_only,hierarchical_final_state,hierarchical_plan_reason,hierarchical_planning_time_s,hierarchical_planning_time_total_s,hierarchical_ik_candidate_count,hierarchical_ik_found,hierarchical_plan_found,hierarchical_direct_path,hierarchical_selected_candidate_index,hierarchical_selected_path_length_rad,hierarchical_selected_path_min_clearance_m,hierarchical_ik_candidate_errors_m,hierarchical_ik_candidate_clearances_m,hierarchical_ik_attempts_used,hierarchical_ik_fallback_used,hierarchical_ik_fallback_attempted,hierarchical_ik_target_shell_attempted,hierarchical_ik_target_shell_candidate_count,hierarchical_ik_goal_region_attempted,hierarchical_ik_goal_region_candidate_count,hierarchical_ik_goal_region_sample_count,hierarchical_ik_obstacle_aware_attempted,hierarchical_ik_obstacle_aware_candidate_count,hierarchical_ik_rejection_counts,hierarchical_ik_min_goal_error_m,hierarchical_ik_goal_reachable_count,hierarchical_ik_obstacle_free_goal_reachable_count,hierarchical_selected_path_predictive_h_m,hierarchical_selected_path_filter_intervention,hierarchical_filter_intervention_ratio,hierarchical_filter_status,hierarchical_servo_stall_steps,hierarchical_servo_stall_replans,hierarchical_plan_count,hierarchical_replan_count,hierarchical_hold_steps,hierarchical_initial_ik_found,hierarchical_initial_plan_found,hierarchical_initial_direct_path,hierarchical_initial_plan_reason,hierarchical_initial_planning_time_s,hierarchical_initial_plan_iterations,hierarchical_initial_ik_candidate_count,hierarchical_final_path_progress,hierarchical_failure_mode,hierarchical_track_rate,hierarchical_avoid_hold_rate,hierarchical_replan_rate,hierarchical_servo_rate,hierarchical_plan_failed_rate
0,9006,configs/experiments/reaching_recovery/manifests/v1_hierarchical_hard_cases.json,hierarchical_s1_static_revised_ik_goal_region_t005_clearance_retain_terminal_hard_cases_v1,0,4,-486.2550033572122,121.2912535816431,240,0,0,0,0,0,0,,any,0,0,,,nan,0,0.08032349497079849,12.0,0.18299633264541626,0.3065964249894023,0.38393518328666687,0,0.0,0.9666666666666667,0.3826959738011084,0.0,0.0,0.0,0.0,0.0,0.9916666666666667,0.0,0.0,0.0,8.335456766941918e-06,0.014380812368472107,0.2321038010995835,0.9753212702460587,0.0,0.0034990398518857544,0.00169089369107193,0.0029680362684302965,0.021483321587788852,0.44990048011144,0.0,nan,0.01616737825886063,0.26103760847742574,1.0,0.642996609210968,16.32196617126465,0,0,0,0.0,0,0.1472218018947355,1,SERVO,direct_path,0.22222481097560376,2.3560243429383263,1,1,1,1,0,0.6443347853720353,0.15189477801322937,0.047893867290118186,0.15189477801322937,288,0,0,0,0,1,87,96,0,0,"{'solver_error': 0, 'short_solution': 0, 'duplicate': 0, 'goal_error': 0, 'joint_limit': 0, 'workspace': 0, 'obstacle_clearance': 204, 'obstacle_contact': 0, 'self_collision': 0}",8.145294752822573e-05,291,291,nan,nan,0.9977785197803529,filtered,186,2,3,2,225,1,1,1,direct_path,1.9284093759488314,0,87,1.0,FILTER_STOP_TIMEOUT,0.06666666666666667,0.0,0.0,0.9333333333333333,0.0
1,9021,configs/experiments/reaching_recovery/manifests/v1_hierarchical_hard_cases.json,hierarchical_s1_static_revised_ik_goal_region_t005_clearance_retain_terminal_hard_cases_v1,1,4,-347.26275412841,56.05291482806206,240,0,0,0,0,0,0,,any,0,0,,,nan,0,0.5071196556091309,12.0,0.20260174572467804,0.14763555408765872,0.3840470314025879,0,0.0,0.058333333333333334,0.061644296233057075,0.0,0.0,0.0,0.0,0.0,0.9583333333333334,0.0,0.0,0.0,0.025347820982359326,0.023404289895067147,0.3184362939791754,0.05303975542386373,0.0,0.0032813191418730034,0.001685413518862333,0.0029837560820548483,0.0149758812195311,0.0,0.0,nan,0.032151076647265193,-0.02942337658192422,1.0,0.5800742506980896,8.015115737915039,1,1,10,0.5,0,0.043630423196683255,1,PLAN_FAILED,ik_not_found,0.30241149896755815,2.8459653238533065,0,0,0,0,-1,nan,nan,,,864,0,0,0,0,1,0,96,0,0,"{'solver_error': 0, 'short_solution': 0, 'duplicate': 0, 'goal_error': 864, 'joint_limit': 0, 'workspace': 0, 'obstacle_clearance': 0, 'obstacle_contact': 0, 'self_collision': 0}",0.14128218530642492,0,0,nan,nan,0.0,passthrough,0,0,12,0,0,0,0,0,ik_not_found,0.4234900790033862,0,0,0.0,IK_NOT_FOUND,0.0,0.0,0.0,0.0,1.0
2,9060,configs/experiments/reaching_recovery/manifests/v1_hierarchical_hard_cases.json,hierarchical_s1_static_revised_ik_goal_region_t005_clearance_retain_terminal_hard_cases_v1,2,4,-57.67929879972021,20.234162002801895,41,1,0,0,0,0,0,,any,0,0,,,nan,0,0.05373014882206917,2.0500000000000003,0.16830618679523468,0.3646633588686222,0.4363366365432739,0,0.0,1.0,1.369016094969788,0.0,0.0,0.0,0.0,0.0,0.0,0.0,0.0,0.0,0.002286413612921409,0.037865228510870624,0.5102268359623849,0.9626830583665429,0.0,0.003548230277374387,0.001661529733299664,0.020468104301338514,0.16779728013476947,0.864955806150669,0.0,nan,0.23992136422481533,-0.0667982819709492,1.0,1.6348532438278198,22.72800064086914,1,0,8,0.4,0,0.2784192015832014,1,SERVO,direct_path,0.27105680492240936,1.0444124238565564,4,1,1,1,1,1.1387396678997248,0.1291089951992035,0.004358034518033086;0.004451751126009923;0.005614538689064883;0.005999977987468941,0.12397988885641098;0.1291089951992035;0.12349464744329453;0.12236493080854416,128,0,0,0,0,0,0,0,0,0,"{'solver_error': 0, 'short_solution': 0, 'duplicate': 0, 'goal_error': 0, 'joint_limit': 0, 'workspace': 8, 'obstacle_clearance': 99, 'obstacle_contact': 10, 'self_collision': 0}",0.0002919411299541134,130,122,nan,nan,1.0,filtered,13,0,2,1,21,1,1,0,rrt_connect,0.7733556189341471,1,9,1.0,SUCCESS,0.5121951219512195,0.17073170731707318,0.0,0.3170731707317073,0.0
3,9065,configs/experiments/reaching_recovery/manifests/v1_hierarchical_hard_cases.json,hierarchical_s1_static_revised_ik_goal_region_t005_clearance_retain_terminal_hard_cases_v1,3,4,-322.76888400101177,34.81306314468384,240,0,0,0,0,0,0,,any,0,0,,,nan,0,0.618325412273407,12.0,0.33401593565940857,0.0989634320139885,0.0989634320139885,0,0.0,0.0,0.0,0.0,0.0,0.0,0.0,0.0,1.0,0.0,0.0,0.0,0.16153966823522514,0.021185060133575462,0.2974878599634394,0.0,0.0,0.002994908053369727,0.0015516297261153036,0.0029476891625866606,0.0,0.0,0.0,nan,0.0,0.0,0.0,0.0,0.0,0,0,0,0.0,0,0.16153966823522514,1,PLAN_FAILED,ik_not_found,0.16386748501099646,2.554523022263311,0,0,0,0,-1,nan,nan,,,864,0,0,0,0,1,0,96,0,0,"{'solver_error': 0, 'short_solution': 0, 'duplicate': 0, 'goal_error': 864, 'joint_limit': 0, 'workspace': 0, 'obstacle_clearance': 0, 'obstacle_contact': 0, 'self_collision': 0}",0.11258904760546498,0,0,nan,nan,0.0,passthrough,0,0,12,0,0,0,0,0,ik_not_found,0.4440461150370538,0,0,0.0,IK_NOT_FOUND,0.0,0.0,0.0,0.0,1.0
4,9095,configs/experiments/reaching_recovery/manifests/v1_hierarchical_hard_cases.json,hierarchical_s1_static_revised_ik_goal_region_t005_clearance_retain_terminal_hard_cases_v1,0,4,-281.29566531287026,33.05561542510986,240,0,0,0,0,0,0,,any,0,0,,,nan,0,0.557287335395813,12.0,0.3445426821708679,0.09190636873245239,0.09190636873245239,0,0.0,0.0,0.0,0.0,0.0,0.0,0.0,0.0,1.0,0.0,0.0,0.0,0.16849042830486716,0.022197631763022703,0.2878198310500011,0.0,0.0,0.003398690462927334,0.0017476280127690794,0.0021274497441481797,0.0,0.0,0.0,nan,0.0,0.0,1.0,0.0,0.0,0,0,0,0.0,0,0.16849042830486716,1,PLAN_FAILED,ik_not_found,0.1688459620345384,2.7188436820870265,0,0,0,0,-1,nan,nan,,,864,0,0,0,0,1,0,96,0,0,"{'solver_error': 0, 'short_solution': 0, 'duplicate': 0, 'goal_error': 864, 'joint_limit': 0, 'workspace': 0, 'obstacle_clearance': 0, 'obstacle_contact': 0, 'self_collision': 0}",0.10821276613166468,0,0,nan,nan,0.0,passthrough,0,0,12,0,0,0,0,0,ik_not_found,0.4414636139990762,0,0,0.0,IK_NOT_FOUND,0.0,0.0,0.0,0.0,1.0
5,9098,configs/experiments/reaching_recovery/manifests/v1_hierarchical_hard_cases.json,hierarchical_s1_static_revised_ik_goal_region_t005_clearance_retain_terminal_hard_cases_v1,1,4,-203.7987430085991,17.7226585149765,240,0,0,0,0,0,0,,any,0,0,,,nan,0,0.5262051820755005,12.0,0.43318796157836914,0.05170707777142525,0.05170707777142525,0,0.0,0.0,0.0,0.0,0.0,0.0,0.0,0.0,1.0,0.0,0.0,0.0,0.2566351642715701,0.020848828971308346,0.28494325396604836,0.0,0.0,0.0030751210875071895,0.001583663499817097,0.0019255745525394257,0.0,0.0,0.0,nan,0.0,0.0,1.0,0.0,0.0,0,0,0,0.0,0,0.2566351642715701,1,PLAN_FAILED,ik_not_found,0.27061539702117443,2.7120770640904084,0,0,0,0,-1,nan,nan,,,864,0,0,0,0,1,0,96,0,0,"{'solver_error': 0, 'short_solution': 0, 'duplicate': 0, 'goal_error': 864, 'joint_limit': 0, 'workspace': 0, 'obstacle_clearance': 0, 'obstacle_contact': 0, 'self_collision': 0}",0.07035259119473661,0,0,nan,nan,0.0,passthrough,0,0,12,0,0,0,0,0,ik_not_found,0.4789067900273949,0,0,0.0,IK_NOT_FOUND,0.0,0.0,0.0,0.0,1.0
6,9102,configs/experiments/reaching_recovery/manifests/v1_hierarchical_hard_cases.json,hierarchical_s1_static_revised_ik_goal_region_t005_clearance_retain_terminal_hard_cases_v1,2,4,-375.1683816331788,15.058351688086987,240,0,0,0,0,0,0,,any,0,0,,,nan,0,0.810051679611206,12.0,0.4552517235279083,0.04527924093417823,0.04553133621811867,0,0.0,0.6208333333333333,0.0014132586270447908,0.0,0.0,0.0,0.0,0.0,1.0,0.0,0.0,0.0,0.28049618741071725,0.022775699543126394,0.38272700493689626,0.14900697105351432,0.0,0.0029302739843842574,0.0015001018012602192,0.0019709120203818503,0.0005686250081421319,0.0,0.0,nan,0.0005425430790472822,-0.0005425430790472822,0.975,0.03791932761669159,1.1252813339233398,0,0,0,0.0,0,0.28049618741071725,1,PLAN_FAILED,ik_not_found,0.22305489308200777,3.371162887196988,0,0,0,0,-1,nan,nan,,,864,0,0,0,0,1,0,96,0,0,"{'solver_error': 0, 'short_solution': 0, 'duplicate': 0, 'goal_error': 1, 'joint_limit': 0, 'workspace': 0, 'obstacle_clearance': 808, 'obstacle_contact': 55, 'self_collision': 0}",0.017168571536497486,863,863,nan,nan,0.0,passthrough,0,0,12,0,0,0,0,0,ik_not_found,0.5698034469969571,0,0,0.0,IK_NOT_FOUND,0.0,0.0,0.0,0.0,1.0
7,9108,configs/experiments/reaching_recovery/manifests/v1_hierarchical_hard_cases.json,hierarchical_s1_static_revised_ik_goal_region_t005_clearance_retain_terminal_hard_cases_v1,3,4,-283.797837378758,13.042271733283997,240,0,0,0,0,0,0,,any,0,0,,,nan,0,0.6946653127670288,12.0,0.48032665252685547,0.0397619865834713,0.0397619865834713,0,0.0,0.0,0.0,0.0,0.0,0.0,0.0,0.0,1.0,0.0,0.0,0.0,0.30488075274866516,0.02049050757777877,0.2751443280139938,0.0,0.0,0.00306222260260256,0.0015886490786215291,0.002112481103298099,0.0,0.0,0.0,nan,0.0,0.0,1.0,0.0,0.0,0,0,0,0.0,0,0.30488075274866516,1,PLAN_FAILED,ik_not_found,0.16524757898878306,2.4781967820599675,0,0,0,0,-1,nan,nan,,,864,0,0,0,0,1,0,96,0,0,"{'solver_error': 0, 'short_solution': 0, 'duplicate': 0, 'goal_error': 0, 'joint_limit': 0, 'workspace': 0, 'obstacle_clearance': 2, 'obstacle_contact': 874, 'self_collision': 0}",0.0005329481803646009,876,876,nan,nan,0.0,passthrough,0,0,12,0,0,0,0,0,ik_not_found,0.3980035299900919,0,0,0.0,IK_NOT_FOUND,0.0,0.0,0.0,0.0,1.0
8,9110,configs/experiments/reaching_recovery/manifests/v1_hierarchical_hard_cases.json,hierarchical_s1_static_revised_ik_goal_region_t005_clearance_retain_terminal_hard_cases_v1,0,4,-219.7554873833547,12.249937355518341,240,0,0,0,0,0,0,,any,0,0,,,nan,0,0.5964403748512268,12.0,0.48904097080230713,0.038023050874471664,0.038023050874471664,0,0.0,0.0,0.0,0.0,0.0,0.0,0.0,0.0,1.0,0.0,0.0,0.0,0.31538024944972776,0.021128498861799017,0.27861680602654815,0.0,0.0,0.0030880439716080826,0.00159237819655876,0.001984960411694677,0.0,0.0,0.0,nan,0.0,0.0,1.0,0.0,0.0,0,0,0,0.0,0,0.31538024944972776,1,PLAN_FAILED,ik_not_found,0.18923057592473924,2.766994951176457,0,0,0,0,-1,nan,nan,,,864,0,0,0,0,1,0,96,0,0,"{'solver_error': 0, 'short_solution': 0, 'duplicate': 0, 'goal_error': 0, 'joint_limit': 0, 'workspace': 0, 'obstacle_clearance': 698, 'obstacle_contact': 178, 'self_collision': 0}",0.00010473517295679897,876,876,nan,nan,0.0,passthrough,0,0,12,0,0,0,0,0,ik_not_found,0.5195774979656562,0,0,0.0,IK_NOT_FOUND,0.0,0.0,0.0,0.0,1.0
9,9120,configs/experiments/reaching_recovery/manifests/v1_hierarchical_hard_cases.json,hierarchical_s1_static_revised_ik_goal_region_t005_clearance_retain_terminal_hard_cases_v1,1,4,-153.7016033388045,10.157325267791748,240,0,0,0,0,0,0,,any,0,0,,,nan,0,0.4853527545928955,12.0,0.525179922580719,0.03201954811811447,0.03201954811811447,0,0.0,0.0,0.0,0.0,0.0,0.0,0.0,0.0,1.0,0.0,0.0,0.0,0.3485488237623142,0.022724324971689688,0.2981498659355566,0.0,0.0,0.0032550672205009807,0.0016303119700751267,0.002006852040843417,0.0,0.0,0.0,nan,0.0,0.0,0.0,0.0,0.0,0,0,0,0.0,0,0.3485488237623142,1,PLAN_FAILED,ik_not_found,0.2580303839640692,2.906884385156445,0,0,0,0,-1,nan,nan,,,864,0,0,0,0,1,0,96,0,0,"{'solver_error': 0, 'short_solution': 0, 'duplicate': 0, 'goal_error': 864, 'joint_limit': 0, 'workspace': 0, 'obstacle_clearance': 0, 'obstacle_contact': 0, 'self_collision': 0}",0.07496773960829796,0,0,nan,nan,0.0,passthrough,0,0,12,0,0,0,0,0,ik_not_found,0.3893538460833952,0,0,0.0,IK_NOT_FOUND,0.0,0.0,0.0,0.0,1.0
10,9137,configs/experiments/reaching_recovery/manifests/v1_hierarchical_hard_cases.json,hierarchical_s1_static_revised_ik_goal_region_t005_clearance_retain_terminal_hard_cases_v1,2,4,-15.879869127503298,10.109094277024269,22,1,0,0,0,0,0,,any,0,0,,,nan,0,0.05127399042248726,1.1,0.20134511590003967,0.3229756138541482,0.4889218807220459,0,0.0,1.0,1.2155928510209766,0.0,0.0,0.0,0.0,0.0,0.0,0.0,0.0,0.0,0.022526702121530767,0.016269882310139525,0.02096336497925222,0.9393967850641771,0.0,0.003001679131888192,0.0014891600056382065,0.006964566969228062,0.1834599252112887,0.7001050453294407,0.0,nan,0.5309230275968674,-0.2873556216964219,1.0,1.8158378601074219,30.92597007751465,1,0,5,0.25,0,0.19009202466000713,1,SERVO,direct_path,1.460128645063378,1.460128645063378,65,1,1,1,47,1.2787416653407218,0.30129510164260864,0.0004292451037098296;0.00043254756022567366;0.0018802252626864185;0.0009118364659855638;0.005644176362715781;0.006733043513546541;0.0033909176068379157;0.003352231874129104;0.0062675612284647155;0.002089141918075073;0.0014647683404132145;0.002617626380178426;0.004708824515515288;0.003931780404203741;0.005348618865853795;0.004569897439685232;0.00864704887456202;0.0017139218689204991;0.005663386707214961;0.005915345436441248;0.005310791541874314;0.004723064256770331;0.006142188225718142;0.004565660847225848;0.003705551129726749;0.002960398649060976;0.0031813771492304925;0.007050396005346125;0.011035644776053944;0.009053734623987704;0.006218795967977683;0.005662838101445577;0.012118943096915219;0.007171944100501962;0.004951043333819597;0.008941077923992525;0.007858410942599307;0.009638923539257013;0.0018975725387080239;0.0040841357889401676;0.004959873762885902;0.006732136832065164;0.007760845487364417;0.002640242840574853;0.007603245452676072;0.006270583098727976;0.008894310414124714;0.007417901346452332;0.006109850834937734;0.013028412741503627;0.003559762896143565;0.004836001529731376;0.010573473622394395;0.005317814554782311;0.005822108146391179;0.0021905870733113196;0.01034947194415572;0.004550831598254788;0.008012121517706644;0.002667342385053628;0.007326073678165529;0.00835979666314403;0.00207693633504872;0.00507316429453738;0.005542306437411817,0.29393768310546875;0.2939332127571106;0.29332712292671204;0.2936215400695801;0.2995538115501404;0.28748753666877747;0.2969701290130615;0.29423943161964417;0.2948688864707947;0.29617220163345337;0.2953389286994934;0.2925315201282501;0.29168182611465454;0.29307374358177185;0.2949150502681732;0.29785335063934326;0.2822656035423279;0.2935015559196472;0.29451122879981995;0.2971790134906769;0.29547184705734253;0.29660797119140625;0.2888326346874237;0.2966372072696686;0.29699257016181946;0.2943277060985565;0.2973242998123169;0.30091533064842224;0.2935580015182495;0.2890366017818451;0.2891230285167694;0.29917171597480774;0.28878992795944214;0.2881268560886383;0.28986579179763794;0.28741946816444397;0.287067174911499;0.291545569896698;0.28442490100860596;0.2924089729785919;0.2897518575191498;0.29288816452026367;0.2886304557323456;0.2958950698375702;0.29432550072669983;0.2906344532966614;0.29619118571281433;0.30129510164260864;0.2972153127193451;0.2868756651878357;0.2931884825229645;0.29424044489860535;0.29344668984413147;0.290452778339386;0.29996949434280396;0.2958708107471466;0.28636807203292847;0.2918303608894348;0.28652843832969666;0.292540043592453;0.29012489318847656;0.28966987133026123;0.294059157371521;0.2973957657814026;0.2945680320262909,64,0,0,0,0,0,0,0,0,0,"{'solver_error': 0, 'short_solution': 0, 'duplicate': 0, 'goal_error': 0, 'joint_limit': 0, 'workspace': 0, 'obstacle_clearance': 0, 'obstacle_contact': 0, 'self_collision': 0}",0.0004292451037098296,65,65,nan,nan,1.0,filtered,7,0,1,0,7,1,1,1,direct_path,1.460128645063378,0,65,1.0,SUCCESS,0.45454545454545453,0.22727272727272727,0.0,0.3181818181818182,0.0
11,9138,configs/experiments/reaching_recovery/manifests/v1_hierarchical_hard_cases.json,hierarchical_s1_static_revised_ik_goal_region_t005_clearance_retain_terminal_hard_cases_v1,3,4,11.153528691370358,3.0708080418407917,41,1,0,0,0,0,0,,any,0,0,,,nan,0,0.05235937237739563,2.0500000000000003,0.46396729350090027,0.057647242006368754,0.17911668121814728,0,0.0,1.0,1.178043701518727,0.0,0.0,0.0,0.0,0.0,0.0,0.0,0.0,0.0,0.2603202408978281,0.04723325134368568,1.3474205110687762,0.9549151848002178,0.0,0.002814858356808744,0.001331907021245215,0.0067630009101022305,0.2643615563468235,1.1426514852337721,0.0,nan,0.21578839883057807,-0.016568619277927184,0.8780487804878049,2.274644374847412,31.93844223022461,0,0,0,0.0,0,0.2823653800664721,1,SERVO,direct_path,1.330975366057828,3.6503276290604845,64,1,1,1,0,0.639807677516145,0.4706265926361084,0.03376831186113719;0.033022120065840745;0.038214984581591956;0.035813167911392614;0.025743746196227824;0.027534494780822986;0.03469634782924355;0.042902672079163304;0.026331386910073154;0.024857641645619606;0.027209221528310082;0.0413507933431737;0.037163984480105466;0.03387278007528901;0.02994213411860348;0.025948985068074474;0.028110441743067358;0.04496978624765557;0.024233306140472817;0.030066486157858414;0.03041364575917416;0.042370651402860504;0.040080801917155115;0.037462441229259714;0.0317610290716964;0.027111961940825498;0.039279092982259754;0.034218436226028416;0.024155822746959762;0.03156684618048405;0.04302496537250367;0.029840236023220508;0.025938134567735277;0.028398259693119175;0.023095798078027568;0.03059850833599119;0.049383475323939455;0.037187024002624344;0.028540606571296742;0.028004101242687218;0.0315251426771612;0.02828423950612367;0.028244591697680906;0.031963777899053095;0.049232387381892916;0.030772547860854964;0.03860557920819783;0.039030829312091925;0.033109531977684035;0.03970775313450533;0.04313139712240911;0.039154768969462114;0.047327741898887686;0.047921276353439214;0.03015074441011656;0.03482259017797106;0.04693629838910867;0.037045514489071625;0.04541273740714001;0.04098936567439332;0.04554677716658698;0.039373979316659584;0.041137870011854795;0.034336778790044126,0.4893248677253723;0.4905502200126648;0.48649412393569946;0.48786211013793945;0.5152391791343689;0.4982057809829712;0.4901040196418762;0.4860197901725769;0.5197145938873291;0.5125972628593445;0.516271710395813;0.48871761560440063;0.4863619804382324;0.48895180225372314;0.52189040184021;0.5055870413780212;0.510077178478241;0.48303717374801636;0.521506130695343;0.494128942489624;0.5279060006141663;0.4859757423400879;0.5107311606407166;0.4905186891555786;0.5130020380020142;0.5089752674102783;0.48821955919265747;0.51103276014328;0.5142355561256409;0.5072575211524963;0.49043190479278564;0.5009781122207642;0.504206120967865;0.5129989981651306;0.5114015340805054;0.5103334188461304;0.4935413599014282;0.49640607833862305;0.5019195079803467;0.5195913910865784;0.49175721406936646;0.5115641355514526;0.5148451328277588;0.4948089122772217;0.48471933603286743;0.5012531280517578;0.500482439994812;0.4908348321914673;0.5346583127975464;0.48603761196136475;0.4814826250076294;0.4848319888114929;0.49000245332717896;0.48853087425231934;0.5100785493850708;0.48967570066452026;0.5035860538482666;0.4935855269432068;0.48819851875305176;0.48589807748794556;0.48916923999786377;0.48581504821777344;0.4865095615386963;0.49129265546798706,128,0,0,0,0,0,0,0,0,0,"{'solver_error': 0, 'short_solution': 0, 'duplicate': 0, 'goal_error': 0, 'joint_limit': 0, 'workspace': 0, 'obstacle_clearance': 0, 'obstacle_contact': 0, 'self_collision': 0}",0.023095798078027568,128,128,nan,nan,1.0,filtered,6,1,2,1,0,1,1,1,direct_path,2.3193522630026564,0,64,1.0,SUCCESS,0.3902439024390244,0.0,0.0,0.6097560975609756,0.0
12,9142,configs/experiments/reaching_recovery/manifests/v1_hierarchical_hard_cases.json,hierarchical_s1_static_revised_ik_goal_region_t005_clearance_retain_terminal_hard_cases_v1,0,4,-317.8344557731001,17.810275554656982,240,0,0,0,0,0,0,,any,0,0,,,nan,0,0.7167539000511169,12.0,0.4322229027748108,0.05200399085879326,0.05200399085879326,0,0.0,0.0,0.0,0.0,0.0,0.0,0.0,0.0,1.0,0.0,0.0,0.0,0.2558937702300218,0.020819766143783152,0.3004204679746181,0.0,0.0,0.0029918605296794945,0.0015239872353655906,0.001903913119652619,0.0,0.0,0.0,nan,0.0,0.0,0.0,0.0,0.0,0,0,0,0.0,0,0.2558937702300218,1,PLAN_FAILED,ik_not_found,0.18108808202669024,2.7354582883417606,0,0,0,0,-1,nan,nan,,,864,0,0,0,0,1,0,96,0,0,"{'solver_error': 0, 'short_solution': 0, 'duplicate': 0, 'goal_error': 864, 'joint_limit': 0, 'workspace': 0, 'obstacle_clearance': 0, 'obstacle_contact': 0, 'self_collision': 0}",0.12934524946796375,0,0,nan,nan,0.0,passthrough,0,0,12,0,0,0,0,0,ik_not_found,0.4570892920019105,0,0,0.0,IK_NOT_FOUND,0.0,0.0,0.0,0.0,1.0
13,9175,configs/experiments/reaching_recovery/manifests/v1_hierarchical_hard_cases.json,hierarchical_s1_static_revised_ik_goal_region_t005_clearance_retain_terminal_hard_cases_v1,1,4,-66.11802354925567,22.432245820760727,41,1,0,0,0,0,0,,any,0,0,,,nan,0,0.05473339185118675,2.0500000000000003,0.17081253230571747,0.38036570352752036,0.48563531041145325,0,0.0,1.0,1.2162154811718606,0.0,0.0,0.0,0.0,0.0,0.0,0.0,0.0,0.0,0.0001891760578166951,0.03321441523901119,0.6829022280871868,0.9570628608145365,0.0,0.00315850180085385,0.001551187458084669,0.007748111335719686,0.22195110633605863,0.7237389363893648,0.0,nan,0.19160772494375616,0.060639892410941656,0.926829268292683,1.9629205465316772,26.118959426879883,1,0,5,0.25,0,0.135592448617967,1,SERVO,direct_path,0.66301396896597,0.8908376500476152,21,1,1,1,18,1.1310398869236027,0.1543256640434265,0.0035090927547159383;0.006724818960756855;0.004465911776584772;0.00595279410609092;0.006210230415061166;0.0037376777319121026;0.00371180088022878;0.0044080878809825514;0.003198868545287577;0.0031078744509967877;0.005731032589266884;0.006645009455916277;0.0016841958930709684;0.006548835212184447;0.0027574894688210923;0.008205886148324213;0.0018175716969054114;0.016670181895561048;0.0059084569964258735;0.004197916330889988;0.004930256261475229,0.15370970964431763;0.12741950154304504;0.13023127615451813;0.12775975465774536;0.14987611770629883;0.12588126957416534;0.1379328817129135;0.12064757198095322;0.15293172001838684;0.15341651439666748;0.12154074758291245;0.15393614768981934;0.15277507901191711;0.1498631238937378;0.1523520052433014;0.15136772394180298;0.1255165934562683;0.12061100453138351;0.1543256640434265;0.1334252506494522;0.15099108219146729,128,0,0,0,0,0,0,0,0,0,"{'solver_error': 0, 'short_solution': 0, 'duplicate': 0, 'goal_error': 0, 'joint_limit': 0, 'workspace': 0, 'obstacle_clearance': 107, 'obstacle_contact': 0, 'self_collision': 0}",0.00018278744179696437,130,130,nan,nan,1.0,filtered,10,1,2,1,34,1,1,1,direct_path,0.2278236810816452,0,2,1.0,SUCCESS,0.1951219512195122,0.0975609756097561,0.0,0.7073170731707317,0.0
14,9192,configs/experiments/reaching_recovery/manifests/v1_hierarchical_hard_cases.json,hierarchical_s1_static_revised_ik_goal_region_t005_clearance_retain_terminal_hard_cases_v1,2,4,-305.2081919287097,18.127448558807373,240,0,0,0,0,0,0,,any,0,0,,,nan,0,0.6962674260139465,12.0,0.42750370502471924,0.05349079146981239,0.05349079146981239,0,0.0,0.0,0.0,0.0,0.0,0.0,0.0,0.0,1.0,0.0,0.0,0.0,0.25324766129001386,0.021602085656195414,0.314657042035833,0.0,0.0,0.003018579377870386,0.0015425853329361417,0.0018864917219616473,0.0,0.0,0.0,nan,0.0,0.0,0.0,0.0,0.0,0,0,0,0.0,0,0.25324766129001386,1,PLAN_FAILED,ik_not_found,0.19947329501155764,2.9476176170865074,0,0,0,0,-1,nan,nan,,,864,0,0,0,0,1,0,96,0,0,"{'solver_error': 0, 'short_solution': 0, 'duplicate': 0, 'goal_error': 0, 'joint_limit': 0, 'workspace': 0, 'obstacle_clearance': 827, 'obstacle_contact': 49, 'self_collision': 0}",0.00044816199497177715,876,876,nan,nan,0.0,passthrough,0,0,12,0,0,0,0,0,ik_not_found,0.4920145560754463,0,0,0.0,IK_NOT_FOUND,0.0,0.0,0.0,0.0,1.0
15,9027,configs/experiments/reaching_recovery/manifests/v1_hierarchical_hard_cases.json,hierarchical_s1_static_revised_ik_goal_region_t005_clearance_retain_terminal_hard_cases_v1,3,4,-80.51951889005598,26.035326778888702,50,1,0,0,0,0,0,,any,0,0,,,nan,0,0.05494837462902069,2.5,0.18680500984191895,0.3269606082141399,0.42505326867103577,0,0.0,1.0,1.0370557737246417,0.0,0.0,0.0,0.0,0.0,0.0,0.0,0.0,0.04,-0.00011528311961296611,0.036066379519179466,1.017655730014667,0.9571624600887298,0.0,0.002961767250671983,0.0014324174635112286,0.007573942421004176,0.21758049860596657,0.5074711745977402,0.0,nan,0.15409761148794585,0.029913726902626885,0.84,1.9625555276870728,35.726383209228516,1,0,4,0.2,0,0.20013563998893585,1,SERVO,direct_path,0.999899560934864,1.5753028918989003,44,1,1,1,43,0.1318183674498178,0.13806048035621643,0.00025319214370206306;0.0013951008621565738;0.001476119254662827;0.0009706640013830602;0.0025991123504944696;0.0010732096045981095;0.006212741299812131;0.004003468865143559;0.005874992083481646;0.003138997151830584;0.002124587823121205;0.007732730077123395;0.004423606341654987;0.0017420604063256096;0.003792746918913101;0.004352012185985938;0.0030735172073397847;0.004024311041575819;0.002349894108314384;0.007860129322190254;0.009269215528406935;0.00450516390725337;0.003301010127290071;0.004385300892954629;0.0029052733801727907;0.0041921266542406365;0.0051354165491525145;0.006774450756353661;0.0036813408697200178;0.004716182680927897;0.0023033811422023074;0.0056595569834601124;0.002340010374791499;0.004960448059133544;0.0030151169839848038;0.001412177428952068;0.005258627351411272;0.001973816859283818;0.002059695011299807;0.00339235044883148;0.005401919375082988;0.008118918055903226;0.008183923104977883;0.0064912586590644495,0.13205665349960327;0.13170118629932404;0.13257233798503876;0.13234564661979675;0.12739816308021545;0.13111543655395508;0.13466708362102509;0.1329183429479599;0.12885040044784546;0.13193120062351227;0.1337432861328125;0.12539701163768768;0.13121217489242554;0.13093389570713043;0.1291942596435547;0.12958690524101257;0.13022875785827637;0.13292239606380463;0.13083110749721527;0.1346747875213623;0.12960273027420044;0.1323724091053009;0.1330568939447403;0.13229820132255554;0.12038024514913559;0.13226890563964844;0.13455702364444733;0.13118834793567657;0.13207276165485382;0.13173726201057434;0.1319190114736557;0.13486619293689728;0.12982165813446045;0.12517328560352325;0.1339937001466751;0.12922795116901398;0.13337503373622894;0.13342322409152985;0.13221512734889984;0.13201625645160675;0.1333305686712265;0.12966100871562958;0.13029785454273224;0.13806048035621643,128,0,0,0,0,0,0,0,0,0,"{'solver_error': 0, 'short_solution': 0, 'duplicate': 0, 'goal_error': 0, 'joint_limit': 0, 'workspace': 16, 'obstacle_clearance': 47, 'obstacle_contact': 0, 'self_collision': 0}",0.00025319214370206306,130,114,nan,nan,1.0,filtered,17,1,2,1,40,1,1,1,direct_path,0.5754033309640363,0,23,1.0,SUCCESS,0.22,0.06,0.0,0.72,0.0
16,9033,configs/experiments/reaching_recovery/manifests/v1_hierarchical_hard_cases.json,hierarchical_s1_static_revised_ik_goal_region_t005_clearance_retain_terminal_hard_cases_v1,0,4,-67.92184697204505,22.7605077624321,39,1,0,0,0,0,0,,any,0,0,,,nan,0,0.054077353328466415,1.9500000000000002,0.18030376732349396,0.38729679851959914,0.5007443428039551,0,0.0,1.0,1.0667824426092063,0.0,0.0,0.0,0.0,0.0,0.0,0.0,0.0,0.28205128205128205,-0.0026094349952888868,0.043584594738860734,1.1075298759387806,0.9308137511595701,0.0,0.00301658849303539,0.0014779954903926223,0.007090174739296811,0.30069991716971767,0.6566924915099756,0.0,nan,0.19849928442194267,0.08866897979168933,0.6153846153846154,2.5078282356262207,32.53949737548828,1,0,1,0.05,0,0.1397384420951846,1,SERVO,direct_path,1.0914200260303915,1.9357837000861764,53,1,1,1,52,0.16230402950111741,0.13813111186027527,0.00020973246908076112;0.0005210933495767169;0.001731909104157309;0.0009890593989509847;0.003571491173537848;0.0022887848014423477;0.003141993833071101;0.0030745838345943408;0.004533945787064496;0.0059110740627383454;0.007608729268072174;0.0035436376768168422;0.0018354597611274536;0.0034873464571422525;0.010272429953955425;0.002893882826947957;0.004322962121670261;0.004114587456161048;0.006875048112078226;0.006784133406448356;0.00442715774722961;0.003606941086833822;0.0046786041231941765;0.0015042067776161268;0.0011518951446975764;0.0017950776923210021;0.004818191391907722;0.006493144486221286;0.006338208774302866;0.009481977242860625;0.004208662217663347;0.003354990161732727;0.00509101910771399;0.0028555517561989897;0.006309349042006203;0.006510951250562687;0.003654162726196588;0.004149916983637115;0.003741959004697345;0.00264085040443251;0.0050741094743345155;0.002994118604870289;0.0022132796285248947;0.007743667662814865;0.004225378059240074;0.0019156472977960451;0.0018535095784448863;0.006621414114349769;0.00534421048441916;0.006838978770713829;0.0025671483493207494;0.0034350105228535145;0.007851807144082533,0.13319949805736542;0.13318133354187012;0.1338348537683487;0.1335238218307495;0.13215497136116028;0.13458918035030365;0.12178245931863785;0.13560043275356293;0.13190940022468567;0.1360228955745697;0.13507433235645294;0.13354171812534332;0.13159312307834625;0.13557817041873932;0.12911386787891388;0.13384848833084106;0.13264258205890656;0.13693465292453766;0.13055826723575592;0.13069024682044983;0.13449065387248993;0.1329294890165329;0.13709795475006104;0.1320882886648178;0.13305121660232544;0.13240529596805573;0.13379885256290436;0.12951384484767914;0.1311751753091812;0.1347343772649765;0.13297562301158905;0.1354943960905075;0.1369086354970932;0.1306937336921692;0.13229957222938538;0.12487495690584183;0.13665975630283356;0.13662119209766388;0.13637445867061615;0.13150903582572937;0.13708972930908203;0.13481104373931885;0.13106156885623932;0.13522523641586304;0.13655400276184082;0.1317078024148941;0.1334366500377655;0.12980306148529053;0.13433170318603516;0.13697724044322968;0.13547949492931366;0.13398906588554382;0.13813111186027527,128,0,0,0,0,0,0,0,0,0,"{'solver_error': 0, 'short_solution': 0, 'duplicate': 0, 'goal_error': 0, 'joint_limit': 0, 'workspace': 0, 'obstacle_clearance': 39, 'obstacle_contact': 0, 'self_collision': 0}",0.00020973246908076112,130,130,nan,nan,1.0,filtered,13,1,2,1,32,1,1,1,direct_path,0.8443636740557849,0,38,1.0,SUCCESS,0.1794871794871795,0.0,0.0,0.8205128205128205,0.0
17,9062,configs/experiments/reaching_recovery/manifests/v1_hierarchical_hard_cases.json,hierarchical_s1_static_revised_ik_goal_region_t005_clearance_retain_terminal_hard_cases_v1,1,4,-44.86567002598596,17.009788274765015,30,1,0,0,0,0,0,,any,0,0,,,nan,0,0.054903194308280945,1.5,0.17438605427742004,0.40497635851303737,0.48488229513168335,0,0.0,1.0,1.0585648051513579,0.0,0.0,0.0,0.0,0.0,0.0,0.0,0.0,0.0,0.0032142668661918755,0.04791109565024575,0.8865081310505047,0.9406732380390167,0.0,0.0039065382870224616,0.001768149466564258,0.008268341115520645,0.26187523764868575,0.7562250390648841,0.0,nan,0.1888289775662558,0.04802397329187557,0.9333333333333333,2.2534449100494385,35.38338088989258,1,0,1,0.05,0,0.1967397704749444,1,SERVO,direct_path,0.8635128849418834,1.4008061769418418,35,1,1,1,34,0.090700396937511,0.12758277356624603,9.021731546347e-05;0.0004012278516828151;0.002113998618978726;0.00102167583981534;0.0037105410673545468;0.0037295871374257755;0.0008962458422060439;0.001944664022841165;0.0026597546604743196;0.005215221534670653;0.002602902696426674;0.006122242095417384;0.0031679079431393936;0.0041274509765829555;0.002246345515665694;0.0039048370531682298;0.002824002590707045;0.005050370937149291;0.0042500588109703075;0.0022314629285638174;0.00661205456391894;0.004493457054902167;0.0029661074688575677;0.0035772742734620343;0.0035568000994982783;0.0009956049671831378;0.005587280008738291;0.005901782048353858;0.003403331083485121;0.008199182882848856;0.005989031761116752;0.003031457798096963;0.004571747552955757;0.004892237776651751;0.0060221350172182195,0.12176651507616043;0.12198785692453384;0.12107677012681961;0.12142548710107803;0.12168287485837936;0.12227385491132736;0.122141532599926;0.12087180465459824;0.12168648093938828;0.12306488305330276;0.12077728658914566;0.12544436752796173;0.12185189872980118;0.12009746581315994;0.12044958025217056;0.12221179157495499;0.12206301838159561;0.12123680859804153;0.12250382453203201;0.1236412301659584;0.12304527312517166;0.12182942777872086;0.12227683514356613;0.12065234035253525;0.12225543707609177;0.12158133834600449;0.12260248512029648;0.12108481675386429;0.12129049748182297;0.12095946818590164;0.12207243591547012;0.1205359622836113;0.1255088746547699;0.12464713305234909;0.12758277356624603,128,0,0,0,0,0,0,0,0,0,"{'solver_error': 0, 'short_solution': 0, 'duplicate': 0, 'goal_error': 0, 'joint_limit': 0, 'workspace': 0, 'obstacle_clearance': 77, 'obstacle_contact': 0, 'self_collision': 0}",9.021731546347e-05,130,130,nan,nan,1.0,filtered,3,1,2,1,20,1,1,1,direct_path,0.5372932919999585,0,18,1.0,SUCCESS,0.26666666666666666,0.0,0.0,0.7333333333333333,0.0
18,9093,configs/experiments/reaching_recovery/manifests/v1_hierarchical_hard_cases.json,hierarchical_s1_static_revised_ik_goal_region_t005_clearance_retain_terminal_hard_cases_v1,2,4,-59.55583771958267,20.796615064144135,44,1,0,0,0,0,0,,any,0,0,,,nan,0,0.05312513932585716,2.2,0.19228611886501312,0.29423545775088394,0.37820208072662354,0,0.0,1.0,1.0745756929544132,0.0,0.0,0.0,0.0,0.0,0.0,0.0,0.0,0.0,0.000906899784011525,0.03267655000672676,0.7130837549921125,0.95041723549366,0.0,0.0032823988241778516,0.0015068859184711155,0.00750869400375946,0.2355711541815915,0.9977299645543098,0.0,nan,0.22922928215709595,0.030028145168970122,0.8863636363636364,2.107109546661377,34.11612319946289,1,0,2,0.1,0,0.15114524307088373,1,SERVO,direct_path,0.693962933961302,1.4076358159072697,38,1,1,1,5,1.1474746846200272,0.16953109204769135,0.003252115534827483;0.007961571102570788;0.005593323701257445;0.003146358247740771;0.019163964189920436;0.03292812747666929;0.011973475208131992;0.016826146510446584;0.014796945982447548;0.015179926797523698;0.029205822293373627;0.007927675656252395;0.011580187229261093;0.014874543177567708;0.028166061141594628;0.024969473317495855;0.012576120843946078;0.020659457387049347;0.019536402332875236;0.015611018264622729;0.02919543810689548;0.023548847516048306;0.031128524565593976;0.0019217551356385477;0.01951303296299021;0.0033536259426286993;0.037384991160940566;0.018667713605466433;0.032443613880288324;0.032403742613163616;0.012557689857839541;0.01582869418646387;0.02222013220489337;0.016415726128720005;0.010438134521237208;0.020910317636568563;0.018899123271852444;0.007941053339602109,0.14185549318790436;0.1418101042509079;0.1265958845615387;0.13523609936237335;0.15637363493442535;0.16953109204769135;0.14069487154483795;0.1422768384218216;0.13916026055812836;0.150303915143013;0.1443474143743515;0.13239698112010956;0.1504443734884262;0.162617489695549;0.16822092235088348;0.15971751511096954;0.1597299724817276;0.16703076660633087;0.15044276416301727;0.1343979388475418;0.1277802288532257;0.15778182446956635;0.154530867934227;0.13130150735378265;0.1589648276567459;0.12787306308746338;0.15811921656131744;0.13681380450725555;0.16457019746303558;0.1541905552148819;0.15968601405620575;0.1259908527135849;0.14479227364063263;0.1451442986726761;0.14273805916309357;0.15732862055301666;0.14637930691242218;0.14705882966518402,128,0,0,0,0,0,0,0,0,0,"{'solver_error': 0, 'short_solution': 0, 'duplicate': 0, 'goal_error': 0, 'joint_limit': 0, 'workspace': 0, 'obstacle_clearance': 68, 'obstacle_contact': 0, 'self_collision': 0}",0.0019217551356385477,130,130,nan,nan,1.0,filtered,8,1,2,1,29,1,1,1,direct_path,0.7136728819459677,0,24,1.0,SUCCESS,0.36363636363636365,0.022727272727272728,0.0,0.6136363636363636,0.0
19,9107,configs/experiments/reaching_recovery/manifests/v1_hierarchical_hard_cases.json,hierarchical_s1_static_revised_ik_goal_region_t005_clearance_retain_terminal_hard_cases_v1,3,4,-10.196803453701058,8.783419132232666,17,1,0,0,0,0,0,,any,0,0,,,nan,0,0.04510953649878502,0.8500000000000001,0.1999439299106598,0.3502221501925412,0.4977339506149292,0,0.0,1.0,1.1586562823227708,0.0,0.0,0.0,0.0,0.0,0.0,0.0,0.0,0.0,0.011053553042911113,0.015903682475361752,0.020106230047531426,0.9270212229560403,0.0,0.0029551555429968763,0.0014761617640033364,0.0070919000392998845,0.25295138709685383,0.9481980520136216,0.0,nan,0.4596264390798673,-0.19171387419435462,0.9411764705882353,2.1794028282165527,33.94269561767578,1,0,2,0.1,0,0.1550263288463407,1,SERVO,direct_path,1.2547984350239858,1.2547984350239858,65,1,1,1,52,1.8101474282122112,0.18483632802963257,0.0012772406162380235;0.0011886740049596894;0.0011551947341099714;0.0003006435608631801;0.004204073665771425;0.003943579770546989;0.0033088010530750423;0.01659764686025639;0.0037029157318595714;0.005705645041253483;0.0021209311619527498;0.012877228882275354;0.00959691151598168;0.005310709551423726;0.011673440908322414;0.003217575359506205;0.002583264958854341;0.010094980766017296;0.007325729199771623;0.0028982658320170374;0.00498481576357941;0.0015932427024139852;0.002655504110174325;0.0016157389387896671;0.0036574892298123904;0.0031072575483734625;0.011998346069184637;0.013021364099583843;0.002971459344567074;0.006236469701740263;0.0040131556161248985;0.011167275533288076;0.007797250128038498;0.0031049783489139663;0.0023611963920039556;0.003973759096965016;0.005929623242207139;0.0019074039651436894;0.007389377956363502;0.005563042954575605;0.006508738280659194;0.005257068088513043;0.005086054235379409;0.007401937761580858;0.0159280565337703;0.007924430190325425;0.0034669419612250933;0.006015059716003445;0.007978026509695223;0.005046743738870216;0.010095141651589956;0.012642098667013714;0.004141209147604564;0.003999813809768619;0.005002288168236631;0.010699284467326051;0.0014598614657523913;0.0057550292951421105;0.0031509152153150087;0.003173393454293269;0.008580113533911506;0.01728305974260693;0.005766511749113954;0.009234903819367266;0.00923352534155116,0.18066540360450745;0.18060302734375;0.18105864524841309;0.1808466911315918;0.1847057342529297;0.1771131455898285;0.18004459142684937;0.17333370447158813;0.18324291706085205;0.18355834484100342;0.18169835209846497;0.18325868248939514;0.18230083584785461;0.18246877193450928;0.18103286623954773;0.18172067403793335;0.1829664409160614;0.18327262997627258;0.18063783645629883;0.18323957920074463;0.18228429555892944;0.18056902289390564;0.18182072043418884;0.18178191781044006;0.1816505789756775;0.17796871066093445;0.179694265127182;0.1815066933631897;0.1805012822151184;0.17811423540115356;0.17876872420310974;0.1823320984840393;0.17751717567443848;0.17880213260650635;0.1821611523628235;0.1788019835948944;0.1808905005455017;0.1809844672679901;0.1837271749973297;0.1827819049358368;0.18254059553146362;0.17824247479438782;0.18051216006278992;0.17881494760513306;0.18266531825065613;0.18405750393867493;0.18062418699264526;0.177891343832016;0.18424049019813538;0.18457335233688354;0.1837022602558136;0.17699438333511353;0.18483632802963257;0.18353763222694397;0.1785029172897339;0.1818939447402954;0.1821197271347046;0.18214794993400574;0.1778331696987152;0.18132683634757996;0.18059995770454407;0.17183968424797058;0.1828705370426178;0.18195635080337524;0.17899957299232483,64,0,0,0,0,0,0,0,0,0,"{'solver_error': 0, 'short_solution': 0, 'duplicate': 0, 'goal_error': 0, 'joint_limit': 0, 'workspace': 0, 'obstacle_clearance': 0, 'obstacle_contact': 0, 'self_collision': 0}",0.0003006435608631801,65,65,nan,nan,1.0,filtered,10,0,1,0,9,1,1,1,direct_path,1.2547984350239858,0,65,1.0,SUCCESS,0.29411764705882354,0.11764705882352941,0.0,0.5882352941176471,0.0
20,9112,configs/experiments/reaching_recovery/manifests/v1_hierarchical_hard_cases.json,hierarchical_s1_static_revised_ik_goal_region_t005_clearance_retain_terminal_hard_cases_v1,0,4,-57.0835609981396,19.98441419005394,40,1,0,0,0,0,0,,any,0,0,,,nan,0,0.05280730128288269,2.0,0.1951773464679718,0.31020720265805724,0.4481479525566101,0,0.0,1.0,1.0119379005286262,0.0,0.0,0.0,0.0,0.0,0.0,0.0,0.0,0.0,0.0006536013643106825,0.04613772457814776,1.1750880810432136,0.9443067282438278,0.0,0.003213320221402682,0.0015590066672302783,0.007611328118946404,0.2761066356673837,0.9517172336578369,0.0,nan,0.19851513076410462,-0.04464684314555749,0.85,2.33571457862854,38.728240966796875,1,0,6,0.30000000000000004,0,0.2041965213331719,1,SERVO,direct_path,1.158275300054811,3.0257552741095424,64,1,1,1,25,1.2238639416780757,0.16887342929840088,0.021349302339995175;0.022156908526631557;0.025813208663841753;0.02293703778150269;0.022812283703890122;0.030173002521553235;0.022361754082780037;0.02388781232482406;0.03342924253829512;0.04268087284206798;0.027578441788605;0.021858368448341863;0.033881981068875244;0.024807045866794462;0.03072631684311486;0.022220357148270916;0.02009036736912102;0.017322403470330674;0.019814035690128965;0.017916911470278237;0.030775373119066664;0.030982979382388358;0.029233174324179146;0.02972735077402206;0.038039228337982706;0.0162120522607639;0.026115779800391762;0.04260520115199168;0.02910376645730039;0.025967636242469862;0.036196014633933654;0.023920381313761955;0.03091954223232314;0.037702517515672176;0.044169116415103474;0.04480016594158167;0.036905808918371;0.035785791769448995;0.033422346301528114;0.041044966527864275;0.04066397004117864;0.02492887441790732;0.03657374683957319;0.019534445698758597;0.03044921526371617;0.03461292059664792;0.03872030669896384;0.035988435399785884;0.035659807200592156;0.01946003265166407;0.02691532473694841;0.025362191837445373;0.03988184933068778;0.01804762751865878;0.03833076004491145;0.04195433148890273;0.02309534477988002;0.03807271262648741;0.022815901268133983;0.02583545725054143;0.03465056407048483;0.022508693179867142;0.0283772093118556;0.021127626183699847,0.16558831930160522;0.16564780473709106;0.16533732414245605;0.1654859185218811;0.16022925078868866;0.1630280315876007;0.166428804397583;0.1623406559228897;0.1639830470085144;0.16507461667060852;0.16592654585838318;0.1668858826160431;0.16304445266723633;0.1673247516155243;0.16623753309249878;0.1641916036605835;0.16692501306533813;0.1665164828300476;0.16433650255203247;0.16624125838279724;0.16611671447753906;0.16700971126556396;0.15770302712917328;0.16582849621772766;0.16673991084098816;0.16887342929840088;0.1666649878025055;0.16781482100486755;0.16434556245803833;0.1579424887895584;0.1633131504058838;0.16526633501052856;0.16484448313713074;0.1674918234348297;0.16779476404190063;0.1634823977947235;0.1674657166004181;0.16327092051506042;0.16756188869476318;0.16411468386650085;0.16367018222808838;0.16836270689964294;0.16589021682739258;0.16535109281539917;0.1678512692451477;0.164148211479187;0.16318783164024353;0.1627269685268402;0.16696903109550476;0.16639146208763123;0.16826987266540527;0.16457685828208923;0.16368448734283447;0.15862475335597992;0.16629400849342346;0.16582521796226501;0.16773566603660583;0.16396838426589966;0.1650899350643158;0.1662156879901886;0.16418418288230896;0.1635936200618744;0.1670045554637909;0.1670399308204651,128,0,0,0,0,0,0,0,0,0,"{'solver_error': 0, 'short_solution': 0, 'duplicate': 0, 'goal_error': 0, 'joint_limit': 0, 'workspace': 0, 'obstacle_clearance': 0, 'obstacle_contact': 0, 'self_collision': 0}",0.0162120522607639,128,128,nan,nan,0.44814793304856876,filtered,5,1,2,1,26,1,1,1,direct_path,1.8674799740547314,0,64,1.0,SUCCESS,0.275,0.125,0.0,0.6,0.0
21,9136,configs/experiments/reaching_recovery/manifests/v1_hierarchical_hard_cases.json,hierarchical_s1_static_revised_ik_goal_region_t005_clearance_retain_terminal_hard_cases_v1,1,4,-59.288202035395145,20.338948138058186,44,1,0,0,0,0,0,,any,0,0,,,nan,0,0.05092340707778931,2.2,0.1783660501241684,0.3263331700793721,0.5017042756080627,0,0.0,1.0,1.2657024987832353,0.0,0.0,0.0,0.0,0.0,0.0,0.0,0.0,0.0,0.002339944363383764,0.04532363916620274,1.156642937916331,0.9328831989656795,0.0,0.003594213996124877,0.0019369700193320486,0.008531770340844312,0.24894303172318774,0.8980190449140288,0.0,nan,0.2756079073800584,-0.05758534129067456,0.8863636363636364,2.21368408203125,32.49457550048828,1,0,2,0.1,0,0.39824931475968994,1,SERVO,direct_path,1.1338956230320036,2.7977574500255287,51,1,1,1,38,1.4309028019962795,0.18528617918491364,0.00019478180744874444;0.0006230608579618611;0.001466031221868262;0.000643861323202729;0.003388128364478838;0.004406314059667206;0.006332115404595946;0.008609491455278593;0.006031943560719027;0.004781659568120431;0.010053828536030521;0.004561799866854112;0.003154995172696043;0.00307472023885223;0.003523894860749933;0.003551563809442208;0.00894818118692074;0.003895634255377187;0.008563889548584577;0.0025498083963035752;0.005734825143303432;0.0033170655736506523;0.003503754277532569;0.007230640146931979;0.004057712058827854;0.003366814234481956;0.0029349632847106063;0.0031086842256151576;0.004017000921909453;0.004676146460197128;0.006057761913525993;0.0042708070115241685;0.004908477605964551;0.0039401621406380165;0.004483930351102818;0.0029705592417819757;0.006725292156847986;0.003833014977531956;0.002696498361832016;0.005933897426471909;0.002627511481267342;0.001024429219966122;0.0036775058148754776;0.0014323452372578171;0.006157777439280047;0.0023704951617553325;0.004286419324440536;0.002319254437300937;0.003954884274909764;0.003992991886294577;0.007516118200662647,0.13852350413799286;0.1337558627128601;0.12374482303857803;0.1287245899438858;0.1679091900587082;0.14248307049274445;0.19124984741210938;0.12925340235233307;0.14208973944187164;0.17060904204845428;0.13152024149894714;0.13904555141925812;0.15336517989635468;0.1968952715396881;0.1292782872915268;0.19585725665092468;0.1542632132768631;0.1704939752817154;0.15297271311283112;0.15683312714099884;0.158596470952034;0.12780244648456573;0.14180292189121246;0.1280263364315033;0.18286041915416718;0.14509283006191254;0.17442496120929718;0.16970722377300262;0.1571086198091507;0.1824617236852646;0.12056291848421097;0.15810228884220123;0.17411310970783234;0.17514772713184357;0.19638770818710327;0.12494681030511856;0.1214856430888176;0.16959525644779205;0.19522839784622192;0.13953323662281036;0.16421271860599518;0.12650658190250397;0.1393473595380783;0.1918686479330063;0.1548154503107071;0.17886491119861603;0.1511874943971634;0.1374942809343338;0.1638534516096115;0.14867590367794037;0.1440102905035019,128,0,0,0,0,0,0,0,0,0,"{'solver_error': 0, 'short_solution': 0, 'duplicate': 0, 'goal_error': 0, 'joint_limit': 0, 'workspace': 0, 'obstacle_clearance': 21, 'obstacle_contact': 0, 'self_collision': 0}",0.00019478180744874444,130,130,nan,nan,1.0,filtered,2,1,2,1,23,1,1,1,direct_path,1.663861826993525,0,58,1.0,SUCCESS,0.5,0.022727272727272728,0.0,0.4772727272727273,0.0
22,9143,configs/experiments/reaching_recovery/manifests/v1_hierarchical_hard_cases.json,hierarchical_s1_static_revised_ik_goal_region_t005_clearance_retain_terminal_hard_cases_v1,2,4,-97.39781757650731,30.0358547270298,56,1,0,0,0,0,0,,any,0,0,,,nan,0,0.053377293050289154,2.8000000000000003,0.1864543855190277,0.3329989681286471,0.4874933660030365,0,0.0,1.0,0.7902753577240403,0.0,0.0,0.0,0.0,0.0,0.0,0.0,0.0,0.0,0.0006709091588924659,0.05470943998495516,1.2001416489947587,0.8301480048810065,0.0,0.003311283142206126,0.001582183550843703,0.0078237767655602,0.3223976822836058,0.44324041956237387,0.0,nan,0.13721055221932388,0.03494308524246785,0.6607142857142857,2.702230930328369,45.6733512878418,1,0,5,0.25,0,0.1164433456925924,1,SERVO,direct_path,1.1718081750441343,3.1798273540334776,53,1,1,1,29,0.6696276377128931,0.1432182788848877,0.00016964750496314748;0.001273863872692371;0.0011368911840824393;0.0006627092057244782;0.0029557291150446017;0.010981050517437143;0.0033570895202502766;0.0021163744020180897;0.004257262734253476;0.001463455823533305;0.0037438994327780454;0.003424055708197931;0.006940781032170286;0.0017927579098076594;0.002005645274511282;0.010286774555235773;0.006297578622981535;0.0022949033928244393;0.004736631988211478;0.010403387972015057;0.0027802399021283008;0.002070909325689051;0.0022709877994528714;0.0055117135686914565;0.0020295491914967194;0.002986210455057685;0.0034553997420642057;0.002599635907396193;0.012809135889657786;0.007451454581557651;0.003748508239626147;0.007244902688479683;0.006296334565658809;0.0019382888991222428;0.0037754705044366343;0.0033050320176772844;0.007471196243705239;0.0032629296666660938;0.00787729054771941;0.00847558559989948;0.0029346190210204036;0.0020841608229581494;0.005586872473862223;0.004526650333591423;0.011082476175790707;0.008382872912205968;0.0029512766132823243;0.003528820946372884;0.0033030188434499475;0.01022652774837256;0.003636790774258758;0.0033502388945695133;0.006073658616493748,0.13646896183490753;0.135517418384552;0.13720974326133728;0.13684575259685516;0.1340412199497223;0.13375438749790192;0.1354154497385025;0.1322908252477646;0.13496647775173187;0.13650186359882355;0.13603810966014862;0.13871163129806519;0.123470239341259;0.13590532541275024;0.13785552978515625;0.12717434763908386;0.1313525140285492;0.12770487368106842;0.13298828899860382;0.1385730654001236;0.13464990258216858;0.13800299167633057;0.1256125420331955;0.1400812864303589;0.13483788073062897;0.13533739745616913;0.1348809152841568;0.13090108335018158;0.12643763422966003;0.1432182788848877;0.13260896503925323;0.1310902237892151;0.13275624811649323;0.13623172044754028;0.13484221696853638;0.13614243268966675;0.13057880103588104;0.1395522654056549;0.14080272614955902;0.13292530179023743;0.12337232381105423;0.12740680575370789;0.14102822542190552;0.1404418647289276;0.13367433845996857;0.13270188868045807;0.1227957084774971;0.1330261528491974;0.12455161660909653;0.1283213049173355;0.13409478962421417;0.13311395049095154;0.1416979432106018,192,0,0,0,0,0,0,0,0,0,"{'solver_error': 0, 'short_solution': 0, 'duplicate': 0, 'goal_error': 0, 'joint_limit': 0, 'workspace': 0, 'obstacle_clearance': 50, 'obstacle_contact': 0, 'self_collision': 0}",0.00016964750496314748,195,195,nan,nan,1.0,filtered,8,2,3,2,51,1,1,1,direct_path,1.0820199369918555,0,40,1.0,SUCCESS,0.125,0.05357142857142857,0.0,0.8214285714285714,0.0
