step,total_steps,episode,episode_length,latest_reward,latest_cost,episode_reward,episode_cost,risk_global,d_min,success,collision,lambda,alpha,replay_size
70100,100000,0,100,0.11204053515286601,0.11305117607116699,-8.528644931119716,38.419330812990665,0.11305117607116699,0.3154160678386688,0,0,0.0,0.018842529505491257,100
70200,100000,0,200,-1.4244295984320752,0.09956493973731995,-53.57383672238301,56.79813729226589,0.09956493973731995,0.3331599831581116,0,0,0.0,0.018842529505491257,200
70300,100000,1,60,-0.2198047191425488,0.4261630177497864,-4.726006368408719,15.44318576157093,0.4261630177497864,0.1966932862997055,0,0,0.0,0.018843213096261024,300
70400,100000,1,160,-0.9282433059868993,0.02154194563627243,-60.07930315318658,30.142855221405625,0.02154194563627243,0.6391987800598145,0,0,0.0,0.01956469565629959,400
70500,100000,2,20,0.05186503271048075,0.43079525232315063,-2.1614065648343215,8.79679822921753,0.43079525232315063,0.1672048419713974,0,0,0.0,0.02043497934937477,500
70600,100000,2,120,-0.022742927019004232,0.2524010241031647,-4.610973776048916,20.113316135481,0.2524010241031647,0.47966960072517395,0,0,0.0,0.021190673112869263,600
70700,100000,3,35,-0.30512443820065005,3.8007818460464478,-2.8751981451019253,25.46289972960949,0.8007818460464478,0.10837302356958389,0,0,0.0,0.021919872611761093,700
70800,100000,3,135,-0.4796928249708436,0.09271640330553055,-28.62124733010335,45.03382750786841,0.09271640330553055,0.44435548782348633,0,0,0.0,0.022558746859431267,800
70900,100000,3,235,-0.5390585921636114,0.10492214560508728,-115.45524919537375,60.38956532813609,0.10492214560508728,0.32579442858695984,0,0,0.0,0.023138662800192833,900
71000,100000,4,95,-0.37445277712240144,0.305772602558136,-49.464188673774245,11.331588795408607,0.305772602558136,0.3529128432273865,0,0,0.0,0.02372082509100437,1000
71100,100000,5,37,-0.014164679801027251,0.07380706071853638,-3.3563467361996286,11.965580232441425,0.07380706071853638,0.37671124935150146,0,0,0.0,0.02426527440547943,1100
71200,100000,5,137,-0.5174250074493945,0.8616184592247009,-28.651648587660763,26.53708409331739,0.8616184592247009,0.14345158636569977,0,0,0.0,0.024782223626971245,1200
71300,100000,6,98,-0.22343389993256751,0.4376518726348877,-5.902885537119638,19.584103237837553,0.4376518726348877,0.16745762526988983,0,0,0.0,0.025280747562646866,1300
71400,100000,6,198,-1.2653968314618422,0.06249339506030083,-69.287802607337,88.67953328043222,0.06249339506030083,0.44945064187049866,0,0,0.0,0.02589390240609646,1400
71500,100000,7,58,-0.19700006564951877,0.04219130799174309,-4.540153677492819,6.670060209929943,0.04219130799174309,0.4691236913204193,0,0,0.0,0.02660009264945984,1500
71600,100000,7,158,-0.631064446616008,0.5013351440429688,-26.394691526213492,28.693770367652178,0.5013351440429688,0.25827184319496155,0,0,0.0,0.027108460664749146,1600
71700,100000,8,18,0.29810269235512304,0.16735075414180756,2.896307339294038,12.702655524015427,0.16735075414180756,0.2625603973865509,0,0,0.0,0.027580007910728455,1700
71800,100000,9,96,-0.13903200847594868,0.19907408952713013,-55.17248153143328,157.13198100030422,0.19907408952713013,0.23987074196338654,0,0,0.0,0.028131190687417984,1800
71900,100000,9,196,-0.23616733607249052,0.19449564814567566,-63.17608840580472,176.73470248281956,0.19449564814567566,0.24289216101169586,0,0,0.0,0.028635727241635323,1900
72000,100000,10,80,-0.25600570125495437,0.04155736416578293,-26.729942935614307,19.76215511187911,0.04155736416578293,0.4989453852176666,0,0,0.0,0.02916320413351059,2000
72100,100000,10,180,-0.10081924832858277,0.016936643049120903,-38.42240949741222,22.907812988385558,0.016936643049120903,0.7825440168380737,0,0,0.0,0.029695983976125717,2100
72200,100000,11,40,-0.17435519533910004,0.5055779218673706,-2.492579044088301,8.781613983213902,0.5055779218673706,0.20832468569278717,0,0,0.0,0.03017202392220497,2200
72300,100000,11,140,-0.39665535415802,0.1821487694978714,-129.61188280285592,154.20783548802137,0.1821487694978714,0.25144100189208984,0,0,0.0,0.030632618814706802,2300
72400,100000,11,240,-0.0024520869247164276,0.9003334641456604,-171.07870662441408,169.85234692692757,0.9003334641456604,0.12106169015169144,0,0,0.0,0.03108086809515953,2400
72500,100000,12,100,0.012491786440167515,3.800000011920929,-22.3780404327395,66.02465806901455,0.800000011920929,0.05482655391097069,0,0,0.0,0.03148520365357399,2500
72600,100000,12,200,0.244130201704547,0.6155121922492981,-67.23951032764232,166.45129342377186,0.6155121922492981,0.1564161628484726,0,0,0.0,0.03176557645201683,2600
72700,100000,13,60,-0.2386637273372066,0.3757247030735016,-5.607567465514359,9.127744987607002,0.3757247030735016,0.21639488637447357,0,0,0.0,0.03196129947900772,2700
72800,100000,14,34,-0.08608336958250151,0.30446502566337585,0.8865728380361259,7.526916176080704,0.30446502566337585,0.23694507777690887,0,0,0.0,0.032050613313913345,2800
72900,100000,14,134,-2.030416137819358,0.11740641295909882,-62.5345432744559,30.7348046079278,0.11740641295909882,0.3102042078971863,0,0,0.0,0.032139796763658524,2900
73000,100000,14,234,-1.7821445978411714,0.06762836128473282,-228.9997378548523,35.97769475914538,0.06762836128473282,0.4395298659801483,0,0,0.0,0.03222073242068291,3000
73100,100000,15,94,-0.08731731554529035,0.24677877128124237,-14.391481844203122,12.606845259666443,0.24677877128124237,0.31052541732788086,0,0,0.0,0.032376598566770554,3100
73200,100000,15,194,-2.437427629825671,0.015681246295571327,-82.3396014631943,21.86634478904307,0.015681246295571327,0.9010573625564575,0,0,0.0,0.03247414156794548,3200
73300,100000,16,54,0.1701427389979287,0.4582083225250244,-7.0167864705434155,56.66879555583,0.4582083225250244,0.13445089757442474,0,0,0.0,0.03266005590558052,3300
73400,100000,16,154,-1.2301287397521243,0.31880083680152893,-81.02917170463577,92.92395064234734,0.31880083680152893,0.179763063788414,0,0,0.0,0.03273770585656166,3400
73500,100000,17,14,-0.08294732246709828,0.2842194437980652,-0.5599666776554826,2.8761271461844444,0.2842194437980652,0.3406662940979004,0,0,0.0,0.03287043049931526,3500
73600,100000,19,18,-0.0929825792966497,0.3488582372665405,-0.2228959142114842,5.4699306190013885,0.3488582372665405,0.23817028105258942,0,0,0.0,0.032967373728752136,3600
73700,100000,19,118,-0.18611264124427926,0.3901631832122803,-13.217052706925974,28.066089196130633,0.3901631832122803,0.2584122121334076,0,0,0.0,0.033107317984104156,3700
73800,100000,19,218,-0.6714956563694798,0.046698205173015594,-35.75872480639003,50.59205931983888,0.046698205173015594,0.46832823753356934,0,0,0.0,0.03314712643623352,3800
73900,100000,20,78,-0.4924249694214138,0.021107375621795654,-29.702956999403426,57.5381536539644,0.021107375621795654,0.6473647356033325,0,0,0.0,0.03322286531329155,3900
74000,100000,20,178,-0.3302832644334012,0.142137348651886,-75.88454241206674,74.37405256181955,0.142137348651886,0.46437758207321167,0,0,0.0,0.03318879008293152,4000
74100,100000,21,38,-0.22109673563276233,0.13794399797916412,0.03679779263450983,4.098980814218521,0.13794399797916412,0.30013465881347656,0,0,0.0,0.03325057774782181,4100
74200,100000,21,138,-0.11307622932137747,0.05460141971707344,-9.25321600081182,22.415458671748638,0.05460141971707344,0.4240957498550415,0,0,0.0,0.03320994973182678,4200
74300,100000,21,238,-0.4983745422674838,0.045740433037281036,-31.079738261457862,26.43340581841767,0.045740433037281036,0.623228907585144,0,0,0.0,0.033260732889175415,4300
74400,100000,23,30,-0.43780798454911013,0.22857367992401123,-4.951042793763074,3.5707465782761574,0.22857367992401123,0.3350555896759033,0,0,0.0,0.03333178907632828,4400
74500,100000,23,130,-0.2813258146351771,0.18152770400047302,-19.541780748877176,23.47488685697317,0.18152770400047302,0.3180557191371918,0,0,0.0,0.03334486484527588,4500
74600,100000,23,230,-0.8595466934469235,3.800000011920929,-56.012437859491754,181.2068846002221,0.800000011920929,0.07016908377408981,0,0,0.0,0.03337867930531502,4600
74700,100000,24,90,-0.4839378107647474,0.5296167731285095,-27.335681163534467,25.55336694419384,0.5296167731285095,0.20569567382335663,0,0,0.0,0.033509597182273865,4700
74800,100000,24,190,-0.457702575509847,0.017019148916006088,-57.394600252478206,38.47190739400685,0.017019148916006088,0.7776942849159241,0,0,0.0,0.033625539392232895,4800
74900,100000,26,30,-0.17905251754204543,0.2787710130214691,0.33394256033515346,11.921300023794174,0.2787710130214691,0.1967141479253769,0,0,0.000559501839725175,0.03400510549545288,4900
75000,100000,26,130,-0.21101326586162664,0.07839587330818176,-24.750334403230713,21.670450313016772,0.07839587330818176,0.39823001623153687,0,0,0.000559501839725175,0.03435477986931801,5000
75100,100000,26,230,0.07847552840902208,0.4106607437133789,-33.56100791048221,40.315291268751025,0.4106607437133789,0.2310141772031784,0,0,0.000559501839725175,0.034728653728961945,5100
75200,100000,28,49,0.1518787914633047,0.16054411232471466,-3.1440670686675736,30.225828498601913,0.16054411232471466,0.26804280281066895,0,0,0.0011705959691700341,0.03490324318408966,5200
75300,100000,30,46,0.03800338804733478,3.800000011920929,-8.285283971815222,102.11204475164413,0.800000011920929,0.09413597732782364,0,0,0.002219662057681624,0.03492061421275139,5300
75400,100000,31,71,-0.5727107564369665,3.800000011920929,-15.677575834516999,179.1881992071867,0.800000011920929,0.08124067634344101,0,0,0.003811014487050484,0.035102952271699905,5400
75500,100000,31,171,-0.4835339444872338,0.2442217916250229,-36.512321511672454,210.13336228393018,0.2442217916250229,0.6848308444023132,0,0,0.003811014487050484,0.03535331413149834,5500
75600,100000,32,31,-0.04394704771976145,3.839975893497467,-4.450120694587815,76.79027611017227,0.839975893497467,0.07724669575691223,0,0,0.005529917286236144,0.03544395789504051,5600
75700,100000,34,1,-0.6725393981428271,0.2009992003440857,-0.6725393981428271,0.2009992003440857,0.2009992003440857,0.3533932566642761,0,0,0.01144096722313603,0.035451486706733704,5700
75800,100000,35,55,-0.13545425409399017,0.09493667632341385,-3.7812745630757103,70.79873361438513,0.09493667632341385,0.3399089276790619,0,0,0.014241188042907499,0.03542349487543106,5800
75900,100000,36,39,0.09565538759394697,0.6455510854721069,-2.209140500880208,12.410210564732552,0.6455510854721069,0.16985926032066345,0,0,0.01730536423104053,0.03547988086938858,5900
76000,100000,37,50,-0.06407813119949879,3.800000011920929,-12.933102071574009,95.23494678735733,0.800000011920929,0.11564306169748306,0,0,0.020398469903932633,0.03562869876623154,6000
76100,100000,37,150,-0.3541575931370756,0.6854955554008484,-28.09274032616448,112.7026239875704,0.6854955554008484,0.15931159257888794,0,0,0.020398469903932633,0.035797085613012314,6100
76200,100000,38,60,-0.566975033815568,0.35574930906295776,-8.964978330189856,27.468004152178764,0.35574930906295776,0.1659928411245346,0,0,0.023518366332528382,0.03570053353905678,6200
76300,100000,38,160,-0.13575963279059577,0.46551933884620667,-53.44652746320868,70.49714067578316,0.46551933884620667,0.1821710169315338,0,0,0.023518366332528382,0.035663578659296036,6300
76400,100000,39,20,-1.3123309455614143,0.15763866901397705,-23.372351927053153,2.3212977796792984,0.15763866901397705,0.38771817088127136,0,0,0.026365823751143918,0.03544555604457855,6400
76500,100000,39,120,-0.4484841142175276,0.2653003931045532,-78.28834384574958,51.6821124330163,0.2653003931045532,0.29181402921676636,0,0,0.026365823751143918,0.035315461456775665,6500
76600,100000,40,22,-0.04844453182152193,0.7015233039855957,-3.140408990895814,8.894869983196259,0.7015233039855957,0.1565966159105301,0,0,0.029179871925779206,0.03532686457037926,6600
76700,100000,41,91,-0.061345972060375974,0.1414933204650879,-15.422434998273294,49.70249755680561,0.1414933204650879,0.28486964106559753,0,0,0.032263207763164006,0.03540748730301857,6700
76800,100000,41,191,-0.15917207580607395,0.08800497651100159,-38.04324421649942,59.91462825611234,0.08800497651100159,0.35078468918800354,0,0,0.032263207763164006,0.03557872027158737,6800
76900,100000,42,51,-0.11523355520630851,0.12028868496417999,-5.597987834727538,13.825262904167175,0.12028868496417999,0.30687546730041504,0,0,0.03505072963504452,0.03595680370926857,6900
77000,100000,42,151,0.08925442894113467,0.05474518984556198,-15.440192761634545,157.7123526223004,0.05474518984556198,0.42366158962249756,0,0,0.03505072963504452,0.036218203604221344,7000
77100,100000,43,60,-1.0866774717388332,0.1893468052148819,-25.507021823822477,113.45283895730972,0.1893468052148819,0.2463834434747696,0,0,0.037860991504397486,0.036554526537656784,7100
77200,100000,43,160,0.037189894383309774,0.27901196479797363,-78.40125977540575,127.31339746527374,0.27901196479797363,0.445997953414917,0,0,0.037860991504397486,0.03662610799074173,7200
77300,100000,44,20,-0.6314199620054595,0.14389103651046753,-9.22010186000252,2.1350846886634827,0.14389103651046753,0.3578682243824005,0,0,0.04058980213727364,0.03694823011755943,7300
77400,100000,44,120,-0.1074107285957411,0.10528793185949326,-57.73072036625191,55.62548529356718,0.10528793185949326,0.3253076374530792,0,0,0.04058980213727364,0.03716999292373657,7400
77500,100000,45,57,-0.12337319538584389,0.19099099934101105,-3.92855479558365,42.604414120316505,0.19099099934101105,0.24525748193264008,0,0,0.04308488751425116,0.037518616765737534,7500
77600,100000,45,157,0.013297322816741826,0.052583638578653336,-16.8354834458846,160.21151884272695,0.052583638578653336,0.43036091327667236,0,0,0.04308488751425116,0.03770316392183304,7600
77700,100000,46,17,0.3700048505179552,0.09203525632619858,-1.6926740412956771,3.5163899958133698,0.09203525632619858,0.344341903924942,0,0,0.045539355673854726,0.03777182102203369,7700
77800,100000,46,117,0.05574963738439237,0.1828540563583374,-15.78463268679743,32.668318934738636,0.1828540563583374,0.2509359121322632,0,0,0.045539355673854726,0.03783709555864334,7800
77900,100000,46,217,-0.3908034075420148,0.575173556804657,-34.361122383455154,49.08186450600624,0.575173556804657,0.16826145350933075,0,0,0.045539355673854726,0.037819523364305496,7900
78000,100000,48,83,-0.9433826596618746,0.5664588809013367,-95.00141086130243,15.613809935748577,0.5664588809013367,0.1779106706380844,0,0,0.04965621468139155,0.03755807876586914,8000
78100,100000,48,183,-0.33934266308430894,0.28382349014282227,-116.94742203559065,30.730158949270844,0.28382349014282227,0.22678132355213165,0,0,0.04965621468139155,0.03765040636062622,8100
78200,100000,49,43,-0.11283182324576985,0.18553340435028076,-9.287813315412047,68.42326076328754,0.18553340435028076,0.2490362972021103,0,0,0.051310058870420165,0.0376538448035717,8200
78300,100000,49,143,-0.04971038867334869,0.16470657289028168,-21.42081653259878,152.36066035367548,0.16470657289028168,0.264660507440567,0,0,0.051310058870420165,0.03782437741756439,8300
78400,100000,50,46,0.07254668934167821,0.3488202393054962,0.059251364677965934,12.775728553533554,0.3488202393054962,0.18486995995044708,0,0,0.05322079370813082,0.03776196762919426,8400
78500,100000,50,146,-0.3170877208657135,0.18508312106132507,-17.337886843294804,34.88685115613043,0.18508312106132507,0.24935343861579895,0,0,0.05322079370813082,0.037479203194379807,8500
78600,100000,51,6,-0.2782824768622061,0.11148710548877716,-1.3103982797763065,0.5628373920917511,0.11148710548877716,0.5270467400550842,0,0,0.05485508688305229,0.03749823197722435,8600
78700,100000,51,106,-0.08649465719976838,0.05435054376721382,-47.813037998654956,64.2646546177566,0.05435054376721382,0.42485713958740234,0,0,0.05485508688305229,0.03785746917128563,8700
78800,100000,52,15,-0.611674398109803,0.14020991325378418,-7.36334187562004,1.9226715415716171,0.14020991325378418,0.32876765727996826,0,0,0.05636459328085939,0.03821462765336037,8800
78900,100000,52,115,-0.6579548995705093,0.10425733774900436,-84.87427101814258,21.733193576335907,0.10425733774900436,0.32668426632881165,0,0,0.05636459328085939,0.03846697881817818,8900
79000,100000,52,215,-0.7230591009475438,0.09415534883737564,-194.62632807762702,27.479920184239745,0.09415534883737564,0.4097955822944641,0,0,0.05636459328085939,0.03858122229576111,9000
79100,100000,53,75,-0.13643277978499158,0.03199606388807297,-5.130255032614963,48.82123517245054,0.03199606388807297,0.525344967842102,0,0,0.05758656867658311,0.039028558880090714,9100
79200,100000,54,68,-0.3493353320656207,0.33871203660964966,-13.067389745895824,11.232719421386719,0.33871203660964966,0.2175222784280777,0,0,0.05870805987283096,0.03962399810552597,9200
79300,100000,54,168,-0.16574514514275962,0.448890745639801,-41.55414527675581,51.1729292422533,0.448890745639801,0.137000173330307,0,0,0.05870805987283096,0.039881907403469086,9300
79400,100000,55,28,-0.34014148856441756,0.19405534863471985,0.11050230077026574,5.500864818692207,0.19405534863471985,0.26377302408218384,0,0,0.059633163805447253,0.040191859006881714,9400
79500,100000,55,128,-0.1469359498096987,0.8502992987632751,-27.59533044073285,37.7945202589035,0.8502992987632751,0.120460145175457,0,0,0.059633163805447253,0.04034363478422165,9500
79600,100000,55,228,-0.07082884516941505,0.09341076016426086,-44.31864696153889,117.01136629655957,0.09341076016426086,0.36080166697502136,0,0,0.059633163805447253,0.040539830923080444,9600
79700,100000,56,88,-0.07245784736169412,0.10785606503486633,-23.436185493272802,84.14407327771187,0.10785606503486633,0.32194435596466064,0,0,0.06048474260702778,0.04053858295083046,9700
79800,100000,56,188,-0.29973670819392995,0.1470280885696411,-46.35308725954878,95.05146747082472,0.1470280885696411,0.4182842969894409,0,0,0.06048474260702778,0.04084625840187073,9800
79900,100000,58,1,-0.6006172072933986,0.09083370119333267,-0.6006172072933986,0.09083370119333267,0.09083370119333267,0.4487338662147522,0,0,0.06281925090418804,0.041096560657024384,9900
80000,100000,58,101,-0.19341988636768867,3.847901463508606,-29.90695974498243,58.29954657703638,0.847901463508606,0.0803275778889656,0,0,0.06281925090418804,0.04129595309495926,10000
80100,100000,59,72,-0.7425549101530532,0.04744540899991989,-40.0476123169689,2.82093034312129,0.04744540899991989,0.5361334681510925,0,0,0.06473134221872028,0.04140031337738037,10100
80200,100000,59,172,-0.3120708681641356,0.07737993448972702,-94.61607224925162,10.763607749715447,0.07737993448972702,0.6913851499557495,0,0,0.06473134221872028,0.041753362864255905,10200
80300,100000,60,32,-1.0394228759900033,0.11476526409387589,-24.516989487281112,2.9755257442593575,0.11476526409387589,0.34041258692741394,0,0,0.06630566658415099,0.042004164308309555,10300
80400,100000,60,132,-0.2398818300987643,0.022258175536990166,-76.97449705282327,14.985194213688374,0.022258175536990166,0.6268460750579834,0,0,0.06630566658415099,0.0424533411860466,10400
80500,100000,60,232,-0.08594334314978397,0.12999583780765533,-86.17158187766321,19.032750245183706,0.12999583780765533,0.4999408721923828,0,0,0.06630566658415099,0.04279102757573128,10500
80600,100000,62,11,-0.8424634313882532,0.05431012809276581,-7.41185738768567,0.6921123787760735,0.05431012809276581,0.442386269569397,0,0,0.06866113062198001,0.04287571832537651,10600
80700,100000,62,111,-0.4606231967247439,0.041955169290304184,-103.31479524508667,9.781000707298517,0.041955169290304184,0.4701679050922394,0,0,0.06866113062198001,0.042739711701869965,10700
80800,100000,62,211,-0.24592800944071946,0.08503362536430359,-129.45134204374298,14.419078035280108,0.08503362536430359,0.474393367767334,0,0,0.06866113062198001,0.04274005815386772,10800
80900,100000,63,71,-0.951442987204771,0.06194823607802391,-26.459570731389874,11.07396487146616,0.06194823607802391,0.43858423829078674,0,0,0.069465270993987,0.04285483807325363,10900
81000,100000,63,171,-0.3258275104769953,0.027042459696531296,-68.62071344516325,17.084651662036777,0.027042459696531296,0.566505491733551,0,0,0.069465270993987,0.04289870336651802,11000
81100,100000,65,1,-0.1253681412228992,0.11885297298431396,-0.1253681412228992,0.11885297298431396,0.11885297298431396,0.3902459740638733,0,0,0.07027690238143373,0.04296446964144707,11100
81200,100000,65,101,-0.2733516578185711,0.18663817644119263,-16.615353766126507,16.794451773166656,0.18663817644119263,0.25660550594329834,0,0,0.07027690238143373,0.04328063502907753,11200
81300,100000,65,201,-0.881043453429611,0.12197308242321014,-40.07445252543501,34.3908364251256,0.12197308242321014,0.3049720525741577,0,0,0.07027690238143373,0.043773457407951355,11300
81400,100000,66,61,-0.9746447783224087,0.3904688060283661,-17.036630063482523,22.73628254979849,0.3904688060283661,0.15435151755809784,0,0,0.0703438004989541,0.044510167092084885,11400
81500,100000,66,161,-0.7746454415095516,0.1566920131444931,-78.87174316025238,41.81232797726989,0.1566920131444931,0.35846367478370667,0,0,0.0703438004989541,0.04460625723004341,11500
81600,100000,67,21,0.07522330921865937,0.11336885392665863,-2.206222514361567,2.6543984785676003,0.11336885392665863,0.40443548560142517,0,0,0.0704515636577949,0.04481612145900726,11600
81700,100000,67,121,-1.1875511547691178,0.10160796344280243,-45.64248212318803,17.206027068197727,0.10160796344280243,0.3678450286388397,0,0,0.0704515636577949,0.045581962913274765,11700
81800,100000,67,221,-0.1104722012282145,0.4344758987426758,-96.69804667104867,54.530553771182895,0.4344758987426758,0.23260743916034698,0,0,0.0704515636577949,0.045671671628952026,11800
81900,100000,68,81,-0.09315050334514417,0.17641010880470276,-10.907124817875506,12.647227309644222,0.17641010880470276,0.68266361951828,0,0,0.07044860575459805,0.04549937695264816,11900
82000,100000,68,181,-0.2125355427459465,0.3605380654335022,-27.36334188202962,35.17451016046107,0.3605380654335022,0.3734225332736969,0,0,0.07044860575459805,0.045729584991931915,12000
82100,100000,69,88,-1.4585080387393967,0.032172877341508865,-42.234003380622696,9.654900208115578,0.032172877341508865,0.5241076946258545,0,0,0.07029928204202336,0.046271611005067825,12100
82200,100000,69,188,-1.2650526323298255,0.09916997700929642,-152.4611235890769,14.091878411360085,0.09916997700929642,0.6683328747749329,0,0,0.07029928204202336,0.046448204666376114,12200
82300,100000,70,48,0.0874907225521502,0.5812492370605469,-26.678602490685122,8.571312956511974,0.5812492370605469,0.19459669291973114,0,0,0.06992011586984645,0.047398630529642105,12300
82400,100000,70,148,-0.1812526059617773,0.028472892940044403,-45.38298439964242,66.2684071753174,0.028472892940044403,0.5531038045883179,0,0,0.06992011586984645,0.04804864898324013,12400
82500,100000,71,8,-0.05039027062361129,0.051066961139440536,-1.527849055028501,0.45991382002830505,0.051066961139440536,0.43529534339904785,0,0,0.06943635903367172,0.04831117019057274,12500
82600,100000,71,108,-0.14992494990743155,0.13670773804187775,-22.657437775356154,14.392068155109882,0.13670773804187775,0.2894952893257141,0,0,0.06943635903367172,0.04895833507180214,12600
82700,100000,71,208,-0.7353524927000242,0.015427151694893837,-39.332551999885744,20.234823883511126,0.015427151694893837,0.951102614402771,0,0,0.06943635903367172,0.0493805818259716,12700
82800,100000,73,36,-0.15578466227490737,3.800000011920929,-3.932321772554342,46.88283175230026,0.800000011920929,0.09328985959291458,0,0,0.06844238405602421,0.04928760230541229,12800
82900,100000,73,136,-0.6234678112675096,0.2660602927207947,-23.233881801307877,82.10447610914707,0.2660602927207947,0.2784689664840698,0,0,0.06844238405602421,0.049574729055166245,12900
83000,100000,74,39,-0.0318447119946871,0.4311034679412842,-7.226195403916124,9.373754985630512,0.4311034679412842,0.20831255614757538,0,0,0.06826630179192868,0.049428123980760574,13000
83100,100000,74,139,-0.09453214362177251,3.868608295917511,-24.72696328378873,62.13856843858957,0.868608295917511,0.069674052298069,0,0,0.06826630179192868,0.0497407391667366,13100
83200,100000,74,239,-0.401915232521829,0.04613887891173363,-52.875522876403274,279.2831413112581,0.04613887891173363,0.4528921842575073,0,0,0.06826630179192868,0.05013281852006912,13200
83300,100000,75,99,-0.10068173150939465,0.061583295464515686,-17.089722708472518,93.53330706618726,0.061583295464515686,0.4712885022163391,0,0,0.06840595591119228,0.05015058442950249,13300
83400,100000,75,199,0.021575646517601525,0.15028846263885498,-21.524280955030267,99.60312722250819,0.15028846263885498,0.5330432057380676,0,0,0.06840595591119228,0.0506485216319561,13400
83500,100000,76,76,-0.19950668547725514,0.29223448038101196,-25.717969522143523,21.279020875692368,0.29223448038101196,0.2042328268289566,0,0,0.06850059310284748,0.051118671894073486,13500
83600,100000,76,176,-0.7633959685209655,0.0468406155705452,-65.40639781140688,30.775589879602194,0.0468406155705452,0.45022332668304443,0,0,0.06850059310284748,0.05148894339799881,13600
83700,100000,77,36,-0.23172479611051244,0.22597971558570862,-5.619779269172209,4.130469165742397,0.22597971558570862,0.3016417622566223,0,0,0.06838535200272149,0.051949642598629,13700
83800,100000,77,136,-1.362257648139894,0.025313850492239,-73.76169129785758,25.26484871096909,0.025313850492239,0.5849935412406921,0,0,0.06838535200272149,0.05212770774960518,13800
83900,100000,77,236,-0.7712720347954791,0.21426305174827576,-156.00819395930463,37.75898699462414,0.21426305174827576,0.23035942018032074,0,0,0.06838535200272149,0.05254428833723068,13900
84000,100000,78,96,-0.5208701313674285,0.02884542942047119,-24.53545317908457,58.55308152548969,0.02884542942047119,0.5498459935188293,0,0,0.06808102927039156,0.05351649224758148,14000
84100,100000,78,196,-0.4681177064403937,0.02369922399520874,-58.37713794181039,69.89551109448075,0.02369922399520874,0.6052869558334351,0,0,0.06808102927039156,0.0543108694255352,14100
84200,100000,79,56,-0.4950084627718732,0.5596833229064941,-31.37156218859366,13.241156838834286,0.5596833229064941,0.1660829335451126,0,0,0.06766731759312176,0.053900353610515594,14200
84300,100000,79,156,-0.16716368465342563,0.02065304107964039,-58.89980238169916,30.28591451793909,0.02065304107964039,0.6565413475036621,0,0,0.06766731759312176,0.0545261949300766,14300
84400,100000,80,16,-0.29492817732259935,0.161667600274086,-7.579677384721274,1.0717031359672546,0.161667600274086,0.5184159874916077,0,0,0.06711040768837914,0.0549541637301445,14400
84500,100000,80,116,-0.7187035811914783,0.03943333774805069,-70.40919214216522,8.395354941487312,0.03943333774805069,0.4819258153438568,0,0,0.06711040768837914,0.05553841590881348,14500
84600,100000,80,216,-0.1294927925410264,0.7833371162414551,-88.67888985749578,37.30364642851055,0.7833371162414551,0.12284708023071289,0,0,0.06711040768837914,0.05566534772515297,14600
84700,100000,81,76,-0.2312180380260032,0.020769955590367317,-22.844353273888157,39.14397452585399,0.020769955590367317,0.6541120409965515,0,0,0.0664045141087135,0.05573016405105591,14700
84800,100000,81,176,-0.009451744312601705,0.205245241522789,-39.52943511487559,50.114562429487705,0.205245241522789,0.6335265636444092,0,0,0.0664045141087135,0.05609462037682533,14800
84900,100000,82,52,-0.8619647561738429,0.4095447063446045,-17.417989510765576,110.88947984576225,0.4095447063446045,0.14840564131736755,0,0,0.06566808485819876,0.05609818175435066,14900
85000,100000,82,152,-1.2679154241472326,0.11448364704847336,-122.3944673052891,117.41063622944057,0.11448364704847336,0.7459935545921326,0,0,0.06566808485819876,0.05653595179319382,15000
85100,100000,83,12,-0.3383857583207749,3.846640646457672,-0.721384554335305,30.284670501947403,0.8466406464576721,0.09954759478569031,0,0,0.06518106517279369,0.05727984011173248,15100
85200,100000,83,112,-0.5207176790630155,0.13750509917736053,-38.93492375736701,167.95748656243086,0.13750509917736053,0.2887120842933655,0,0,0.06518106517279369,0.05764898657798767,15200
85300,100000,83,212,-0.35454567345601845,0.4547230303287506,-111.03861263632766,234.27581041492522,0.4547230303287506,0.15206433832645416,0,0,0.06518106517279369,0.05774049088358879,15300
85400,100000,84,72,-0.1618622766797225,0.6633489727973938,-9.0406595978737,32.97804453223944,0.6633489727973938,0.1633143573999405,0,0,0.06494099520099193,0.05820702016353607,15400
85500,100000,84,172,-0.24471457604731434,0.07006048411130905,-51.510716572107796,74.15687620639801,0.07006048411130905,0.3846019506454468,0,0,0.06494099520099193,0.0584927536547184,15500
85600,100000,85,32,-0.6146272819678962,0.11060976982116699,-5.452686153254211,41.18607634305954,0.11060976982116699,0.3184398114681244,0,0,0.064598640510268,0.058341581374406815,15600
85700,100000,86,28,-0.21397086587610115,0.08914375305175781,2.6185788802239274,2.652825005352497,0.08914375305175781,0.37030571699142456,0,0,0.06441253750869437,0.05866843834519386,15700
85800,100000,86,128,-0.06495683476547648,3.800000011920929,-19.476256300628144,52.929500026628375,0.800000011920929,0.05885123088955879,0,0,0.06441253750869437,0.05887005478143692,15800
85900,100000,88,70,-1.4989519318172382,0.7769774198532104,-60.3494300231558,31.415065482258797,0.7769774198532104,0.12778916954994202,0,0,0.06465628209592007,0.059373434633016586,15900
86000,100000,89,62,-0.37746317146866665,0.4588697552680969,-10.306008823664843,174.51288211345673,0.4588697552680969,0.13427196443080902,0,0,0.06548211429778734,0.0593993179500103,16000
86100,100000,90,47,-0.4805772986738351,0.4761609733104706,-11.321410379855713,21.17578360438347,0.4761609733104706,0.12968669831752777,0,0,0.0669228440365798,0.059386320412158966,16100
86200,100000,90,147,-0.1927685565204576,0.27508294582366943,-26.865050101162957,71.97442513890564,0.27508294582366943,0.39510899782180786,0,0,0.0669228440365798,0.05915505066514015,16200
86300,100000,91,26,-0.43251817808368087,0.3155985176563263,-3.5435051204232133,10.406663000583649,0.3155985176563263,0.2178499549627304,0,0,0.06847273251055801,0.05919240415096283,16300
86400,100000,91,126,0.17951731510440017,0.13694284856319427,-14.117275257738187,28.906262712553144,0.13694284856319427,0.3164077699184418,0,0,0.06847273251055801,0.059402137994766235,16400
86500,100000,91,226,-0.05020157950268669,0.6835772395133972,-29.64168502323776,135.9073159713298,0.6835772395133972,0.1546846181154251,0,0,0.06847273251055801,0.06027574464678764,16500
86600,100000,92,86,20.256784644181568,0.36726027727127075,13.137040548196774,37.30813968926668,0.36726027727127075,0.16200676560401917,1,0,0.07005267616424876,0.06047749146819115,16600
86700,100000,93,100,-0.44606681786954594,0.36336076259613037,-65.68030964524074,141.58600432053208,0.36336076259613037,0.16334234178066254,0,0,0.07149553042414605,0.06017087399959564,16700
86800,100000,94,12,-0.33931268019811406,0.495064914226532,-2.940996468531619,4.59585765004158,0.495064914226532,0.2593749761581421,0,0,0.07313043511855458,0.06076696142554283,16800
86900,100000,94,112,-0.3800416392696346,0.10472904145717621,-15.028991108268013,41.509699292480946,0.10472904145717621,0.3260522186756134,0,0,0.07313043511855458,0.060895055532455444,16900
87000,100000,94,212,-0.11952443493875656,0.21639923751354218,-60.001309490386895,64.26820184849203,0.21639923751354218,0.2290802150964737,0,0,0.07313043511855458,0.060329217463731766,17000
87100,100000,95,72,0.302777630154177,0.901729941368103,-6.230815858108706,35.26019664853811,0.901729941368103,0.1224922463297844,0,0,0.0745590921964555,0.060616374015808105,17100
87200,100000,96,92,-0.17149183425886186,0.026418564841151237,-26.220060338318717,14.767247434705496,0.026418564841151237,0.5728546380996704,0,0,0.07610444707164295,0.060903433710336685,17200
87300,100000,96,192,-1.1650340548180682,0.4738767445087433,-63.064615195054536,42.463914170861244,0.4738767445087433,0.15147365629673004,0,0,0.07610444707164295,0.060887448489665985,17300
87400,100000,97,52,-0.7143121696871302,3.8216214776039124,-20.46069869191066,111.67272055149078,0.8216214776039124,0.07681452482938766,0,0,0.07749045075042284,0.06109823286533356,17400
87500,100000,98,7,0.012683044356003563,0.33584827184677124,-0.45372402920030713,1.8380087912082672,0.33584827184677124,0.4749717116355896,0,0,0.07937242326127578,0.06072656810283661,17500
87600,100000,99,79,-0.10585411365407708,0.25809887051582336,-48.01924046014164,24.50217556208372,0.25809887051582336,0.20650525391101837,0,0,0.08143744476388358,0.060369763523340225,17600
87700,100000,99,179,-1.5691001662811699,0.7697790265083313,-144.09130268629008,47.689851589500904,0.7697790265083313,0.1289793998003006,0,0,0.08143744476388358,0.06011669710278511,17700
87800,100000,100,54,-0.13629494448856697,0.03190944343805313,-13.541107204573123,6.937793046236038,0.03190944343805313,0.525955855846405,0,0,0.083595968997452,0.060596100986003876,17800
87900,100000,100,154,-0.7225663981052302,0.41707515716552734,-90.54243707341851,19.794578675180674,0.41707515716552734,0.19898317754268646,0,0,0.083595968997452,0.06105858087539673,17900
88000,100000,101,14,-0.33457017203352535,0.5114327669143677,-6.105464888527161,4.850380331277847,0.5114327669143677,0.22327201068401337,0,0,0.08545838450195256,0.06125069037079811,18000
88100,100000,101,114,-0.9992025023651812,0.21848644316196442,-40.34406981432434,59.90676031075418,0.21848644316196442,0.22784338891506195,0,0,0.08545838450195256,0.061364129185676575,18100
88200,100000,101,214,-2.590329005820487,0.01999521255493164,-239.972984955205,71.23243355564773,0.01999521255493164,0.671210527420044,0,0,0.08545838450195256,0.060821227729320526,18200
88300,100000,103,46,-0.6806860904916178,0.4860668480396271,-7.887866834515065,89.09075471758842,0.4860668480396271,0.1271367073059082,0,0,0.08878917277397531,0.06091368570923805,18300
88400,100000,105,54,-0.6487302844523473,0.03623025119304657,-21.448786714622393,43.15838525816798,0.03623025119304657,0.49874117970466614,0,0,0.09334997468478023,0.06185485050082207,18400
88500,100000,105,154,-0.15288195504608162,0.16915372014045715,-50.673839421812545,74.44778908789158,0.16915372014045715,0.5143181681632996,0,0,0.09334997468478023,0.061555854976177216,18500
88600,100000,106,14,-0.15756609020787102,0.30818766355514526,-1.8184092141212027,3.6050529330968857,0.30818766355514526,0.3553416430950165,0,0,0.09536416684544327,0.06163308396935463,18600
88700,100000,106,114,0.017912357333436504,0.41528427600860596,-14.971171114597452,39.96995385363698,0.41528427600860596,0.22634057700634003,0,0,0.09536416684544327,0.06143566966056824,18700
88800,100000,107,45,-0.14667363337938533,0.170197531580925,-3.7479620230137196,5.325128890573978,0.170197531580925,0.353527307510376,0,0,0.09734462304458952,0.06214170157909393,18800
88900,100000,107,145,-0.7147760321064743,0.049269892275333405,-21.88470445682892,40.100954335182905,0.049269892275333405,0.4414174258708954,0,0,0.09734462304458952,0.06293922662734985,18900
89000,100000,108,5,0.018122055854746577,0.07342014461755753,-0.7108690537457631,0.4108479246497154,0.07342014461755753,0.37750253081321716,0,0,0.09910792533859196,0.06406533718109131,19000
89100,100000,108,105,-0.5166287365477285,0.3829577565193176,-5.620887195143021,47.81911888718605,0.3829577565193176,0.15677596628665924,0,0,0.09910792533859196,0.06383127719163895,19100
89200,100000,108,205,-0.6103662810390279,0.06695619970560074,-40.498001766856966,78.84585396945477,0.06695619970560074,0.39155739545822144,0,0,0.09910792533859196,0.06371934711933136,19200
89300,100000,109,65,-0.7013057898546685,3.800000011920929,-16.05843707037641,69.9643152654171,0.800000011920929,0.08854524046182632,0,0,0.10067503933530829,0.0640845075249672,19300
89400,100000,110,7,-0.25698794363923416,0.2881752550601959,-1.8757703084262742,1.4627463966608047,0.2881752550601959,0.33027908205986023,0,0,0.1022929659702439,0.06478822231292725,19400
89500,100000,111,25,-0.1824022569695788,0.07282622158527374,-4.767442318676341,2.1910729855298996,0.07282622158527374,0.4668287932872772,0,0,0.10374858557357709,0.06493386626243591,19500
89600,100000,112,15,-0.6331250990671572,0.3696644604206085,-6.020265132251035,5.453648775815964,0.3696644604206085,0.24153994023799896,0,0,0.10489450469424454,0.0648011863231659,19600
89700,100000,113,50,-0.32240427975190933,0.2452511191368103,-15.193632994893216,6.9810621291399,0.2452511191368103,0.27000755071640015,0,0,0.10587020488139443,0.06460107862949371,19700
89800,100000,113,150,-1.51030012934217,0.4109909236431122,-102.08787990217306,78.40811544656754,0.4109909236431122,0.17960824072360992,0,0,0.10587020488139443,0.06451993435621262,19800
89900,100000,114,10,-0.2484589048428555,0.23746357858181,-3.6350468363577035,1.938077799975872,0.23746357858181,0.40099799633026123,0,0,0.1068443951793309,0.0649835467338562,19900
90000,100000,114,110,-0.11129508786030846,0.13297632336616516,-34.626963646364594,22.420590616762638,0.13297632336616516,0.29322993755340576,0,0,0.1068443951793309,0.06533313542604446,20000
90100,100000,114,210,-0.8399222089224102,0.05694112554192543,-63.010897200338285,26.7131314445287,0.05694112554192543,0.8643970489501953,0,0,0.1068443951793309,0.06517913937568665,20100
90200,100000,115,70,-0.4895933955535066,0.0773131400346756,-31.434348772103377,107.89276356250048,0.0773131400346756,0.3697693347930908,0,0,0.1075539463332485,0.06513828039169312,20200
90300,100000,116,42,-0.3728095268848301,3.8029927015304565,-6.107930432763902,53.801387786865234,0.8029927015304565,0.09959354251623154,0,0,0.10859814530759719,0.06525681912899017,20300
90400,100000,117,87,-2.7414397239602035,0.123045913875103,-200.37217654946207,27.557174026966095,0.123045913875103,0.39002418518066406,0,0,0.11032904145909161,0.06556723266839981,20400
90500,100000,117,187,-1.808750559256819,0.16843189299106598,-362.996091345854,34.94946699589491,0.16843189299106598,0.4936685264110565,0,0,0.11032904145909161,0.06578031927347183,20500
90600,100000,118,47,-0.5931437335822719,0.3256179690361023,-34.50364592535339,5.052244119346142,0.3256179690361023,0.31966376304626465,0,0,0.11178000697352194,0.06621064245700836,20600
90700,100000,118,147,-0.3127899649589861,0.024587122723460197,-69.33702176179398,55.77836017124355,0.024587122723460197,0.7038034200668335,0,0,0.11178000697352194,0.06692107766866684,20700
90800,100000,119,7,-0.1247600559821246,0.05910463631153107,-1.7109885645449334,0.47998983412981033,0.05910463631153107,0.46554943919181824,0,0,0.11304049723505175,0.06739240139722824,20800
90900,100000,119,107,-0.0618038599536675,0.5901817679405212,-37.41964209553807,37.15373099595308,0.5901817679405212,0.16780631244182587,0,0,0.11304049723505175,0.06782277673482895,20900
91000,100000,119,207,-0.22828331428252727,0.5691671967506409,-43.14798193956519,62.26246314868331,0.5691671967506409,0.13305260241031647,0,0,0.11304049723505175,0.06858652830123901,21000
91100,100000,120,67,-5.411219799314731,0.028994640335440636,-238.5449862621543,13.2493857126683,0.028994640335440636,0.5485655665397644,0,0,0.11417862745046448,0.06933186948299408,21100
91200,100000,120,167,-1.3651293588245164,0.32274651527404785,-500.6816358206687,23.408298948779702,0.32274651527404785,0.3144438564777374,0,0,0.11417862745046448,0.06941404938697815,21200
91300,100000,121,27,0.01893100292742524,0.42760249972343445,-2.3707333456001534,14.136744141578674,0.42760249972343445,0.1433214396238327,0,0,0.11505844266756761,0.06888005882501602,21300
91400,100000,121,127,-0.4467140864272781,0.30132806301116943,-84.26656074541657,24.772862046957016,0.30132806301116943,0.33521637320518494,0,0,0.11505844266756761,0.0683894231915474,21400
91500,100000,121,227,-2.148794772463225,0.09428951144218445,-178.6883316138142,33.31007079035044,0.09428951144218445,0.44732657074928284,0,0,0.11505844266756761,0.06873390823602676,21500
91600,100000,123,66,0.03333660476242441,3.800000011920929,-3.3589739999363832,63.66616851836443,0.800000011920929,0.11091401427984238,0,0,0.11614112449119905,0.06880621612071991,21600
91700,100000,123,166,-0.5838549356344609,0.21147367358207703,-52.70219192991278,84.2600696478039,0.21147367358207703,0.26431602239608765,0,0,0.11614112449119905,0.06902023404836655,21700
91800,100000,124,26,0.2035391743854012,0.49829864501953125,-5.322059854088287,57.15316843986511,0.49829864501953125,0.12406093627214432,0,0,0.11648765219605034,0.06900884956121445,21800
91900,100000,124,126,-0.8083324277363317,0.25893017649650574,-58.424598043356156,77.04773717559874,0.25893017649650574,0.20609571039676666,0,0,0.11648765219605034,0.06885045021772385,21900
92000,100000,124,226,-0.6030771951134309,0.11086515337228775,-110.35721597701225,200.09548928029835,0.11086515337228775,0.31811991333961487,0,0,0.11648765219605034,0.06889712065458298,22000
92100,100000,125,86,-0.5242468248021044,0.11453567445278168,-29.78922926972012,85.17873823642731,0.11453567445278168,0.31361404061317444,0,0,0.11696078473942548,0.06940958648920059,22100
92200,100000,125,186,-0.9116728755723332,0.044104885309934616,-100.1039194478263,92.38255460746586,0.044104885309934616,0.47789135575294495,0,0,0.11696078473942548,0.06909231841564178,22200
92300,100000,126,46,-0.44739455637555076,0.25121429562568665,-7.974105285520698,14.133799776434898,0.25121429562568665,0.20995180308818817,0,0,0.11733133481376751,0.07003910094499588,22300
92400,100000,126,146,-0.39935395629147313,0.033721938729286194,-36.6179602252542,29.57095818221569,0.033721938729286194,0.7063199877738953,0,0,0.11733133481376751,0.07031433284282684,22400
92500,100000,127,6,-0.2341043081334221,0.5589748620986938,-1.8561710448867745,2.642146110534668,0.5589748620986938,0.20540083944797516,0,0,0.11757859946914924,0.07055164128541946,22500
92600,100000,128,12,-0.2952569871442645,0.24670523405075073,-3.0712992083682567,2.9952738732099533,0.24670523405075073,0.2637179493904114,0,0,0.11811801318463777,0.07120312005281448,22600
92700,100000,128,112,0.28081960318268434,0.22936683893203735,-75.37106970770498,23.148544386029243,0.22936683893203735,0.33636555075645447,0,0,0.11811801318463777,0.07219452410936356,22700
92800,100000,128,212,-1.056961726545285,0.16188499331474304,-107.01038219660624,47.49693438410759,0.16188499331474304,0.2682342231273651,0,0,0.11811801318463777,0.07233314961194992,22800
92900,100000,129,72,-0.6338255859436666,0.8116268515586853,-78.73679738562464,16.091082111001015,0.8116268515586853,0.14376147091388702,0,0,0.11846413127393492,0.07244640588760376,22900
93000,100000,130,15,0.05280304895145086,0.3402636647224426,-1.4096701612697307,5.093989089131355,0.3402636647224426,0.21195931732654572,0,0,0.11875780257215388,0.07284313440322876,23000
93100,100000,130,115,-0.642691746750952,0.03694872930645943,-41.8737416436119,98.80233566462994,0.03694872930645943,0.49475911259651184,0,0,0.11875780257215388,0.07252763956785202,23100
93200,100000,130,215,-0.5554222212678406,0.06004966422915459,-101.21484372264918,102.12977339699864,0.06004966422915459,0.6946375966072083,0,0,0.11875780257215388,0.07203502953052521,23200
93300,100000,131,75,-0.1288733759198329,3.8470727801322937,-12.948417439365018,63.334010154008865,0.8470727801322937,0.07721149176359177,0,0,0.11897669480612237,0.0726979672908783,23300
93400,100000,131,175,-0.6725774148199082,0.14962081611156464,-67.58245625197287,232.6083555817604,0.14962081611156464,0.27740058302879333,0,0,0.11897669480612237,0.07379161566495895,23400
93500,100000,132,35,-1.5613090893505615,0.19433552026748657,-39.98648678637142,4.118251629173756,0.19433552026748657,0.3531809151172638,0,0,0.11939944869927509,0.07431600987911224,23500
93600,100000,132,135,-0.22719766903231467,0.13473467528820038,-131.51487513196327,211.0100432857871,0.13473467528820038,0.29145556688308716,0,0,0.11939944869927509,0.07413684576749802,23600
93700,100000,132,235,-0.41151487457512415,0.5533662438392639,-151.30217351905847,239.60926011949778,0.5533662438392639,0.1713200956583023,0,0,0.11939944869927509,0.07493489980697632,23700
93800,100000,134,21,-0.14499434183844534,0.4004862606525421,-1.9555200373017083,6.769638180732727,0.4004862606525421,0.20133155584335327,0,0,0.1209456677601286,0.07617489993572235,23800
93900,100000,134,121,-0.922343310969137,0.1671038120985031,-66.45000191863969,178.32883091270924,0.1671038120985031,0.26275497674942017,0,0,0.1209456677601286,0.07608679682016373,23900
94000,100000,134,221,-0.39721652452349765,0.3046046793460846,-107.33658190500927,189.96672460064292,0.3046046793460846,0.25639307498931885,0,0,0.1209456677601286,0.07743614166975021,24000
94100,100000,136,60,-0.5163730964241285,0.2557264566421509,-22.700384481101036,19.213116832077503,0.2557264566421509,0.2076817899942398,0,0,0.12348690332003592,0.07792142033576965,24100
94200,100000,136,160,-1.1149234389653022,0.05734292417764664,-102.80223681238755,26.65696088038385,0.05734292417764664,0.5333622694015503,0,0,0.12348690332003592,0.0776343047618866,24200
94300,100000,137,20,-1.2109879186453034,0.21831242740154266,-18.98438473844731,3.2859556823968887,0.21831242740154266,0.34969472885131836,0,0,0.12473245928540502,0.07822980731725693,24300
94400,100000,137,120,0.0994289679319624,0.20837578177452087,-78.98763832787286,41.52095535583794,0.20837578177452087,0.3011114001274109,0,0,0.12473245928540502,0.07812384516000748,24400
94500,100000,137,220,-0.3874688595740474,0.03079487755894661,-97.49553013428968,128.88769038580358,0.03079487755894661,0.5341063737869263,0,0,0.12473245928540502,0.07827458530664444,24500
94600,100000,138,80,-0.15007451464564953,0.03353361040353775,-16.730881104882958,15.588302984833717,0.03353361040353775,0.5149897933006287,0,0,0.12592429809651434,0.07842613756656647,24600
94700,100000,138,180,-0.2803818707672238,0.16452179849147797,-43.16366155303083,24.4162121694535,0.16452179849147797,0.3289921283721924,0,0,0.12592429809651434,0.07940724492073059,24700
94800,100000,140,29,-0.8182390208746463,0.05349719896912575,-8.539467312820593,1.6553677655756474,0.05349719896912575,0.5004826784133911,0,0,0.1282666553050772,0.07887492328882217,24800
94900,100000,141,43,-0.4157140546344206,0.4262273907661438,-15.76289811791936,18.8539137840271,0.4262273907661438,0.14343677461147308,0,0,0.12962682466630362,0.07950184494256973,24900
95000,100000,141,143,-0.32168731852349564,0.10898396372795105,-45.04658662500967,34.5054481998086,0.10898396372795105,0.320496529340744,0,0,0.12962682466630362,0.08025413006544113,25000
95100,100000,142,3,-0.5862368994971576,0.2022157609462738,-1.6004323770145399,0.5959475636482239,0.2022157609462738,0.4733801782131195,0,0,0.13085730070875284,0.08049725741147995,25100
95200,100000,142,103,-0.5612334723172894,0.04576767608523369,-58.8214379116688,54.0616992674768,0.04576767608523369,0.454328328371048,0,0,0.13085730070875284,0.08010013401508331,25200
95300,100000,142,203,0.07930788970723121,0.18905743956565857,-77.92007003537775,67.34348472766578,0.18905743956565857,0.24658270180225372,0,0,0.13085730070875284,0.08043214678764343,25300
95400,100000,143,63,-0.5336694547536402,0.25554075837135315,-35.66567554045178,9.845759697258472,0.25554075837135315,0.2611193060874939,0,0,0.13190104048245985,0.08114279806613922,25400
95500,100000,144,40,0.09824150494108835,0.35847562551498413,-15.780724445472174,11.873968549072742,0.35847562551498413,0.16595663130283356,0,0,0.13273956999393524,0.08089597523212433,25500
95600,100000,144,140,-0.4155619903312908,0.16524341702461243,-48.97545956855343,104.88297214359045,0.16524341702461243,0.2642311453819275,0,0,0.13273956999393524,0.080203115940094,25600
95700,100000,144,240,-0.956743152990455,0.06989103555679321,-100.07306937440143,111.22088686935604,0.06989103555679321,0.48407456278800964,0,0,0.13273956999393524,0.08075353503227234,25700
95800,100000,145,100,-0.7653020137970725,0.1206398606300354,-31.877814915593195,128.0862493738532,0.1206398606300354,0.40665435791015625,0,0,0.13349288321081468,0.080748550593853,25800
95900,100000,145,200,-0.04343734587416563,0.2625487148761749,-55.7469503496179,148.04535965435207,0.2625487148761749,0.39149534702301025,0,0,0.13349288321081468,0.08074565976858139,25900
96000,100000,146,60,-0.35290997580278494,0.06487775593996048,-15.741974057345534,26.762035340070724,0.06487775593996048,0.39645037055015564,0,0,0.1342610625616774,0.08081535995006561,26000
96100,100000,146,160,-0.2622385737319332,0.13778340816497803,-54.64602245208306,35.173652209341526,0.13778340816497803,0.32170432806015015,0,0,0.1342610625616774,0.08080888539552689,26100
96200,100000,147,20,-0.13696879920766442,0.07821258902549744,-2.744112087599897,3.705717518925667,0.07821258902549744,0.36805135011672974,0,0,0.13480374318087976,0.08106376975774765,26200
96300,100000,147,120,-0.15275674779081896,0.047824643552303314,-36.45669143657378,11.226717546582222,0.047824643552303314,0.44657811522483826,0,0,0.13480374318087976,0.08091503381729126,26300
96400,100000,147,220,-0.3180374019574004,0.5829957723617554,-72.28148144243804,28.282405015081167,0.5829957723617554,0.1819709688425064,0,0,0.13480374318087976,0.08128538727760315,26400
96500,100000,148,80,-1.6406225908560808,0.16265472769737244,-50.006151028437294,7.818452540785074,0.16265472769737244,0.2766133248806,0,0,0.1351207182106313,0.08194463700056076,26500
96600,100000,148,180,-0.7263323968254034,0.1541525274515152,-151.84521475901144,19.020170150324702,0.1541525274515152,0.5940229892730713,0,0,0.1351207182106313,0.08206701278686523,26600
96700,100000,149,40,-0.5586695933822287,0.17800331115722656,-14.33104599052782,6.312464222311974,0.17800331115722656,0.3537411391735077,0,0,0.1352289744798838,0.08237014710903168,26700
96800,100000,149,140,-1.0106995173950828,0.06945115327835083,-97.82773937795795,82.21738013625145,0.06945115327835083,0.38593578338623047,0,0,0.1352289744798838,0.08226925134658813,26800
96900,100000,149,240,-0.1495173566655801,0.20907552540302277,-152.75707648305493,89.68353599123657,0.20907552540302277,0.3277454674243927,0,0,0.1352289744798838,0.08219015598297119,26900
97000,100000,150,100,0.0818658090559245,0.29287195205688477,-43.22980536319591,53.23432706296444,0.29287195205688477,0.3594892919063568,0,0,0.13524365863565543,0.0826924741268158,27000
97100,100000,150,200,-0.3347860343680504,0.04560653492808342,-65.8189922418009,84.34206233173609,0.04560653492808342,0.5742043852806091,0,0,0.13524365863565543,0.08312015235424042,27100
97200,100000,152,36,-0.8187349362518723,0.6745592355728149,-5.753365541656599,15.1272943764925,0.6745592355728149,0.1386697143316269,0,0,0.13486668814326927,0.08328180760145187,27200
97300,100000,152,136,-0.2445138440518867,0.026776311919093132,-84.82419591973574,144.5079144909978,0.026776311919093132,0.5691729784011841,0,0,0.13486668814326927,0.08354322612285614,27300
97400,100000,152,236,-0.7541180590071156,0.01985429786145687,-109.55470728649267,158.75337287969887,0.01985429786145687,0.6746004223823547,0,0,0.13486668814326927,0.08399337530136108,27400
97500,100000,153,96,-0.21617463323987984,0.0503537617623806,-8.816143638013472,5.383214734494686,0.0503537617623806,0.4376877546310425,0,0,0.13464433884678292,0.08400622755289078,27500
97600,100000,153,196,-0.1185335909771397,0.041617024689912796,-23.148563650153815,15.852297686040401,0.041617024689912796,0.6471395492553711,0,0,0.13464433884678292,0.08388106524944305,27600
97700,100000,154,56,-0.4406203843496144,0.10076228529214859,-14.065738213764872,6.094012476503849,0.10076228529214859,0.4399567246437073,0,0,0.13419439226672497,0.08387382328510284,27700
97800,100000,154,156,-0.516778708394869,0.04535108059644699,-40.40453518449966,22.841644337400794,0.04535108059644699,0.6368967890739441,0,0,0.13419439226672497,0.08414643257856369,27800
97900,100000,155,16,0.18866580993784623,0.08637216687202454,1.1250479083787013,1.9073924869298935,0.08637216687202454,0.35349664092063904,0,0,0.13357560257867007,0.08437812328338623,27900
98000,100000,155,116,-0.2088685325853084,0.4498283267021179,-8.997632772846812,93.8058676943183,0.4498283267021179,0.14802967011928558,0,0,0.13357560257867007,0.08373142033815384,28000
98100,100000,155,216,-0.08218653614376997,0.4113439619541168,-29.9144472459633,131.1790382489562,0.4113439619541168,0.17452959716320038,0,0,0.13357560257867007,0.08375660330057144,28100
98200,100000,156,76,-0.5354034266696592,0.015962649136781693,-32.138395811972536,10.293802009895444,0.015962649136781693,0.8626110553741455,0,0,0.13301058591485837,0.08442530781030655,28200
98300,100000,156,176,0.10221080322885227,0.4081781208515167,-52.21448547158734,21.581545477733016,0.4081781208515167,0.2637246549129486,0,0,0.13301058591485837,0.08461686223745346,28300
98400,100000,157,90,-1.7269409015431347,3.814048647880554,-78.49656058513831,67.91939944028854,0.8140486478805542,0.08602329343557358,0,0,0.13227248151111565,0.08478405326604843,28400
98500,100000,157,190,-0.1182177932064269,0.30356365442276,-120.80037628709897,132.8532524369657,0.30356365442276,0.23237936198711395,0,0,0.13227248151111565,0.08465112745761871,28500
98600,100000,158,50,-0.7356623350394006,0.047197215259075165,-8.449260718031761,29.996170446276665,0.047197215259075165,0.44888952374458313,0,0,0.13159465721499947,0.08373963087797165,28600
98700,100000,158,150,-0.4391858312134139,3.8451104164123535,-41.311739777040174,72.97546917013824,0.8451104164123535,0.08277437835931778,0,0,0.13159465721499947,0.08425167948007584,28700
98800,100000,159,10,0.040348538079983814,0.3232804834842682,-0.5520075917918623,2.603318691253662,0.3232804834842682,0.31026169657707214,0,0,0.1309882728263804,0.08449438214302063,28800
98900,100000,160,67,0.07341004813838095,0.18361619114875793,-5.443763520868202,15.566544251516461,0.18361619114875793,0.5451678037643433,0,0,0.1309671835262657,0.08459272235631943,28900
99000,100000,161,92,-1.8984732415901184,0.39860066771507263,-103.61124976919356,146.39163686335087,0.39860066771507263,0.15238673985004425,0,0,0.13079011519665693,0.08415178209543228,29000
99100,100000,161,192,-1.829088311913439,0.5786861777305603,-345.552547897534,212.2340465709567,0.5786861777305603,0.20311467349529266,0,0,0.13079011519665693,0.08447163552045822,29100
99200,100000,162,52,-0.8031350851177789,0.5469026565551758,-41.172807638181915,85.91695669293404,0.5469026565551758,0.15826289355754852,0,0,0.13094762902619825,0.0842108353972435,29200
99300,100000,163,3,0.06887365356363709,0.34263014793395996,-0.1509174228001509,0.8991753160953522,0.34263014793395996,0.456020712852478,0,0,0.13133715394898604,0.0845353826880455,29300
99400,100000,163,103,-0.15440294856693768,0.43752536177635193,-10.5991197563009,89.20241557247937,0.43752536177635193,0.3264731168746948,0,0,0.13133715394898604,0.08584459125995636,29400
99500,100000,163,203,-0.06510057689878813,0.09809374064207077,-46.69879776960276,223.20298537798226,0.09809374064207077,0.3352644145488739,0,0,0.13133715394898604,0.08592945337295532,29500
99600,100000,164,63,-0.2323489294723416,0.15733389556407928,-5.867161458508761,17.585984513163567,0.15733389556407928,0.2707180380821228,0,0,0.1319001863072887,0.08622965961694717,29600
99700,100000,164,163,0.14162029716774036,0.33745965361595154,-38.06835023788981,50.35044015944004,0.33745965361595154,0.17261184751987457,0,0,0.1319001863072887,0.08606389164924622,29700
99800,100000,165,23,-0.1098993481996979,0.45970648527145386,-4.452797698361315,10.728148341178894,0.45970648527145386,0.13404600322246552,0,0,0.1322767737562504,0.08577096462249756,29800
99900,100000,168,8,-0.19172878724157386,0.1817699372768402,-1.8517615036833524,1.2210747301578522,0.1817699372768402,0.3400670289993286,0,0,0.13618168673746037,0.08619704097509384,29900
100000,100000,168,108,-0.9884047357253851,0.13426703214645386,-58.18314102280668,11.74818017333746,0.13426703214645386,0.34860265254974365,0,0,0.13618168673746037,0.08715621381998062,30000
