episode,seed,seed_manifest,reward,cost,length,success,collision,collision_any,collision_capsule_overlap,collision_pybullet_contact,termination_collision,termination_reason,collision_termination_mode,unavoidable_collision,avoidable_collision,collision_contact_link_indices,collision_contact_link_names,collision_min_contact_distance,non_end_link_collision,final_position_error,completion_time,min_distance,mean_risk,max_risk,safety_violation_count,safety_violation_rate,safety_filter_intervention_rate,mean_safety_filter_intervention_norm,safety_filter_safe_stop_rate,safety_filter_infeasible_rate,safety_filter_projection_failure_rate,safety_filter_fallback_rate,safety_filter_qp_used_rate,safety_filter_qp_timeout_rate,safety_filter_compute_budget_stop_rate,predictive_near_miss_rate,min_predictive_h_m,mean_safety_filter_solve_time_s,max_safety_filter_solve_time_s,mean_safety_filter_predictive_risk_time_s,mean_safety_filter_jacobian_workspace_time_s,mean_safety_filter_projection_time_s,mean_action_variation,rms_acceleration,rms_jerk,recovery_triggered,recovery_success,recovery_steps,recovery_duration_s,initially_unsafe,initial_predictive_h_m
0,9001,configs/experiments/reaching_recovery/manifests/v1_final.json,24.679165182107422,1.743653716519475,19,1,0,0,0,0,0,,any,0,0,,,nan,0,0.04678844287991524,0.9500000000000001,0.20570583641529083,0.0917712482378671,0.2597241997718811,0,0.0,nan,nan,nan,nan,nan,nan,nan,nan,nan,nan,nan,nan,nan,nan,nan,nan,0.23936061717961965,2.2903144359588623,38.803184509277344,0,0,0,0.0,0,nan
1,9002,configs/experiments/reaching_recovery/manifests/v1_final.json,23.550672689241637,0.40233879536390305,13,1,0,0,0,0,0,,any,0,0,,,nan,0,0.046004749834537506,0.65,0.6394591331481934,0.03094913810491562,0.05276784300804138,0,0.0,nan,nan,nan,nan,nan,nan,nan,nan,nan,nan,nan,nan,nan,nan,nan,nan,0.2053397326515271,2.026475429534912,34.196285247802734,0,0,0,0.0,0,nan
2,9003,configs/experiments/reaching_recovery/manifests/v1_final.json,-1.6290081724972705,8.124956695362926,240,0,0,0,0,0,0,,any,0,0,,,nan,0,0.08082408457994461,12.0,0.6218286156654358,0.033853986230678854,0.09184805303812027,0,0.0,nan,nan,nan,nan,nan,nan,nan,nan,nan,nan,nan,nan,nan,nan,nan,nan,0.21357717239297927,1.9089808464050293,28.641340255737305,0,0,0,0.0,0,nan
3,9004,configs/experiments/reaching_recovery/manifests/v1_final.json,-2.1687066831101833,5.606832506135106,240,0,0,0,0,0,0,,any,0,0,,,nan,0,0.11912141740322113,12.0,0.3020775616168976,0.023361802108896275,0.12458629161119461,0,0.0,nan,nan,nan,nan,nan,nan,nan,nan,nan,nan,nan,nan,nan,nan,nan,nan,0.05703998508688528,0.84931880235672,12.545669555664062,0,0,0,0.0,0,nan
4,9005,configs/experiments/reaching_recovery/manifests/v1_final.json,24.540409389102976,1.606297206133604,28,1,0,0,0,0,0,,any,0,0,,,nan,0,0.049793142825365067,1.4000000000000001,0.28154700994491577,0.05736775736191443,0.14504647254943848,0,0.0,nan,nan,nan,nan,nan,nan,nan,nan,nan,nan,nan,nan,nan,nan,nan,nan,0.24111850453274591,2.2426235675811768,35.18054962158203,0,0,0,0.0,0,nan
5,9006,configs/experiments/reaching_recovery/manifests/v1_final.json,-2.634703086420558,102.58140437304974,240,0,0,0,0,0,0,,any,0,0,,,nan,0,0.15826526284217834,12.0,0.13104139268398285,0.42742251822104055,0.7271124720573425,0,0.0,nan,nan,nan,nan,nan,nan,nan,nan,nan,nan,nan,nan,nan,nan,nan,nan,0.14297217099616924,1.2949914932250977,29.48444366455078,0,0,0,0.0,0,nan
6,9007,configs/experiments/reaching_recovery/manifests/v1_final.json,24.47206660936773,7.851264774799347,39,1,0,0,0,0,0,,any,0,0,,,nan,0,0.054930154234170914,1.9500000000000002,0.26325473189353943,0.20131448140511146,0.3178785741329193,0,0.0,nan,nan,nan,nan,nan,nan,nan,nan,nan,nan,nan,nan,nan,nan,nan,nan,0.16546478289633226,1.6380709409713745,22.72760581970215,0,0,0,0.0,0,nan
7,9008,configs/experiments/reaching_recovery/manifests/v1_final.json,24.09737257876566,0.6028657834976912,17,1,0,0,0,0,0,,any,0,0,,,nan,0,0.05184333771467209,0.8500000000000001,0.40540000796318054,0.03546269314692301,0.06128859519958496,0,0.0,nan,nan,nan,nan,nan,nan,nan,nan,nan,nan,nan,nan,nan,nan,nan,nan,0.2678550056674901,2.4323556423187256,38.90431213378906,0,0,0,0.0,0,nan
8,9009,configs/experiments/reaching_recovery/manifests/v1_final.json,-3.1446957897627428,47.83758471161127,240,0,0,0,0,0,0,,any,0,0,,,nan,0,0.13218316435813904,12.0,0.21965518593788147,0.19932326963171362,0.3497043550014496,0,0.0,nan,nan,nan,nan,nan,nan,nan,nan,nan,nan,nan,nan,nan,nan,nan,nan,0.0748061028503192,0.8780725002288818,10.982375144958496,0,0,0,0.0,0,nan
9,9010,configs/experiments/reaching_recovery/manifests/v1_final.json,-3.968168241127477,7.633537080138922,240,0,0,0,0,0,0,,any,0,0,,,nan,0,0.1126990094780922,12.0,0.50742107629776,0.03180640450057884,0.0586494617164135,0,0.0,nan,nan,nan,nan,nan,nan,nan,nan,nan,nan,nan,nan,nan,nan,nan,nan,0.08995989340667923,0.955410897731781,14.21963119506836,0,0,0,0.0,0,nan
10,9011,configs/experiments/reaching_recovery/manifests/v1_final.json,-3.513285801112985,10.250754170119762,240,0,0,0,0,0,0,,any,0,0,,,nan,0,0.1447831243276596,12.0,0.4494593143463135,0.042711475708832346,0.06271952390670776,0,0.0,nan,nan,nan,nan,nan,nan,nan,nan,nan,nan,nan,nan,nan,nan,nan,nan,0.08613886014791206,0.9998327493667603,14.240943908691406,0,0,0,0.0,0,nan
11,9012,configs/experiments/reaching_recovery/manifests/v1_final.json,24.334938745203594,0.5188885573297739,13,1,0,0,0,0,0,,any,0,0,,,nan,0,0.05487116798758507,0.65,0.3755178451538086,0.03991450440998261,0.07439545542001724,0,0.0,nan,nan,nan,nan,nan,nan,nan,nan,nan,nan,nan,nan,nan,nan,nan,nan,0.3070591814242877,2.7028086185455322,45.851951599121094,0,0,0,0.0,0,nan
12,9013,configs/experiments/reaching_recovery/manifests/v1_final.json,24.830878599933857,0.6349510010331869,12,1,0,0,0,0,0,,any,0,0,,,nan,0,0.03604023531079292,0.6000000000000001,0.32441943883895874,0.052912583419432245,0.10595916956663132,0,0.0,nan,nan,nan,nan,nan,nan,nan,nan,nan,nan,nan,nan,nan,nan,nan,nan,0.25374187839527923,2.4416847229003906,41.66371154785156,0,0,0,0.0,0,nan
13,9014,configs/experiments/reaching_recovery/manifests/v1_final.json,-6.22729147215165,6.211012599989772,240,0,0,0,0,0,0,,any,0,0,,,nan,0,0.12148100882768631,12.0,0.6255165934562683,0.02587921916662405,0.15461303293704987,0,0.0,nan,nan,nan,nan,nan,nan,nan,nan,nan,nan,nan,nan,nan,nan,nan,nan,0.03719586218309511,0.7766299843788147,12.62497615814209,0,0,0,0.0,0,nan
14,9015,configs/experiments/reaching_recovery/manifests/v1_final.json,21.23976608751485,2.0141709372401237,11,1,0,0,0,0,0,,any,0,0,,,nan,0,0.04868163913488388,0.55,0.2689976990222931,0.18310644884001126,0.26947978138923645,0,0.0,nan,nan,nan,nan,nan,nan,nan,nan,nan,nan,nan,nan,nan,nan,nan,nan,0.21201818165453998,1.8679771423339844,37.1544303894043,0,0,0,0.0,0,nan
15,9016,configs/experiments/reaching_recovery/manifests/v1_final.json,24.450065476974462,2.0116773955523968,20,1,0,0,0,0,0,,any,0,0,,,nan,0,0.05412362888455391,1.0,0.23023411631584167,0.10058386977761984,0.2144712656736374,0,0.0,nan,nan,nan,nan,nan,nan,nan,nan,nan,nan,nan,nan,nan,nan,nan,nan,0.27087139040231706,2.499542713165283,39.95756530761719,0,0,0,0.0,0,nan
16,9017,configs/experiments/reaching_recovery/manifests/v1_final.json,-3.7923780074020517,9.34079084917903,240,0,0,0,0,0,0,,any,0,0,,,nan,0,0.11124031245708466,12.0,0.5855247974395752,0.03891996187157929,0.13785560429096222,0,0.0,nan,nan,nan,nan,nan,nan,nan,nan,nan,nan,nan,nan,nan,nan,nan,nan,0.2282962717736761,2.0207974910736084,26.953554153442383,0,0,0,0.0,0,nan
17,9018,configs/experiments/reaching_recovery/manifests/v1_final.json,-4.274484902728595,9.550808437168598,239,1,0,0,0,0,0,,any,0,0,,,nan,0,0.053749024868011475,11.950000000000001,0.29231688380241394,0.03996154157811129,0.16490310430526733,0,0.0,nan,nan,nan,nan,nan,nan,nan,nan,nan,nan,nan,nan,nan,nan,nan,nan,0.20478250223473027,1.960940957069397,32.820377349853516,0,0,0,0.0,0,nan
18,9019,configs/experiments/reaching_recovery/manifests/v1_final.json,23.29449198367566,1.2458079010248184,16,1,0,0,0,0,0,,any,0,0,,,nan,0,0.05058898404240608,0.8,0.24881142377853394,0.07786299381405115,0.18585337698459625,0,0.0,nan,nan,nan,nan,nan,nan,nan,nan,nan,nan,nan,nan,nan,nan,nan,nan,0.29256697930395603,2.5279932022094727,34.33960723876953,0,0,0,0.0,0,nan
19,9020,configs/experiments/reaching_recovery/manifests/v1_final.json,-5.811384447615801,16.111492354422808,240,0,0,0,0,0,0,,any,0,0,,,nan,0,0.11412160098552704,12.0,0.3886440396308899,0.06713121814342836,0.10240104794502258,0,0.0,nan,nan,nan,nan,nan,nan,nan,nan,nan,nan,nan,nan,nan,nan,nan,nan,0.09892137234758897,1.0846689939498901,16.168174743652344,0,0,0,0.0,0,nan
20,9021,configs/experiments/reaching_recovery/manifests/v1_final.json,-42.10667058865497,11.285326652228832,240,0,0,0,0,0,0,,any,0,0,,,nan,0,0.430909663438797,12.0,0.21113328635692596,0.0470221943842868,0.3705759346485138,0,0.0,nan,nan,nan,nan,nan,nan,nan,nan,nan,nan,nan,nan,nan,nan,nan,nan,0.11583216736714046,1.3466942310333252,22.690277099609375,0,0,0,0.0,0,nan
21,9022,configs/experiments/reaching_recovery/manifests/v1_final.json,-5.6259210953642445,322.335829988122,137,0,1,1,0,1,1,pybullet_contact,any,0,0,6,wrist_2_link,0.0017103700284961893,1,0.17292384803295135,6.8500000000000005,0.016301685944199562,0.6520863502782627,0.9839615821838379,75,0.5474452554744526,nan,nan,nan,nan,nan,nan,nan,nan,nan,nan,nan,nan,nan,nan,nan,nan,0.15887014359833984,1.6764264106750488,28.76641273498535,0,0,0,0.0,0,nan
22,9023,configs/experiments/reaching_recovery/manifests/v1_final.json,-25.613817972998916,127.35966801643372,240,0,0,0,0,0,0,,any,0,0,,,nan,0,0.29735949635505676,12.0,0.11430219560861588,0.41816528340180714,0.9124875068664551,9,0.0375,nan,nan,nan,nan,nan,nan,nan,nan,nan,nan,nan,nan,nan,nan,nan,nan,0.20065082265064121,2.0506820678710938,32.4431266784668,0,0,0,0.0,0,nan
23,9024,configs/experiments/reaching_recovery/manifests/v1_final.json,-2.517008595250411,65.68849802017212,240,0,0,0,0,0,0,,any,0,0,,,nan,0,0.10987871140241623,12.0,0.19264976680278778,0.2737020750840505,0.35777971148490906,0,0.0,nan,nan,nan,nan,nan,nan,nan,nan,nan,nan,nan,nan,nan,nan,nan,nan,0.05523311959004786,0.9248049855232239,14.901029586791992,0,0,0,0.0,0,nan
24,9025,configs/experiments/reaching_recovery/manifests/v1_final.json,-1.1706719710900801,38.241390101611614,240,0,0,0,0,0,0,,any,0,0,,,nan,0,0.10038367658853531,12.0,0.22095274925231934,0.15933912542338172,0.33501195907592773,0,0.0,nan,nan,nan,nan,nan,nan,nan,nan,nan,nan,nan,nan,nan,nan,nan,nan,0.060831819226344425,0.8400188088417053,12.308538436889648,0,0,0,0.0,0,nan
25,9026,configs/experiments/reaching_recovery/manifests/v1_final.json,19.905864718925702,8.108133748173714,165,1,0,0,0,0,0,,any,0,0,,,nan,0,0.04140239208936691,8.25,0.4194968640804291,0.049140204534386146,0.17210572957992554,0,0.0,nan,nan,nan,nan,nan,nan,nan,nan,nan,nan,nan,nan,nan,nan,nan,nan,0.05614644111783215,0.8060764670372009,12.046395301818848,0,0,0,0.0,0,nan
26,9027,configs/experiments/reaching_recovery/manifests/v1_final.json,22.39948096966463,444.4821929782629,138,1,0,0,0,0,0,,any,0,0,,,nan,0,0.01883695460855961,6.9,0.03411982208490372,0.7643637172337892,0.8445335626602173,113,0.8188405797101449,nan,nan,nan,nan,nan,nan,nan,nan,nan,nan,nan,nan,nan,nan,nan,nan,0.15643952527771826,1.507841944694519,28.287214279174805,0,0,0,0.0,0,nan
27,9028,configs/experiments/reaching_recovery/manifests/v1_final.json,22.475346056286714,1.8887502662837505,15,1,0,0,0,0,0,,any,0,0,,,nan,0,0.054638102650642395,0.75,0.18905797600746155,0.1259166844189167,0.29615265130996704,0,0.0,nan,nan,nan,nan,nan,nan,nan,nan,nan,nan,nan,nan,nan,nan,nan,nan,0.31654594937960306,2.8250162601470947,37.64943313598633,0,0,0,0.0,0,nan
28,9029,configs/experiments/reaching_recovery/manifests/v1_final.json,-2.2576182419822763,21.802843725308776,240,0,0,0,0,0,0,,any,0,0,,,nan,0,0.09167715162038803,12.0,0.3066141605377197,0.09084518218878657,0.3439844250679016,0,0.0,nan,nan,nan,nan,nan,nan,nan,nan,nan,nan,nan,nan,nan,nan,nan,nan,0.24479942109125355,2.215688467025757,29.38941764831543,0,0,0,0.0,0,nan
29,9030,configs/experiments/reaching_recovery/manifests/v1_final.json,23.46107820933752,2.2221421748399734,30,1,0,0,0,0,0,,any,0,0,,,nan,0,0.05480356141924858,1.5,0.2588982880115509,0.07407140582799912,0.17207379639148712,0,0.0,nan,nan,nan,nan,nan,nan,nan,nan,nan,nan,nan,nan,nan,nan,nan,nan,0.14347627200186253,1.6692156791687012,27.382003784179688,0,0,0,0.0,0,nan
30,9031,configs/experiments/reaching_recovery/manifests/v1_final.json,23.325734592369166,4.843564748764038,14,1,0,0,0,0,0,,any,0,0,,,nan,0,0.05446720868349075,0.7000000000000001,0.225359708070755,0.3459689106260027,0.41274192929267883,0,0.0,nan,nan,nan,nan,nan,nan,nan,nan,nan,nan,nan,nan,nan,nan,nan,nan,0.2971812348280634,2.6904749870300293,38.56764221191406,0,0,0,0.0,0,nan
31,9032,configs/experiments/reaching_recovery/manifests/v1_final.json,-2.378085830038522,7.939597180113196,240,0,0,0,0,0,0,,any,0,0,,,nan,0,0.09952490776777267,12.0,0.5544295907020569,0.03308165491713832,0.08147615194320679,0,0.0,nan,nan,nan,nan,nan,nan,nan,nan,nan,nan,nan,nan,nan,nan,nan,nan,0.1830539787421003,1.6696701049804688,20.483755111694336,0,0,0,0.0,0,nan
32,9033,configs/experiments/reaching_recovery/manifests/v1_final.json,0.5360654353940697,124.13115912675858,240,0,0,0,0,0,0,,any,0,0,,,nan,0,0.0715109333395958,12.0,0.12866510450839996,0.5172131630281608,0.7305323481559753,0,0.0,nan,nan,nan,nan,nan,nan,nan,nan,nan,nan,nan,nan,nan,nan,nan,nan,0.15033972055340808,1.3494735956192017,26.501441955566406,0,0,0,0.0,0,nan
33,9034,configs/experiments/reaching_recovery/manifests/v1_final.json,23.55504767377492,1.1813293807208538,28,1,0,0,0,0,0,,any,0,0,,,nan,0,0.04135643318295479,1.4000000000000001,0.3648252487182617,0.04219033502574478,0.07993679493665695,0,0.0,nan,nan,nan,nan,nan,nan,nan,nan,nan,nan,nan,nan,nan,nan,nan,nan,0.15853868185409478,1.7380530834197998,31.917295455932617,0,0,0,0.0,0,nan
34,9035,configs/experiments/reaching_recovery/manifests/v1_final.json,-5.316242801830901,9.12474719248712,240,0,0,0,0,0,0,,any,0,0,,,nan,0,0.11397760361433029,12.0,0.5194849371910095,0.038019779968696335,0.12366034090518951,0,0.0,nan,nan,nan,nan,nan,nan,nan,nan,nan,nan,nan,nan,nan,nan,nan,nan,0.15019604050709556,1.4319493770599365,22.519487380981445,0,0,0,0.0,0,nan
35,9036,configs/experiments/reaching_recovery/manifests/v1_final.json,21.96411570836114,1.3483172506093979,6,1,0,0,0,0,0,,any,0,0,,,nan,0,0.04794327914714813,0.30000000000000004,0.48458534479141235,0.22471954176823297,0.2788628339767456,0,0.0,nan,nan,nan,nan,nan,nan,nan,nan,nan,nan,nan,nan,nan,nan,nan,nan,0.31118027741710347,2.9299139976501465,56.91600036621094,0,0,0,0.0,0,nan
36,9037,configs/experiments/reaching_recovery/manifests/v1_final.json,-4.605417556353385,12.693348709493876,240,0,0,0,0,0,0,,any,0,0,,,nan,0,0.12321211397647858,12.0,0.36173149943351746,0.052888952956224485,0.12214578688144684,0,0.0,nan,nan,nan,nan,nan,nan,nan,nan,nan,nan,nan,nan,nan,nan,nan,nan,0.12436526749903958,1.1566734313964844,15.671835899353027,0,0,0,0.0,0,nan
37,9038,configs/experiments/reaching_recovery/manifests/v1_final.json,-4.488913489074163,8.028189992532134,240,0,0,0,0,0,0,,any,0,0,,,nan,0,0.11540064960718155,12.0,0.51926189661026,0.03345079163555056,0.06524566560983658,0,0.0,nan,nan,nan,nan,nan,nan,nan,nan,nan,nan,nan,nan,nan,nan,nan,nan,0.10319255702391578,1.0545034408569336,13.401265144348145,0,0,0,0.0,0,nan
38,9039,configs/experiments/reaching_recovery/manifests/v1_final.json,21.35476274145688,1.6793725341558456,5,1,0,0,0,0,0,,any,0,0,,,nan,0,0.04180999845266342,0.25,0.2554508447647095,0.33587450683116915,0.41195210814476013,0,0.0,nan,nan,nan,nan,nan,nan,nan,nan,nan,nan,nan,nan,nan,nan,nan,nan,0.3165066331624985,3.0717525482177734,59.28742980957031,0,0,0,0.0,0,nan
39,9040,configs/experiments/reaching_recovery/manifests/v1_final.json,-1.5747081829464615,22.996280644088984,240,0,0,0,0,0,0,,any,0,0,,,nan,0,0.08275209367275238,12.0,0.3299422562122345,0.09581783601703743,0.27564430236816406,0,0.0,nan,nan,nan,nan,nan,nan,nan,nan,nan,nan,nan,nan,nan,nan,nan,nan,0.03451937545808808,0.7486695051193237,12.175948143005371,0,0,0,0.0,0,nan
40,9041,configs/experiments/reaching_recovery/manifests/v1_final.json,22.839209983660268,1.262047428637743,25,1,0,0,0,0,0,,any,0,0,,,nan,0,0.04887926205992699,1.25,0.27336233854293823,0.05048189714550972,0.15423037111759186,0,0.0,nan,nan,nan,nan,nan,nan,nan,nan,nan,nan,nan,nan,nan,nan,nan,nan,0.22194415271282197,2.049309015274048,30.829343795776367,0,0,0,0.0,0,nan
41,9042,configs/experiments/reaching_recovery/manifests/v1_final.json,22.947428658863586,1.0565869882702827,14,1,0,0,0,0,0,,any,0,0,,,nan,0,0.05149992182850838,0.7000000000000001,0.37275975942611694,0.07547049916216306,0.08319112658500671,0,0.0,nan,nan,nan,nan,nan,nan,nan,nan,nan,nan,nan,nan,nan,nan,nan,nan,0.1624718186046396,1.8425159454345703,33.951541900634766,0,0,0,0.0,0,nan
42,9043,configs/experiments/reaching_recovery/manifests/v1_final.json,-2.80473036036484,38.46695804223418,240,0,0,0,0,0,0,,any,0,0,,,nan,0,0.12481077015399933,12.0,0.19669850170612335,0.16027899184264244,0.4502548277378082,0,0.0,nan,nan,nan,nan,nan,nan,nan,nan,nan,nan,nan,nan,nan,nan,nan,nan,0.06695194946660195,0.9565373659133911,30.415712356567383,0,0,0,0.0,0,nan
43,9044,configs/experiments/reaching_recovery/manifests/v1_final.json,-2.7559309420171556,9.177629504352808,240,0,0,0,0,0,0,,any,0,0,,,nan,0,0.13564065098762512,12.0,0.407067209482193,0.03824012293480337,0.06064905598759651,0,0.0,nan,nan,nan,nan,nan,nan,nan,nan,nan,nan,nan,nan,nan,nan,nan,nan,0.11204910376109183,1.1732171773910522,18.22740936279297,0,0,0,0.0,0,nan
44,9045,configs/experiments/reaching_recovery/manifests/v1_final.json,25.803412860376337,1.8437128718942404,33,1,0,0,0,0,0,,any,0,0,,,nan,0,0.034485604614019394,1.6500000000000001,0.3939048945903778,0.05587008702709819,0.12754282355308533,0,0.0,nan,nan,nan,nan,nan,nan,nan,nan,nan,nan,nan,nan,nan,nan,nan,nan,0.27195273159128247,2.4487216472625732,36.14472961425781,0,0,0,0.0,0,nan
45,9046,configs/experiments/reaching_recovery/manifests/v1_final.json,-1.0866273729655531,9.237909726798534,240,0,0,0,0,0,0,,any,0,0,,,nan,0,0.07552977651357651,12.0,0.457177072763443,0.03849129052832723,0.04934030398726463,0,0.0,nan,nan,nan,nan,nan,nan,nan,nan,nan,nan,nan,nan,nan,nan,nan,nan,0.07967531968994687,0.8957234025001526,12.844557762145996,0,0,0,0.0,0,nan
46,9047,configs/experiments/reaching_recovery/manifests/v1_final.json,25.096239626997193,0.6808301731944084,16,1,0,0,0,0,0,,any,0,0,,,nan,0,0.043936289846897125,0.8,0.343816339969635,0.042551885824650526,0.09237367659807205,0,0.0,nan,nan,nan,nan,nan,nan,nan,nan,nan,nan,nan,nan,nan,nan,nan,nan,0.30437914561480284,2.6521975994110107,36.537113189697266,0,0,0,0.0,0,nan
47,9048,configs/experiments/reaching_recovery/manifests/v1_final.json,22.95964348044727,5.514938920736313,23,1,0,0,0,0,0,,any,0,0,,,nan,0,0.05249246209859848,1.1500000000000001,0.25411343574523926,0.23977995307549185,0.3013710379600525,0,0.0,nan,nan,nan,nan,nan,nan,nan,nan,nan,nan,nan,nan,nan,nan,nan,nan,0.14630258828401566,1.5180712938308716,30.99802017211914,0,0,0,0.0,0,nan
48,9049,configs/experiments/reaching_recovery/manifests/v1_final.json,24.523024023496745,0.9644058011472225,19,1,0,0,0,0,0,,any,0,0,,,nan,0,0.04113420471549034,0.9500000000000001,0.35819584131240845,0.050758200060380135,0.08362880349159241,0,0.0,nan,nan,nan,nan,nan,nan,nan,nan,nan,nan,nan,nan,nan,nan,nan,nan,0.24204734320703306,2.1776461601257324,39.33494567871094,0,0,0,0.0,0,nan
49,9050,configs/experiments/reaching_recovery/manifests/v1_final.json,-2.6976721529129675,36.704751059412956,240,0,0,0,0,0,0,,any,0,0,,,nan,0,0.11070004105567932,12.0,0.2438174933195114,0.152936462747554,0.28915905952453613,0,0.0,nan,nan,nan,nan,nan,nan,nan,nan,nan,nan,nan,nan,nan,nan,nan,nan,0.10423922002664768,1.1660419702529907,19.46896743774414,0,0,0,0.0,0,nan
50,9051,configs/experiments/reaching_recovery/manifests/v1_final.json,23.78719566408632,0.5651679188013077,14,1,0,0,0,0,0,,any,0,0,,,nan,0,0.04785653576254845,0.7000000000000001,0.48625504970550537,0.040369137057236264,0.056588251143693924,0,0.0,nan,nan,nan,nan,nan,nan,nan,nan,nan,nan,nan,nan,nan,nan,nan,nan,0.2923713358385222,2.68146014213562,41.71025085449219,0,0,0,0.0,0,nan
51,9052,configs/experiments/reaching_recovery/manifests/v1_final.json,23.756160160485557,1.3363460078835487,38,1,0,0,0,0,0,,any,0,0,,,nan,0,0.04180706664919853,1.9000000000000001,0.36836281418800354,0.03516700020746181,0.07804856449365616,0,0.0,nan,nan,nan,nan,nan,nan,nan,nan,nan,nan,nan,nan,nan,nan,nan,nan,0.25636054124487073,2.3787155151367188,30.015356063842773,0,0,0,0.0,0,nan
52,9053,configs/experiments/reaching_recovery/manifests/v1_final.json,-7.666497158383966,25.227825440466404,240,0,0,0,0,0,0,,any,0,0,,,nan,0,0.14862586557865143,12.0,0.32475414872169495,0.10511593933527669,0.19250337779521942,0,0.0,nan,nan,nan,nan,nan,nan,nan,nan,nan,nan,nan,nan,nan,nan,nan,nan,0.028047405923522697,0.6251167058944702,10.26555061340332,0,0,0,0.0,0,nan
53,9054,configs/experiments/reaching_recovery/manifests/v1_final.json,-5.920598917921923,14.628693759441376,240,0,0,0,0,0,0,,any,0,0,,,nan,0,0.1351519674062729,12.0,0.39388522505760193,0.060952890664339066,0.19770389795303345,0,0.0,nan,nan,nan,nan,nan,nan,nan,nan,nan,nan,nan,nan,nan,nan,nan,nan,0.02767280052236553,0.5640577673912048,8.592899322509766,0,0,0,0.0,0,nan
54,9055,configs/experiments/reaching_recovery/manifests/v1_final.json,23.62252458461808,2.2602110281586647,20,1,0,0,0,0,0,,any,0,0,,,nan,0,0.054994866251945496,1.0,0.48131263256073,0.11301055140793323,0.17011667788028717,0,0.0,nan,nan,nan,nan,nan,nan,nan,nan,nan,nan,nan,nan,nan,nan,nan,nan,0.1993396006524563,1.9597069025039673,36.664119720458984,0,0,0,0.0,0,nan
55,9056,configs/experiments/reaching_recovery/manifests/v1_final.json,22.877165671026393,1.3516335785388947,13,1,0,0,0,0,0,,any,0,0,,,nan,0,0.050251178443431854,0.65,0.3268342614173889,0.10397181373376113,0.1315954476594925,0,0.0,nan,nan,nan,nan,nan,nan,nan,nan,nan,nan,nan,nan,nan,nan,nan,nan,0.2076955374616843,1.937363624572754,34.60845947265625,0,0,0,0.0,0,nan
56,9057,configs/experiments/reaching_recovery/manifests/v1_final.json,20.106067603301916,0.04560461267828941,1,1,0,0,0,0,0,,any,0,0,,,nan,0,0.034106165170669556,0.05,0.45496466755867004,0.04560461267828941,0.04560461267828941,0,0.0,nan,nan,nan,nan,nan,nan,nan,nan,nan,nan,nan,nan,nan,nan,nan,nan,0.4184722304344177,3.416811227798462,68.33621978759766,0,0,0,0.0,0,nan
57,9058,configs/experiments/reaching_recovery/manifests/v1_final.json,2.6104764985906583,10.022092059254646,240,0,0,0,0,0,0,,any,0,0,,,nan,0,0.07349330186843872,12.0,0.4010140597820282,0.04175871691356103,0.09291382879018784,0,0.0,nan,nan,nan,nan,nan,nan,nan,nan,nan,nan,nan,nan,nan,nan,nan,nan,0.1748180295340717,1.570285677909851,21.245059967041016,0,0,0,0.0,0,nan
58,9059,configs/experiments/reaching_recovery/manifests/v1_final.json,24.989860081801883,1.169503428041935,35,1,0,0,0,0,0,,any,0,0,,,nan,0,0.04969985410571098,1.75,0.358046293258667,0.033414383658341,0.08371446281671524,0,0.0,nan,nan,nan,nan,nan,nan,nan,nan,nan,nan,nan,nan,nan,nan,nan,nan,0.24166943175452096,2.2334978580474854,27.256319046020508,0,0,0,0.0,0,nan
59,9060,configs/experiments/reaching_recovery/manifests/v1_final.json,-7.7883259225302535,380.1896910518408,240,0,0,0,0,0,0,,any,0,0,,,nan,0,0.16515682637691498,12.0,0.10675878077745438,0.6591237127160032,0.8379719853401184,74,0.30833333333333335,nan,nan,nan,nan,nan,nan,nan,nan,nan,nan,nan,nan,nan,nan,nan,nan,0.25867503142605225,2.238783121109009,77.55596160888672,0,0,0,0.0,0,nan
60,9061,configs/experiments/reaching_recovery/manifests/v1_final.json,-4.5864202089436,9.365930430591106,240,0,0,0,0,0,0,,any,0,0,,,nan,0,0.12730714678764343,12.0,0.48041924834251404,0.03902471012746294,0.09390164911746979,0,0.0,nan,nan,nan,nan,nan,nan,nan,nan,nan,nan,nan,nan,nan,nan,nan,nan,0.12660764385946094,1.296485424041748,17.149635314941406,0,0,0,0.0,0,nan
61,9062,configs/experiments/reaching_recovery/manifests/v1_final.json,21.93857278050982,394.3161041736603,118,1,0,0,0,0,0,,any,0,0,,,nan,0,0.05280890315771103,5.9,0.04098493233323097,0.7738652896072905,0.8747998476028442,101,0.8559322033898306,nan,nan,nan,nan,nan,nan,nan,nan,nan,nan,nan,nan,nan,nan,nan,nan,0.130820270375175,1.3001205921173096,19.776473999023438,0,0,0,0.0,0,nan
62,9063,configs/experiments/reaching_recovery/manifests/v1_final.json,22.94263339282531,1.477486226707697,29,1,0,0,0,0,0,,any,0,0,,,nan,0,0.05396900698542595,1.4500000000000002,0.3050062954425812,0.050947800920955064,0.12194254994392395,0,0.0,nan,nan,nan,nan,nan,nan,nan,nan,nan,nan,nan,nan,nan,nan,nan,nan,0.18524044366746112,1.944966197013855,28.13776206970215,0,0,0,0.0,0,nan
63,9064,configs/experiments/reaching_recovery/manifests/v1_final.json,23.347985196719318,1.6983128190040588,15,1,0,0,0,0,0,,any,0,0,,,nan,0,0.05455111712217331,0.75,0.3245880901813507,0.11322085460027059,0.17472422122955322,0,0.0,nan,nan,nan,nan,nan,nan,nan,nan,nan,nan,nan,nan,nan,nan,nan,nan,0.2461335341135661,2.20060133934021,35.00644302368164,0,0,0,0.0,0,nan
64,9065,configs/experiments/reaching_recovery/manifests/v1_final.json,-44.62058080638791,15.145895592868328,240,0,0,0,0,0,0,,any,0,0,,,nan,0,0.4465630054473877,12.0,0.3298407196998596,0.06310789830361803,0.12509816884994507,0,0.0,nan,nan,nan,nan,nan,nan,nan,nan,nan,nan,nan,nan,nan,nan,nan,nan,0.04929637488288184,0.772625207901001,15.013595581054688,0,0,0,0.0,0,nan
65,9066,configs/experiments/reaching_recovery/manifests/v1_final.json,-2.808472962537579,7.106796620413661,240,0,0,0,0,0,0,,any,0,0,,,nan,0,0.11054489761590958,12.0,0.6363353729248047,0.029611652585056922,0.06253453344106674,0,0.0,nan,nan,nan,nan,nan,nan,nan,nan,nan,nan,nan,nan,nan,nan,nan,nan,0.22349466616287827,1.9317779541015625,26.454896926879883,0,0,0,0.0,0,nan
66,9067,configs/experiments/reaching_recovery/manifests/v1_final.json,-0.2626554910572696,54.78649878501892,240,0,0,0,0,0,0,,any,0,0,,,nan,0,0.11227411776781082,12.0,0.1984732747077942,0.22827707827091218,0.5063328146934509,0,0.0,nan,nan,nan,nan,nan,nan,nan,nan,nan,nan,nan,nan,nan,nan,nan,nan,0.14615607901941985,1.4692974090576172,26.411479949951172,0,0,0,0.0,0,nan
67,9068,configs/experiments/reaching_recovery/manifests/v1_final.json,-3.20222165322463,6.2368757128715515,240,0,0,0,0,0,0,,any,0,0,,,nan,0,0.14911037683486938,12.0,0.5123743414878845,0.0259869821369648,0.06313777714967728,0,0.0,nan,nan,nan,nan,nan,nan,nan,nan,nan,nan,nan,nan,nan,nan,nan,nan,0.13634749439855418,1.3033334016799927,18.512313842773438,0,0,0,0.0,0,nan
68,9069,configs/experiments/reaching_recovery/manifests/v1_final.json,-8.315838908652081,8.237634582445025,240,0,0,0,0,0,0,,any,0,0,,,nan,0,0.15455040335655212,12.0,0.5258787274360657,0.03432347742685427,0.07891838252544403,0,0.0,nan,nan,nan,nan,nan,nan,nan,nan,nan,nan,nan,nan,nan,nan,nan,nan,0.11967116488764683,1.3466722965240479,16.762208938598633,0,0,0,0.0,0,nan
69,9070,configs/experiments/reaching_recovery/manifests/v1_final.json,-5.677455314436671,12.296198140829802,240,0,0,0,0,0,0,,any,0,0,,,nan,0,0.12617915868759155,12.0,0.4281509220600128,0.05123415892012417,0.18796108663082123,0,0.0,nan,nan,nan,nan,nan,nan,nan,nan,nan,nan,nan,nan,nan,nan,nan,nan,0.16340792013991934,1.5532714128494263,23.267658233642578,0,0,0,0.0,0,nan
70,9071,configs/experiments/reaching_recovery/manifests/v1_final.json,24.456496561878463,0.6931740026921034,19,1,0,0,0,0,0,,any,0,0,,,nan,0,0.05339089408516884,0.9500000000000001,0.3777918517589569,0.03648284224695281,0.07327930629253387,0,0.0,nan,nan,nan,nan,nan,nan,nan,nan,nan,nan,nan,nan,nan,nan,nan,nan,0.26577546565156235,2.4263110160827637,40.99771499633789,0,0,0,0.0,0,nan
71,9072,configs/experiments/reaching_recovery/manifests/v1_final.json,24.20320405756783,0.6464764662086964,17,1,0,0,0,0,0,,any,0,0,,,nan,0,0.054791972041130066,0.8500000000000001,0.499683141708374,0.03802802742404096,0.0552121140062809,0,0.0,nan,nan,nan,nan,nan,nan,nan,nan,nan,nan,nan,nan,nan,nan,nan,nan,0.25338584184646606,2.3456287384033203,39.58858108520508,0,0,0,0.0,0,nan
72,9073,configs/experiments/reaching_recovery/manifests/v1_final.json,-4.632305298916048,11.302088908851147,240,0,0,0,0,0,0,,any,0,0,,,nan,0,0.13474905490875244,12.0,0.40997132658958435,0.047092037120213114,0.12531456351280212,0,0.0,nan,nan,nan,nan,nan,nan,nan,nan,nan,nan,nan,nan,nan,nan,nan,nan,0.25853029411906997,2.2081525325775146,28.06968116760254,0,0,0,0.0,0,nan
73,9074,configs/experiments/reaching_recovery/manifests/v1_final.json,-1.09852610724667,27.140463307499886,240,0,0,0,0,0,0,,any,0,0,,,nan,0,0.10252531617879868,12.0,0.3040836751461029,0.11308526378124953,0.15183182060718536,0,0.0,nan,nan,nan,nan,nan,nan,nan,nan,nan,nan,nan,nan,nan,nan,nan,nan,0.05957246192459328,0.7410152554512024,10.63853931427002,0,0,0,0.0,0,nan
74,9075,configs/experiments/reaching_recovery/manifests/v1_final.json,-1.848706136263655,7.718817390501499,240,0,0,0,0,0,0,,any,0,0,,,nan,0,0.09637244045734406,12.0,0.43045157194137573,0.03216173912708958,0.06455674022436142,0,0.0,nan,nan,nan,nan,nan,nan,nan,nan,nan,nan,nan,nan,nan,nan,nan,nan,0.14502381157750885,1.3494701385498047,21.435344696044922,0,0,0,0.0,0,nan
75,9076,configs/experiments/reaching_recovery/manifests/v1_final.json,-8.223582702434637,15.820317011326551,240,0,0,0,0,0,0,,any,0,0,,,nan,0,0.15892931818962097,12.0,0.3330138921737671,0.06591798754719397,0.30488643050193787,0,0.0,nan,nan,nan,nan,nan,nan,nan,nan,nan,nan,nan,nan,nan,nan,nan,nan,0.033004699554658144,0.6507545113563538,11.077692985534668,0,0,0,0.0,0,nan
76,9077,configs/experiments/reaching_recovery/manifests/v1_final.json,22.852705184956417,0.4106100369244814,11,1,0,0,0,0,0,,any,0,0,,,nan,0,0.054157380014657974,0.55,0.5635510683059692,0.03732818517495285,0.05193333700299263,0,0.0,nan,nan,nan,nan,nan,nan,nan,nan,nan,nan,nan,nan,nan,nan,nan,nan,0.25254428589885886,2.5490105152130127,46.340126037597656,0,0,0,0.0,0,nan
77,9078,configs/experiments/reaching_recovery/manifests/v1_final.json,1.6764539269379928,56.93418262898922,240,0,0,0,0,0,0,,any,0,0,,,nan,0,0.08286162465810776,12.0,0.19774527847766876,0.23722576095412176,0.49675509333610535,0,0.0,nan,nan,nan,nan,nan,nan,nan,nan,nan,nan,nan,nan,nan,nan,nan,nan,0.04026724213254056,0.823215126991272,13.39118480682373,0,0,0,0.0,0,nan
78,9079,configs/experiments/reaching_recovery/manifests/v1_final.json,-8.334954267773067,8.455427570268512,240,0,0,0,0,0,0,,any,0,0,,,nan,0,0.16999764740467072,12.0,0.5153775811195374,0.035230948209452134,0.08150329440832138,0,0.0,nan,nan,nan,nan,nan,nan,nan,nan,nan,nan,nan,nan,nan,nan,nan,nan,0.06392947087491242,0.8694753050804138,12.711965560913086,0,0,0,0.0,0,nan
79,9080,configs/experiments/reaching_recovery/manifests/v1_final.json,24.04197510655832,1.225689597427845,9,1,0,0,0,0,0,,any,0,0,,,nan,0,0.036228325217962265,0.45,0.20366764068603516,0.13618773304753834,0.26391738653182983,0,0.0,nan,nan,nan,nan,nan,nan,nan,nan,nan,nan,nan,nan,nan,nan,nan,nan,0.21942192564407983,2.288175106048584,40.11924743652344,0,0,0,0.0,0,nan
80,9081,configs/experiments/reaching_recovery/manifests/v1_final.json,24.518582827677612,2.2734837401658297,20,1,0,0,0,0,0,,any,0,0,,,nan,0,0.05305178090929985,1.0,0.2153138369321823,0.11367418700829149,0.33018049597740173,0,0.0,nan,nan,nan,nan,nan,nan,nan,nan,nan,nan,nan,nan,nan,nan,nan,nan,0.2875168416649103,2.635923385620117,40.329341888427734,0,0,0,0.0,0,nan
81,9082,configs/experiments/reaching_recovery/manifests/v1_final.json,21.892495626823326,0.6879690364003181,8,1,0,0,0,0,0,,any,0,0,,,nan,0,0.05080980062484741,0.4,0.36617520451545715,0.08599612955003977,0.1121186912059784,0,0.0,nan,nan,nan,nan,nan,nan,nan,nan,nan,nan,nan,nan,nan,nan,nan,nan,0.21433102246373892,2.3462557792663574,45.01420211791992,0,0,0,0.0,0,nan
82,9083,configs/experiments/reaching_recovery/manifests/v1_final.json,-2.544970709681079,48.79284316301346,240,0,0,0,0,0,0,,any,0,0,,,nan,0,0.1326139271259308,12.0,0.2178146094083786,0.20330351317922274,0.39438045024871826,0,0.0,nan,nan,nan,nan,nan,nan,nan,nan,nan,nan,nan,nan,nan,nan,nan,nan,0.17341631333110855,1.764037847518921,26.478891372680664,0,0,0,0.0,0,nan
83,9084,configs/experiments/reaching_recovery/manifests/v1_final.json,23.700135710321128,2.366401206701994,36,1,0,0,0,0,0,,any,0,0,,,nan,0,0.05430958420038223,1.8,0.4165520668029785,0.06573336685283317,0.07565022259950638,0,0.0,nan,nan,nan,nan,nan,nan,nan,nan,nan,nan,nan,nan,nan,nan,nan,nan,0.12738241710596615,1.3480913639068604,24.55771827697754,0,0,0,0.0,0,nan
84,9085,configs/experiments/reaching_recovery/manifests/v1_final.json,22.220814668122365,0.3270157240331173,5,1,0,0,0,0,0,,any,0,0,,,nan,0,0.03657274693250656,0.25,0.36256441473960876,0.06540314480662346,0.08117303252220154,0,0.0,nan,nan,nan,nan,nan,nan,nan,nan,nan,nan,nan,nan,nan,nan,nan,nan,0.35953617095947266,3.2781777381896973,60.50071334838867,0,0,0,0.0,0,nan
85,9086,configs/experiments/reaching_recovery/manifests/v1_final.json,-6.350497943796549,12.653674256056547,240,0,0,0,0,0,0,,any,0,0,,,nan,0,0.1298680454492569,12.0,0.39676371216773987,0.05272364273356895,0.12869541347026825,0,0.0,nan,nan,nan,nan,nan,nan,nan,nan,nan,nan,nan,nan,nan,nan,nan,nan,0.1584769708958144,1.434607982635498,20.087297439575195,0,0,0,0.0,0,nan
86,9087,configs/experiments/reaching_recovery/manifests/v1_final.json,24.71766998522348,1.0897250790148973,15,1,0,0,0,0,0,,any,0,0,,,nan,0,0.05490059033036232,0.75,0.310097336769104,0.07264833860099315,0.12627184391021729,0,0.0,nan,nan,nan,nan,nan,nan,nan,nan,nan,nan,nan,nan,nan,nan,nan,nan,0.22356809824705123,2.1872856616973877,38.652103424072266,0,0,0,0.0,0,nan
87,9088,configs/experiments/reaching_recovery/manifests/v1_final.json,25.35331808447937,0.6269633788615465,17,1,0,0,0,0,0,,any,0,0,,,nan,0,0.04819203540682793,0.8500000000000001,0.4265635907649994,0.03688019875656156,0.053794022649526596,0,0.0,nan,nan,nan,nan,nan,nan,nan,nan,nan,nan,nan,nan,nan,nan,nan,nan,0.25245172661893506,2.4433493614196777,36.3489990234375,0,0,0,0.0,0,nan
88,9089,configs/experiments/reaching_recovery/manifests/v1_final.json,23.05101908827255,1.8878104351460934,24,1,0,0,0,0,0,,any,0,0,,,nan,0,0.04604601860046387,1.2000000000000002,0.22701863944530487,0.07865876813108723,0.21989023685455322,0,0.0,nan,nan,nan,nan,nan,nan,nan,nan,nan,nan,nan,nan,nan,nan,nan,nan,0.24613309061775604,2.2329788208007812,33.00729751586914,0,0,0,0.0,0,nan
89,9090,configs/experiments/reaching_recovery/manifests/v1_final.json,-11.610490504297108,9.885070627555251,240,0,0,0,0,0,0,,any,0,0,,,nan,0,0.19852957129478455,12.0,0.48204705119132996,0.041187794281480214,0.10407976061105728,0,0.0,nan,nan,nan,nan,nan,nan,nan,nan,nan,nan,nan,nan,nan,nan,nan,nan,0.11241133936758464,1.2954468727111816,15.175803184509277,0,0,0,0.0,0,nan
90,9091,configs/experiments/reaching_recovery/manifests/v1_final.json,22.43121155191767,1.7701928913593292,9,1,0,0,0,0,0,,any,0,0,,,nan,0,0.04883760213851929,0.45,0.41701892018318176,0.19668809903992546,0.2506862282752991,0,0.0,nan,nan,nan,nan,nan,nan,nan,nan,nan,nan,nan,nan,nan,nan,nan,nan,0.23356718487209743,2.3944778442382812,45.68039321899414,0,0,0,0.0,0,nan
91,9092,configs/experiments/reaching_recovery/manifests/v1_final.json,22.731745012100284,2.254652962088585,15,1,0,0,0,0,0,,any,0,0,,,nan,0,0.0517304465174675,0.75,0.19860291481018066,0.15031019747257232,0.27465084195137024,0,0.0,nan,nan,nan,nan,nan,nan,nan,nan,nan,nan,nan,nan,nan,nan,nan,nan,0.2734043747186661,2.5119292736053467,41.7406005859375,0,0,0,0.0,0,nan
92,9093,configs/experiments/reaching_recovery/manifests/v1_final.json,-23.607627718963048,69.61279852688313,240,0,0,0,0,0,0,,any,0,0,,,nan,0,0.3021233081817627,12.0,0.14383606612682343,0.2900533271953464,0.6198177337646484,0,0.0,nan,nan,nan,nan,nan,nan,nan,nan,nan,nan,nan,nan,nan,nan,nan,nan,0.15220766104757785,1.4352319240570068,19.69855308532715,0,0,0,0.0,0,nan
93,9094,configs/experiments/reaching_recovery/manifests/v1_final.json,25.76509515176562,0.936615951359272,16,1,0,0,0,0,0,,any,0,0,,,nan,0,0.041686490178108215,0.8,0.39816176891326904,0.0585384969599545,0.07427367568016052,0,0.0,nan,nan,nan,nan,nan,nan,nan,nan,nan,nan,nan,nan,nan,nan,nan,nan,0.22962141875177622,2.0843520164489746,33.56485366821289,0,0,0,0.0,0,nan
94,9095,configs/experiments/reaching_recovery/manifests/v1_final.json,-51.29849288303421,186.036196321249,240,0,0,0,0,0,0,,any,0,0,,,nan,0,0.47275811433792114,12.0,0.08260389417409897,0.3501508180052042,0.827499270439148,34,0.14166666666666666,nan,nan,nan,nan,nan,nan,nan,nan,nan,nan,nan,nan,nan,nan,nan,nan,0.13186109037681792,1.3597151041030884,33.5833854675293,0,0,0,0.0,0,nan
95,9096,configs/experiments/reaching_recovery/manifests/v1_final.json,-24.142306194236355,27.703850477933884,240,0,0,0,0,0,0,,any,0,0,,,nan,0,0.36224594712257385,12.0,0.2922534644603729,0.11543271032472452,0.20594611763954163,0,0.0,nan,nan,nan,nan,nan,nan,nan,nan,nan,nan,nan,nan,nan,nan,nan,nan,0.15164790174070125,1.5210932493209839,19.193429946899414,0,0,0,0.0,0,nan
96,9097,configs/experiments/reaching_recovery/manifests/v1_final.json,25.024625582845616,0.9860955886542797,14,1,0,0,0,0,0,,any,0,0,,,nan,0,0.040885236114263535,0.7000000000000001,0.31560906767845154,0.07043539918959141,0.1128934994339943,0,0.0,nan,nan,nan,nan,nan,nan,nan,nan,nan,nan,nan,nan,nan,nan,nan,nan,0.3071204934801374,2.6976723670959473,42.413047790527344,0,0,0,0.0,0,nan
97,9098,configs/experiments/reaching_recovery/manifests/v1_final.json,-29.694500003934373,9.402395548298955,240,0,0,0,0,0,0,,any,0,0,,,nan,0,0.2908514440059662,12.0,0.443777859210968,0.03917664811791231,0.053782764822244644,0,0.0,nan,nan,nan,nan,nan,nan,nan,nan,nan,nan,nan,nan,nan,nan,nan,nan,0.02739265991931461,0.6140696406364441,9.452417373657227,0,0,0,0.0,0,nan
98,9099,configs/experiments/reaching_recovery/manifests/v1_final.json,25.168637107925633,0.6187843270599842,12,1,0,0,0,0,0,,any,0,0,,,nan,0,0.053618017584085464,0.6000000000000001,0.32693782448768616,0.05156536058833202,0.1040688157081604,0,0.0,nan,nan,nan,nan,nan,nan,nan,nan,nan,nan,nan,nan,nan,nan,nan,nan,0.3052358378966649,2.73854398727417,49.04104995727539,0,0,0,0.0,0,nan
99,9100,configs/experiments/reaching_recovery/manifests/v1_final.json,23.55828202592638,8.968777514994144,50,1,0,0,0,0,0,,any,0,0,,,nan,0,0.05429849401116371,2.5,0.2930925786495209,0.1793755502998829,0.3552456200122833,0,0.0,nan,nan,nan,nan,nan,nan,nan,nan,nan,nan,nan,nan,nan,nan,nan,nan,0.14687312722206117,1.523026466369629,22.801530838012695,0,0,0,0.0,0,nan
100,9101,configs/experiments/reaching_recovery/manifests/v1_final.json,-11.042983137563507,16.79192941635847,240,0,0,0,0,0,0,,any,0,0,,,nan,0,0.17111162841320038,12.0,0.3806377947330475,0.0699663725681603,0.1410450041294098,0,0.0,nan,nan,nan,nan,nan,nan,nan,nan,nan,nan,nan,nan,nan,nan,nan,nan,0.055871716300801684,0.7351438403129578,10.504947662353516,0,0,0,0.0,0,nan
101,9102,configs/experiments/reaching_recovery/manifests/v1_final.json,-3.850564595996855,27.361492082476616,19,0,1,1,0,1,1,pybullet_contact,any,0,0,4,forearm_link,-7.9337423707083e-06,1,0.3220885992050171,0.9500000000000001,0.08045089989900589,0.5453416885514009,0.9476468563079834,3,0.15789473684210525,nan,nan,nan,nan,nan,nan,nan,nan,nan,nan,nan,nan,nan,nan,nan,nan,0.25569798581694303,2.6204450130462646,40.926815032958984,0,0,0,0.0,0,nan
102,9103,configs/experiments/reaching_recovery/manifests/v1_final.json,21.045571098321105,32.89099237322807,116,1,0,0,0,0,0,,any,0,0,,,nan,0,0.05278126522898674,5.800000000000001,0.1702839881181717,0.28354303770024203,0.5359976291656494,0,0.0,nan,nan,nan,nan,nan,nan,nan,nan,nan,nan,nan,nan,nan,nan,nan,nan,0.08981280606882326,1.007671594619751,23.086637496948242,0,0,0,0.0,0,nan
103,9104,configs/experiments/reaching_recovery/manifests/v1_final.json,24.5907457105383,0.703957112506032,17,1,0,0,0,0,0,,any,0,0,,,nan,0,0.04906824603676796,0.8500000000000001,0.5221877694129944,0.04140924191211953,0.06521273404359818,0,0.0,nan,nan,nan,nan,nan,nan,nan,nan,nan,nan,nan,nan,nan,nan,nan,nan,0.23894618451595306,2.044233560562134,29.170461654663086,0,0,0,0.0,0,nan
104,9105,configs/experiments/reaching_recovery/manifests/v1_final.json,22.787246335275917,1.8281507194042206,25,1,0,0,0,0,0,,any,0,0,,,nan,0,0.05413735285401344,1.25,0.4409036934375763,0.07312602877616882,0.13695478439331055,0,0.0,nan,nan,nan,nan,nan,nan,nan,nan,nan,nan,nan,nan,nan,nan,nan,nan,0.16875333577394486,1.720694899559021,26.60717010498047,0,0,0,0.0,0,nan
105,9106,configs/experiments/reaching_recovery/manifests/v1_final.json,25.01455257880624,1.4259307608008385,21,1,0,0,0,0,0,,any,0,0,,,nan,0,0.04828751087188721,1.05,0.39711353182792664,0.06790146480003993,0.1292245090007782,0,0.0,nan,nan,nan,nan,nan,nan,nan,nan,nan,nan,nan,nan,nan,nan,nan,nan,0.1991097011736461,1.8308030366897583,28.78012466430664,0,0,0,0.0,0,nan
106,9107,configs/experiments/reaching_recovery/manifests/v1_final.json,-2.7493496992545152,53.656872391700745,240,0,0,0,0,0,0,,any,0,0,,,nan,0,0.13211683928966522,12.0,0.14012640714645386,0.22357030163208644,0.7293243408203125,0,0.0,nan,nan,nan,nan,nan,nan,nan,nan,nan,nan,nan,nan,nan,nan,nan,nan,0.18737090138408044,1.7480640411376953,28.204940795898438,0,0,0,0.0,0,nan
107,9108,configs/experiments/reaching_recovery/manifests/v1_final.json,-4.770701100751954,663.1803184449673,193,0,1,1,1,0,1,capsule_overlap,any,0,0,,,nan,1,0.08337530493736267,9.65,-0.0015523080946877599,0.7677736706993122,0.8626514673233032,169,0.8756476683937824,nan,nan,nan,nan,nan,nan,nan,nan,nan,nan,nan,nan,nan,nan,nan,nan,0.09493783376435387,1.0925439596176147,20.981685638427734,0,0,0,0.0,0,nan
108,9109,configs/experiments/reaching_recovery/manifests/v1_final.json,-1.2881514470536404,11.623401619493961,240,0,0,0,0,0,0,,any,0,0,,,nan,0,0.08569350838661194,12.0,0.44297969341278076,0.04843084008122484,0.07632423937320709,0,0.0,nan,nan,nan,nan,nan,nan,nan,nan,nan,nan,nan,nan,nan,nan,nan,nan,0.19238386357513568,1.69217848777771,22.699716567993164,0,0,0,0.0,0,nan
109,9110,configs/experiments/reaching_recovery/manifests/v1_final.json,-2.809399274549328,165.00301344692707,240,0,0,0,0,0,0,,any,0,0,,,nan,0,0.11865849792957306,12.0,0.0970960482954979,0.4250125560288628,0.8668144345283508,21,0.0875,nan,nan,nan,nan,nan,nan,nan,nan,nan,nan,nan,nan,nan,nan,nan,nan,0.08085801622849734,1.0120002031326294,18.853763580322266,0,0,0,0.0,0,nan
110,9111,configs/experiments/reaching_recovery/manifests/v1_final.json,-6.261836238518171,21.04924364387989,240,0,0,0,0,0,0,,any,0,0,,,nan,0,0.1550159901380539,12.0,0.3379645049571991,0.08770518184949955,0.36237940192222595,0,0.0,nan,nan,nan,nan,nan,nan,nan,nan,nan,nan,nan,nan,nan,nan,nan,nan,0.05978027035695656,0.9035832285881042,14.295089721679688,0,0,0,0.0,0,nan
111,9112,configs/experiments/reaching_recovery/manifests/v1_final.json,21.333588161779478,271.31483276188374,97,1,0,0,0,0,0,,any,0,0,,,nan,0,0.051106519997119904,4.8500000000000005,0.05435456708073616,0.6939673480606571,0.8553789854049683,68,0.7010309278350515,nan,nan,nan,nan,nan,nan,nan,nan,nan,nan,nan,nan,nan,nan,nan,nan,0.11868762083774068,1.2324918508529663,22.86475944519043,0,0,0,0.0,0,nan
112,9113,configs/experiments/reaching_recovery/manifests/v1_final.json,24.21604278239295,2.4979182705283165,35,1,0,0,0,0,0,,any,0,0,,,nan,0,0.04174740985035896,1.75,0.2434784173965454,0.07136909344366618,0.19362054765224457,0,0.0,nan,nan,nan,nan,nan,nan,nan,nan,nan,nan,nan,nan,nan,nan,nan,nan,0.2629864164761135,2.4821815490722656,36.216766357421875,0,0,0,0.0,0,nan
113,9114,configs/experiments/reaching_recovery/manifests/v1_final.json,22.659605644092064,3.3754577040672302,25,1,0,0,0,0,0,,any,0,0,,,nan,0,0.054271284490823746,1.25,0.3070148527622223,0.1350183081626892,0.1964533030986786,0,0.0,nan,nan,nan,nan,nan,nan,nan,nan,nan,nan,nan,nan,nan,nan,nan,nan,0.16454252555966378,1.6618101596832275,29.33450698852539,0,0,0,0.0,0,nan
114,9115,configs/experiments/reaching_recovery/manifests/v1_final.json,24.54811495878812,4.632912054657936,52,1,0,0,0,0,0,,any,0,0,,,nan,0,0.051061488687992096,2.6,0.19586791098117828,0.0890944625895757,0.2806381583213806,0,0.0,nan,nan,nan,nan,nan,nan,nan,nan,nan,nan,nan,nan,nan,nan,nan,nan,0.24894584242541057,2.23421049118042,31.82044792175293,0,0,0,0.0,0,nan
115,9116,configs/experiments/reaching_recovery/manifests/v1_final.json,23.878145108621997,0.6045677177608013,14,1,0,0,0,0,0,,any,0,0,,,nan,0,0.043947093188762665,0.7000000000000001,0.5706902146339417,0.04318340841148581,0.08637551963329315,0,0.0,nan,nan,nan,nan,nan,nan,nan,nan,nan,nan,nan,nan,nan,nan,nan,nan,0.2724817341991833,2.376338005065918,36.21871566772461,0,0,0,0.0,0,nan
116,9117,configs/experiments/reaching_recovery/manifests/v1_final.json,24.477201280363623,7.058376744389534,25,1,0,0,0,0,0,,any,0,0,,,nan,0,0.04879911616444588,1.25,0.250393807888031,0.28233506977558137,0.3933250308036804,0,0.0,nan,nan,nan,nan,nan,nan,nan,nan,nan,nan,nan,nan,nan,nan,nan,nan,0.18985734939575194,1.8733445405960083,33.23970413208008,0,0,0,0.0,0,nan
117,9118,configs/experiments/reaching_recovery/manifests/v1_final.json,-4.863424516856844,8.96262127161026,240,0,0,0,0,0,0,,any,0,0,,,nan,0,0.12326925992965698,12.0,0.5008635520935059,0.03734425529837608,0.0758797749876976,0,0.0,nan,nan,nan,nan,nan,nan,nan,nan,nan,nan,nan,nan,nan,nan,nan,nan,0.10543051033164375,1.182747721672058,15.502694129943848,0,0,0,0.0,0,nan
118,9119,configs/experiments/reaching_recovery/manifests/v1_final.json,24.631881945532427,1.2696675173938274,15,1,0,0,0,0,0,,any,0,0,,,nan,0,0.048917803913354874,0.75,0.30634579062461853,0.08464450115958849,0.12075473368167877,0,0.0,nan,nan,nan,nan,nan,nan,nan,nan,nan,nan,nan,nan,nan,nan,nan,nan,0.246763547261556,2.1951236724853516,37.283267974853516,0,0,0,0.0,0,nan
119,9120,configs/experiments/reaching_recovery/manifests/v1_final.json,-11.395758564749094,6.331914758309722,240,0,0,0,0,0,0,,any,0,0,,,nan,0,0.11812389642000198,12.0,0.5334263443946838,0.02638297815962384,0.06889060139656067,0,0.0,nan,nan,nan,nan,nan,nan,nan,nan,nan,nan,nan,nan,nan,nan,nan,nan,0.0483797997313862,0.7262096405029297,13.831905364990234,0,0,0,0.0,0,nan
120,9121,configs/experiments/reaching_recovery/manifests/v1_final.json,23.041633087525287,1.941037479788065,33,1,0,0,0,0,0,,any,0,0,,,nan,0,0.054278891533613205,1.6500000000000001,0.37151747941970825,0.058819317569335304,0.07641102373600006,0,0.0,nan,nan,nan,nan,nan,nan,nan,nan,nan,nan,nan,nan,nan,nan,nan,nan,0.19854631929686575,1.9230873584747314,30.351266860961914,0,0,0,0.0,0,nan
121,9122,configs/experiments/reaching_recovery/manifests/v1_final.json,-10.095528585702,82.67044357210398,240,0,0,0,0,0,0,,any,0,0,,,nan,0,0.22518256306648254,12.0,0.08235407620668411,0.29446018155043324,0.8650866150856018,4,0.016666666666666666,nan,nan,nan,nan,nan,nan,nan,nan,nan,nan,nan,nan,nan,nan,nan,nan,0.21386386353212097,1.9716190099716187,33.5489387512207,0,0,0,0.0,0,nan
122,9123,configs/experiments/reaching_recovery/manifests/v1_final.json,23.58206066399023,0.7160189934074879,15,1,0,0,0,0,0,,any,0,0,,,nan,0,0.05441606044769287,0.75,0.358174592256546,0.04773459956049919,0.08364097028970718,0,0.0,nan,nan,nan,nan,nan,nan,nan,nan,nan,nan,nan,nan,nan,nan,nan,nan,0.24813702007134755,2.3781962394714355,39.27064514160156,0,0,0,0.0,0,nan
123,9124,configs/experiments/reaching_recovery/manifests/v1_final.json,-3.155328141053492,23.433153957128525,240,0,0,0,0,0,0,,any,0,0,,,nan,0,0.0785391703248024,12.0,0.30998289585113525,0.09763814148803553,0.2626742720603943,0,0.0,nan,nan,nan,nan,nan,nan,nan,nan,nan,nan,nan,nan,nan,nan,nan,nan,0.0749069115864889,0.9734510183334351,14.210281372070312,0,0,0,0.0,0,nan
124,9125,configs/experiments/reaching_recovery/manifests/v1_final.json,22.576440416175437,1.0472477450966835,12,1,0,0,0,0,0,,any,0,0,,,nan,0,0.05229688063263893,0.6000000000000001,0.2855324149131775,0.08727064542472363,0.1407962590456009,0,0.0,nan,nan,nan,nan,nan,nan,nan,nan,nan,nan,nan,nan,nan,nan,nan,nan,0.2587710538258155,2.6352856159210205,41.61357498168945,0,0,0,0.0,0,nan
125,9126,configs/experiments/reaching_recovery/manifests/v1_final.json,-1.748569253983297,7.735825968906283,240,0,0,0,0,0,0,,any,0,0,,,nan,0,0.10194198787212372,12.0,0.470231294631958,0.03223260820377618,0.06179969385266304,0,0.0,nan,nan,nan,nan,nan,nan,nan,nan,nan,nan,nan,nan,nan,nan,nan,nan,0.18538015955127776,1.5893884897232056,19.72707176208496,0,0,0,0.0,0,nan
126,9127,configs/experiments/reaching_recovery/manifests/v1_final.json,-11.774711385069171,13.252236500382423,240,0,0,0,0,0,0,,any,0,0,,,nan,0,0.20163705945014954,12.0,0.36826401948928833,0.055217652084926766,0.17059704661369324,0,0.0,nan,nan,nan,nan,nan,nan,nan,nan,nan,nan,nan,nan,nan,nan,nan,nan,0.09391752405208535,1.0899196863174438,14.114542007446289,0,0,0,0.0,0,nan
127,9128,configs/experiments/reaching_recovery/manifests/v1_final.json,20.819642794124253,0.6959515027701855,12,1,0,0,0,0,0,,any,0,0,,,nan,0,0.05191421881318092,0.6000000000000001,0.45818033814430237,0.057995958564182125,0.09646322578191757,0,0.0,nan,nan,nan,nan,nan,nan,nan,nan,nan,nan,nan,nan,nan,nan,nan,nan,0.2866128434737523,2.4898054599761963,45.455841064453125,0,0,0,0.0,0,nan
128,9129,configs/experiments/reaching_recovery/manifests/v1_final.json,24.243121524423216,7.788664780557156,35,1,0,0,0,0,0,,any,0,0,,,nan,0,0.05392646789550781,1.75,0.2786480188369751,0.22253327944449017,0.35870081186294556,0,0.0,nan,nan,nan,nan,nan,nan,nan,nan,nan,nan,nan,nan,nan,nan,nan,nan,0.1748941223536219,1.712405800819397,26.85310173034668,0,0,0,0.0,0,nan
129,9130,configs/experiments/reaching_recovery/manifests/v1_final.json,-7.3052221785631355,12.828365463763475,240,0,0,0,0,0,0,,any,0,0,,,nan,0,0.14631405472755432,12.0,0.4306081533432007,0.053451522765681145,0.20946989953517914,0,0.0,nan,nan,nan,nan,nan,nan,nan,nan,nan,nan,nan,nan,nan,nan,nan,nan,0.11008342383429408,1.2299679517745972,17.014297485351562,0,0,0,0.0,0,nan
130,9131,configs/experiments/reaching_recovery/manifests/v1_final.json,-2.0604145127167155,47.08386259526014,240,0,0,0,0,0,0,,any,0,0,,,nan,0,0.10606691241264343,12.0,0.20137110352516174,0.19618276081358393,0.34734249114990234,0,0.0,nan,nan,nan,nan,nan,nan,nan,nan,nan,nan,nan,nan,nan,nan,nan,nan,0.08469608927650067,0.946573793888092,13.585851669311523,0,0,0,0.0,0,nan
131,9132,configs/experiments/reaching_recovery/manifests/v1_final.json,23.525094807388253,1.924453318119049,28,1,0,0,0,0,0,,any,0,0,,,nan,0,0.051052071154117584,1.4000000000000001,0.2237367033958435,0.0687304756471089,0.22557295858860016,0,0.0,nan,nan,nan,nan,nan,nan,nan,nan,nan,nan,nan,nan,nan,nan,nan,nan,0.16629314116601432,1.8709145784378052,28.023284912109375,0,0,0,0.0,0,nan
132,9133,configs/experiments/reaching_recovery/manifests/v1_final.json,22.850778922167223,1.8718155957758427,21,1,0,0,0,0,0,,any,0,0,,,nan,0,0.05187368392944336,1.05,0.2652304470539093,0.08913407598932584,0.16399693489074707,0,0.0,nan,nan,nan,nan,nan,nan,nan,nan,nan,nan,nan,nan,nan,nan,nan,nan,0.28674356426511494,2.5988106727600098,37.3087158203125,0,0,0,0.0,0,nan
133,9134,configs/experiments/reaching_recovery/manifests/v1_final.json,25.468283254672713,3.213426984846592,15,1,0,0,0,0,0,,any,0,0,,,nan,0,0.02537362091243267,0.75,0.17535530030727386,0.21422846565643947,0.4760887622833252,0,0.0,nan,nan,nan,nan,nan,nan,nan,nan,nan,nan,nan,nan,nan,nan,nan,nan,0.19747314900159835,2.114290952682495,38.40324783325195,0,0,0,0.0,0,nan
134,9135,configs/experiments/reaching_recovery/manifests/v1_final.json,24.550125725398416,0.8175654411315918,15,1,0,0,0,0,0,,any,0,0,,,nan,0,0.04829602316021919,0.75,0.31494787335395813,0.05450436274210612,0.11343473196029663,0,0.0,nan,nan,nan,nan,nan,nan,nan,nan,nan,nan,nan,nan,nan,nan,nan,nan,0.20271778603394827,1.999647855758667,31.83939552307129,0,0,0,0.0,0,nan
135,9136,configs/experiments/reaching_recovery/manifests/v1_final.json,-0.5128821784210786,57.2000490128994,32,0,1,1,0,1,1,pybullet_contact,any,0,0,6,wrist_2_link,-8.271685908700103e-06,1,0.13013038039207458,1.6,0.01161971129477024,0.6000015316531062,0.8762502074241638,10,0.3125,nan,nan,nan,nan,nan,nan,nan,nan,nan,nan,nan,nan,nan,nan,nan,nan,0.2221725734998472,2.051485300064087,30.073352813720703,0,0,0,0.0,0,nan
136,9137,configs/experiments/reaching_recovery/manifests/v1_final.json,1.4013805545140945,37.89220618456602,240,0,0,0,0,0,0,,any,0,0,,,nan,0,0.08137357234954834,12.0,0.24884167313575745,0.15788419243569177,0.2739858329296112,0,0.0,nan,nan,nan,nan,nan,nan,nan,nan,nan,nan,nan,nan,nan,nan,nan,nan,0.14676943220741426,1.378032922744751,19.061227798461914,0,0,0,0.0,0,nan
137,9138,configs/experiments/reaching_recovery/manifests/v1_final.json,-11.156979784496947,8.33252526819706,240,0,0,0,0,0,0,,any,0,0,,,nan,0,0.19046711921691895,12.0,0.4660305082798004,0.034718855284154415,0.055948056280612946,0,0.0,nan,nan,nan,nan,nan,nan,nan,nan,nan,nan,nan,nan,nan,nan,nan,nan,0.06425568696577103,0.8728736639022827,13.391965866088867,0,0,0,0.0,0,nan
138,9139,configs/experiments/reaching_recovery/manifests/v1_final.json,21.88801026809668,0.7820505723357201,5,1,0,0,0,0,0,,any,0,0,,,nan,0,0.05251828208565712,0.25,0.24181018769741058,0.156410114467144,0.1961219608783722,0,0.0,nan,nan,nan,nan,nan,nan,nan,nan,nan,nan,nan,nan,nan,nan,nan,nan,0.30886592864990237,2.8492698669433594,51.85906982421875,0,0,0,0.0,0,nan
139,9140,configs/experiments/reaching_recovery/manifests/v1_final.json,-23.04495966572554,37.133294738829136,240,0,0,0,0,0,0,,any,0,0,,,nan,0,0.31272098422050476,12.0,0.24035653471946716,0.15472206141178807,0.326166033744812,0,0.0,nan,nan,nan,nan,nan,nan,nan,nan,nan,nan,nan,nan,nan,nan,nan,nan,0.14678623848982778,1.4322772026062012,17.1099796295166,0,0,0,0.0,0,nan
140,9141,configs/experiments/reaching_recovery/manifests/v1_final.json,24.352457985559507,0.8691926598548889,16,1,0,0,0,0,0,,any,0,0,,,nan,0,0.05114004388451576,0.8,0.31206753849983215,0.05432454124093056,0.11582757532596588,0,0.0,nan,nan,nan,nan,nan,nan,nan,nan,nan,nan,nan,nan,nan,nan,nan,nan,0.23751402692869306,2.2738497257232666,34.32171630859375,0,0,0,0.0,0,nan
141,9142,configs/experiments/reaching_recovery/manifests/v1_final.json,-43.51000902558353,12.006377294659615,240,0,0,0,0,0,0,,any,0,0,,,nan,0,0.35506170988082886,12.0,0.42545032501220703,0.05002657206108173,0.09162936359643936,0,0.0,nan,nan,nan,nan,nan,nan,nan,nan,nan,nan,nan,nan,nan,nan,nan,nan,0.10976296115550213,1.3725152015686035,22.43766212463379,0,0,0,0.0,0,nan
142,9143,configs/experiments/reaching_recovery/manifests/v1_final.json,-2.9637043925453694,81.97379665076733,240,0,0,0,0,0,0,,any,0,0,,,nan,0,0.09238012880086899,12.0,0.1419254094362259,0.34155748604486386,0.6613025069236755,0,0.0,nan,nan,nan,nan,nan,nan,nan,nan,nan,nan,nan,nan,nan,nan,nan,nan,0.1083145758874404,1.1563680171966553,19.050668716430664,0,0,0,0.0,0,nan
143,9144,configs/experiments/reaching_recovery/manifests/v1_final.json,21.543523669509213,2.8374625518918037,30,1,0,0,0,0,0,,any,0,0,,,nan,0,0.05032747611403465,1.5,0.2370484620332718,0.09458208506306012,0.20345616340637207,0,0.0,nan,nan,nan,nan,nan,nan,nan,nan,nan,nan,nan,nan,nan,nan,nan,nan,0.2902982605000337,2.671935558319092,39.15315246582031,0,0,0,0.0,0,nan
144,9145,configs/experiments/reaching_recovery/manifests/v1_final.json,-2.3121280442147034,40.24524696171284,240,0,0,0,0,0,0,,any,0,0,,,nan,0,0.11119634658098221,12.0,0.1562463641166687,0.16768852900713682,0.6508800983428955,0,0.0,nan,nan,nan,nan,nan,nan,nan,nan,nan,nan,nan,nan,nan,nan,nan,nan,0.1542089870510002,1.455126166343689,22.45087242126465,0,0,0,0.0,0,nan
145,9146,configs/experiments/reaching_recovery/manifests/v1_final.json,-2.5398284734193375,16.103613577783108,240,0,0,0,0,0,0,,any,0,0,,,nan,0,0.08879274129867554,12.0,0.3943767249584198,0.06709838990742961,0.1916712075471878,0,0.0,nan,nan,nan,nan,nan,nan,nan,nan,nan,nan,nan,nan,nan,nan,nan,nan,0.05770237459607112,0.8083203434944153,12.00216007232666,0,0,0,0.0,0,nan
146,9147,configs/experiments/reaching_recovery/manifests/v1_final.json,0.8986721335075892,8.769685292616487,240,0,0,0,0,0,0,,any,0,0,,,nan,0,0.09904664754867554,12.0,0.3370457589626312,0.03654035538590203,0.15960335731506348,0,0.0,nan,nan,nan,nan,nan,nan,nan,nan,nan,nan,nan,nan,nan,nan,nan,nan,0.0335736701003043,0.80462247133255,13.48913860321045,0,0,0,0.0,0,nan
147,9148,configs/experiments/reaching_recovery/manifests/v1_final.json,24.552310982889452,1.2535641342401505,18,1,0,0,0,0,0,,any,0,0,,,nan,0,0.04307940974831581,0.9,0.24856781959533691,0.06964245190223058,0.18620069324970245,0,0.0,nan,nan,nan,nan,nan,nan,nan,nan,nan,nan,nan,nan,nan,nan,nan,nan,0.2592476498749521,2.3591227531433105,34.06060791015625,0,0,0,0.0,0,nan
148,9149,configs/experiments/reaching_recovery/manifests/v1_final.json,-3.161666295362017,35.70677610486746,240,0,0,0,0,0,0,,any,0,0,,,nan,0,0.13582180440425873,12.0,0.26741769909858704,0.14877823377028107,0.265836238861084,0,0.0,nan,nan,nan,nan,nan,nan,nan,nan,nan,nan,nan,nan,nan,nan,nan,nan,0.04388947620755061,0.7728732228279114,13.117317199707031,0,0,0,0.0,0,nan
149,9150,configs/experiments/reaching_recovery/manifests/v1_final.json,23.88662553114258,0.532997127622366,14,1,0,0,0,0,0,,any,0,0,,,nan,0,0.04497208073735237,0.7000000000000001,0.605647623538971,0.03807122340159757,0.06242324039340019,0,0.0,nan,nan,nan,nan,nan,nan,nan,nan,nan,nan,nan,nan,nan,nan,nan,nan,0.2687608690134117,2.3762295246124268,40.42695236206055,0,0,0,0.0,0,nan
150,9151,configs/experiments/reaching_recovery/manifests/v1_final.json,-6.258760828604064,46.04424184560776,240,0,0,0,0,0,0,,any,0,0,,,nan,0,0.13258704543113708,12.0,0.2004239410161972,0.19185100769003233,0.5513801574707031,0,0.0,nan,nan,nan,nan,nan,nan,nan,nan,nan,nan,nan,nan,nan,nan,nan,nan,0.08672344932177414,1.1194498538970947,17.985076904296875,0,0,0,0.0,0,nan
151,9152,configs/experiments/reaching_recovery/manifests/v1_final.json,-3.6654029892665694,9.038213044404984,240,0,0,0,0,0,0,,any,0,0,,,nan,0,0.09309393167495728,12.0,0.5692057609558105,0.037659221018354096,0.10531323403120041,0,0.0,nan,nan,nan,nan,nan,nan,nan,nan,nan,nan,nan,nan,nan,nan,nan,nan,0.22184098963625729,1.941794753074646,24.780729293823242,0,0,0,0.0,0,nan
152,9153,configs/experiments/reaching_recovery/manifests/v1_final.json,24.08921215615421,1.402603555470705,24,1,0,0,0,0,0,,any,0,0,,,nan,0,0.04584893584251404,1.2000000000000002,0.2963637411594391,0.05844181481127938,0.12993359565734863,0,0.0,nan,nan,nan,nan,nan,nan,nan,nan,nan,nan,nan,nan,nan,nan,nan,nan,0.2293442419419686,2.114511728286743,34.48862075805664,0,0,0,0.0,0,nan
153,9154,configs/experiments/reaching_recovery/manifests/v1_final.json,-9.708593048262973,20.175253823399544,240,0,0,0,0,0,0,,any,0,0,,,nan,0,0.16648264229297638,12.0,0.3620600700378418,0.0840635575974981,0.22319170832633972,0,0.0,nan,nan,nan,nan,nan,nan,nan,nan,nan,nan,nan,nan,nan,nan,nan,nan,0.023016042155359174,0.642742395401001,10.564367294311523,0,0,0,0.0,0,nan
154,9155,configs/experiments/reaching_recovery/manifests/v1_final.json,24.284360362118054,1.3800588846206665,17,1,0,0,0,0,0,,any,0,0,,,nan,0,0.04907992109656334,0.8500000000000001,0.27866724133491516,0.08117993438945097,0.14820663630962372,0,0.0,nan,nan,nan,nan,nan,nan,nan,nan,nan,nan,nan,nan,nan,nan,nan,nan,0.32120201166938334,2.776406764984131,40.5141716003418,0,0,0,0.0,0,nan
155,9156,configs/experiments/reaching_recovery/manifests/v1_final.json,1.2771710590336711,17.049005948007107,240,0,0,0,0,0,0,,any,0,0,,,nan,0,0.06391467154026031,12.0,0.24728450179100037,0.07103752478336295,0.3049308955669403,0,0.0,nan,nan,nan,nan,nan,nan,nan,nan,nan,nan,nan,nan,nan,nan,nan,nan,0.08572690586540072,1.042040228843689,15.458511352539062,0,0,0,0.0,0,nan
156,9157,configs/experiments/reaching_recovery/manifests/v1_final.json,22.882767432005,3.249630568549037,99,1,0,0,0,0,0,,any,0,0,,,nan,0,0.051843855530023575,4.95,0.5285361409187317,0.03282455119746502,0.09057020395994186,0,0.0,nan,nan,nan,nan,nan,nan,nan,nan,nan,nan,nan,nan,nan,nan,nan,nan,0.25140505916241446,2.2756340503692627,32.40822219848633,0,0,0,0.0,0,nan
157,9158,configs/experiments/reaching_recovery/manifests/v1_final.json,21.696777054792978,3.068976551294327,8,1,0,0,0,0,0,,any,0,0,,,nan,0,0.050237540155649185,0.4,0.2044253647327423,0.38362206891179085,0.47225576639175415,0,0.0,nan,nan,nan,nan,nan,nan,nan,nan,nan,nan,nan,nan,nan,nan,nan,nan,0.27553521003574133,2.5850436687469482,55.64530944824219,0,0,0,0.0,0,nan
158,9159,configs/experiments/reaching_recovery/manifests/v1_final.json,22.161889668028213,0.6130507588386536,6,1,0,0,0,0,0,,any,0,0,,,nan,0,0.03799474984407425,0.30000000000000004,0.3012318015098572,0.10217512647310893,0.125361829996109,0,0.0,nan,nan,nan,nan,nan,nan,nan,nan,nan,nan,nan,nan,nan,nan,nan,nan,0.351934293905894,3.1111738681793213,56.725067138671875,0,0,0,0.0,0,nan
159,9160,configs/experiments/reaching_recovery/manifests/v1_final.json,-0.6467238460317776,8.491924908012152,240,0,0,0,0,0,0,,any,0,0,,,nan,0,0.07557247579097748,12.0,0.5229880809783936,0.03538302045005063,0.07092422246932983,0,0.0,nan,nan,nan,nan,nan,nan,nan,nan,nan,nan,nan,nan,nan,nan,nan,nan,0.21253008572384716,1.8704389333724976,26.347379684448242,0,0,0,0.0,0,nan
160,9161,configs/experiments/reaching_recovery/manifests/v1_final.json,17.030918101120655,4.998124942183495,161,1,0,0,0,0,0,,any,0,0,,,nan,0,0.05445818975567818,8.05,0.5770582556724548,0.031044254299276364,0.05047657713294029,0,0.0,nan,nan,nan,nan,nan,nan,nan,nan,nan,nan,nan,nan,nan,nan,nan,nan,0.07057734920140009,0.7516048550605774,10.87777328491211,0,0,0,0.0,0,nan
161,9162,configs/experiments/reaching_recovery/manifests/v1_final.json,23.924818178437178,9.056681893765926,49,1,0,0,0,0,0,,any,0,0,,,nan,0,0.05446812883019447,2.45,0.22127720713615417,0.18483024272991685,0.47954660654067993,0,0.0,nan,nan,nan,nan,nan,nan,nan,nan,nan,nan,nan,nan,nan,nan,nan,nan,0.14982912408149973,1.5200753211975098,23.26849937438965,0,0,0,0.0,0,nan
162,9163,configs/experiments/reaching_recovery/manifests/v1_final.json,23.557776657416785,0.6374340616166592,12,1,0,0,0,0,0,,any,0,0,,,nan,0,0.05493846908211708,0.6000000000000001,0.37006980180740356,0.0531195051347216,0.0771571472287178,0,0.0,nan,nan,nan,nan,nan,nan,nan,nan,nan,nan,nan,nan,nan,nan,nan,nan,0.21266084847350916,2.1240410804748535,37.8790283203125,0,0,0,0.0,0,nan
163,9164,configs/experiments/reaching_recovery/manifests/v1_final.json,-10.834823712044324,37.52939758449793,240,0,0,0,0,0,0,,any,0,0,,,nan,0,0.17330682277679443,12.0,0.2749122977256775,0.15637248993540803,0.27376970648765564,0,0.0,nan,nan,nan,nan,nan,nan,nan,nan,nan,nan,nan,nan,nan,nan,nan,nan,0.03404568204229387,0.6618390083312988,11.202224731445312,0,0,0,0.0,0,nan
164,9165,configs/experiments/reaching_recovery/manifests/v1_final.json,24.20738233534901,1.1646909639239311,22,1,0,0,0,0,0,,any,0,0,,,nan,0,0.04368637502193451,1.1,0.29153135418891907,0.05294049836017869,0.1346590369939804,0,0.0,nan,nan,nan,nan,nan,nan,nan,nan,nan,nan,nan,nan,nan,nan,nan,nan,0.2087597609920935,2.027179718017578,29.000608444213867,0,0,0,0.0,0,nan
165,9166,configs/experiments/reaching_recovery/manifests/v1_final.json,24.376239312473537,0.2373436950147152,10,1,0,0,0,0,0,,any,0,0,,,nan,0,0.05053300783038139,0.5,0.6135796904563904,0.02373436950147152,0.02980276755988598,0,0.0,nan,nan,nan,nan,nan,nan,nan,nan,nan,nan,nan,nan,nan,nan,nan,nan,0.3055786777287722,2.8023760318756104,48.31595993041992,0,0,0,0.0,0,nan
166,9167,configs/experiments/reaching_recovery/manifests/v1_final.json,-3.457021644160323,81.52625302225351,240,0,0,0,0,0,0,,any,0,0,,,nan,0,0.1729302704334259,12.0,0.10826770216226578,0.2646927209260563,0.8287011384963989,6,0.025,nan,nan,nan,nan,nan,nan,nan,nan,nan,nan,nan,nan,nan,nan,nan,nan,0.09961629366346945,1.2024035453796387,27.862064361572266,0,0,0,0.0,0,nan
167,9168,configs/experiments/reaching_recovery/manifests/v1_final.json,21.74893120725257,0.4998438283801079,9,1,0,0,0,0,0,,any,0,0,,,nan,0,0.0530385859310627,0.45,0.47651442885398865,0.05553820315334532,0.0786326602101326,0,0.0,nan,nan,nan,nan,nan,nan,nan,nan,nan,nan,nan,nan,nan,nan,nan,nan,0.34622601833608413,3.0157575607299805,52.5670051574707,0,0,0,0.0,0,nan
168,9169,configs/experiments/reaching_recovery/manifests/v1_final.json,24.4294130326917,1.0521716475486755,12,1,0,0,0,0,0,,any,0,0,,,nan,0,0.046978745609521866,0.6000000000000001,0.48938634991645813,0.08768097062905629,0.179913729429245,0,0.0,nan,nan,nan,nan,nan,nan,nan,nan,nan,nan,nan,nan,nan,nan,nan,nan,0.258863240480423,2.341090440750122,38.00722885131836,0,0,0,0.0,0,nan
169,9170,configs/experiments/reaching_recovery/manifests/v1_final.json,22.360191045061384,1.2154359221458435,27,1,0,0,0,0,0,,any,0,0,,,nan,0,0.04139731824398041,1.35,0.2778410017490387,0.04501614526466087,0.14912740886211395,0,0.0,nan,nan,nan,nan,nan,nan,nan,nan,nan,nan,nan,nan,nan,nan,nan,nan,0.30616498986879986,2.766317844390869,44.952762603759766,0,0,0,0.0,0,nan
170,9171,configs/experiments/reaching_recovery/manifests/v1_final.json,25.151943217922707,2.014734234660864,17,1,0,0,0,0,0,,any,0,0,,,nan,0,0.04799456149339676,0.8500000000000001,0.15840455889701843,0.11851377850946258,0.3779968321323395,0,0.0,nan,nan,nan,nan,nan,nan,nan,nan,nan,nan,nan,nan,nan,nan,nan,nan,0.25645504891872406,2.337691068649292,32.601924896240234,0,0,0,0.0,0,nan
171,9172,configs/experiments/reaching_recovery/manifests/v1_final.json,23.621032828003482,1.2209822814911604,29,1,0,0,0,0,0,,any,0,0,,,nan,0,0.04909718409180641,1.4500000000000002,0.4288061559200287,0.04210283729279864,0.08024851977825165,0,0.0,nan,nan,nan,nan,nan,nan,nan,nan,nan,nan,nan,nan,nan,nan,nan,nan,0.2949866909405281,2.6620891094207764,34.795345306396484,0,0,0,0.0,0,nan
172,9173,configs/experiments/reaching_recovery/manifests/v1_final.json,21.583970604490787,5.58679436147213,22,1,0,0,0,0,0,,any,0,0,,,nan,0,0.04848933592438698,1.1,0.24457240104675293,0.2539451982487332,0.3531983196735382,0,0.0,nan,nan,nan,nan,nan,nan,nan,nan,nan,nan,nan,nan,nan,nan,nan,nan,0.1665490394966169,1.489125370979309,22.542896270751953,0,0,0,0.0,0,nan
173,9174,configs/experiments/reaching_recovery/manifests/v1_final.json,-2.6668511950000355,37.846793923527,240,0,0,0,0,0,0,,any,0,0,,,nan,0,0.13938868045806885,12.0,0.2689104676246643,0.1576949746813625,0.381282776594162,0,0.0,nan,nan,nan,nan,nan,nan,nan,nan,nan,nan,nan,nan,nan,nan,nan,nan,0.13351222401252016,1.3294594287872314,20.526090621948242,0,0,0,0.0,0,nan
174,9175,configs/experiments/reaching_recovery/manifests/v1_final.json,2.034284345692539,881.9367766529322,240,0,0,0,0,0,0,,any,0,0,,,nan,0,0.07601023465394974,12.0,0.025166789069771767,0.7997365693872174,0.923507809638977,230,0.9583333333333334,nan,nan,nan,nan,nan,nan,nan,nan,nan,nan,nan,nan,nan,nan,nan,nan,0.11267346866273632,1.1940350532531738,18.813753128051758,0,0,0,0.0,0,nan
175,9176,configs/experiments/reaching_recovery/manifests/v1_final.json,-3.956863285522375,95.8060799986124,240,0,0,0,0,0,0,,any,0,0,,,nan,0,0.11196316033601761,12.0,0.09031622856855392,0.28669199999421835,0.928885281085968,9,0.0375,nan,nan,nan,nan,nan,nan,nan,nan,nan,nan,nan,nan,nan,nan,nan,nan,0.1898871511608983,1.8319060802459717,30.139175415039062,0,0,0,0.0,0,nan
176,9177,configs/experiments/reaching_recovery/manifests/v1_final.json,21.395392027568953,15.00521619990468,238,1,0,0,0,0,0,,any,0,0,,,nan,0,0.05499160662293434,11.9,0.41002416610717773,0.0630471268903558,0.2953455150127411,0,0.0,nan,nan,nan,nan,nan,nan,nan,nan,nan,nan,nan,nan,nan,nan,nan,nan,0.04002322849940837,0.7609299421310425,14.558042526245117,0,0,0,0.0,0,nan
177,9178,configs/experiments/reaching_recovery/manifests/v1_final.json,22.68243375754594,1.5457954183220863,15,1,0,0,0,0,0,,any,0,0,,,nan,0,0.04931061714887619,0.75,0.3365226984024048,0.1030530278881391,0.13888926804065704,0,0.0,nan,nan,nan,nan,nan,nan,nan,nan,nan,nan,nan,nan,nan,nan,nan,nan,0.20185541113217673,1.861759066581726,32.153507232666016,0,0,0,0.0,0,nan
178,9179,configs/experiments/reaching_recovery/manifests/v1_final.json,0.3050944609394191,13.909456491470337,240,0,0,0,0,0,0,,any,0,0,,,nan,0,0.08525954186916351,12.0,0.4212595522403717,0.057956068714459734,0.17366690933704376,0,0.0,nan,nan,nan,nan,nan,nan,nan,nan,nan,nan,nan,nan,nan,nan,nan,nan,0.03216730916416661,0.7892833948135376,15.914093971252441,0,0,0,0.0,0,nan
179,9180,configs/experiments/reaching_recovery/manifests/v1_final.json,24.67047972199002,2.7972274385392666,35,1,0,0,0,0,0,,any,0,0,,,nan,0,0.05464566871523857,1.75,0.2892419695854187,0.07992078395826475,0.2694242298603058,0,0.0,nan,nan,nan,nan,nan,nan,nan,nan,nan,nan,nan,nan,nan,nan,nan,nan,0.20652435570955277,2.1866211891174316,36.55325698852539,0,0,0,0.0,0,nan
180,9181,configs/experiments/reaching_recovery/manifests/v1_final.json,-3.189415361513809,27.236525259912014,240,0,0,0,0,0,0,,any,0,0,,,nan,0,0.1279863864183426,12.0,0.305606871843338,0.11348552191630006,0.3864745795726776,0,0.0,nan,nan,nan,nan,nan,nan,nan,nan,nan,nan,nan,nan,nan,nan,nan,nan,0.02838952171781178,0.6918532848358154,12.491881370544434,0,0,0,0.0,0,nan
181,9182,configs/experiments/reaching_recovery/manifests/v1_final.json,23.926323564580482,1.0250893775373697,25,1,0,0,0,0,0,,any,0,0,,,nan,0,0.05017673969268799,1.25,0.3795306980609894,0.04100357510149479,0.07243999093770981,0,0.0,nan,nan,nan,nan,nan,nan,nan,nan,nan,nan,nan,nan,nan,nan,nan,nan,0.1569269385933876,1.7332316637039185,28.965572357177734,0,0,0,0.0,0,nan
182,9183,configs/experiments/reaching_recovery/manifests/v1_final.json,23.415432332090635,1.6015585847198963,33,1,0,0,0,0,0,,any,0,0,,,nan,0,0.05495384335517883,1.6500000000000001,0.4729357361793518,0.048532078324845344,0.0566590391099453,0,0.0,nan,nan,nan,nan,nan,nan,nan,nan,nan,nan,nan,nan,nan,nan,nan,nan,0.13358906001755685,1.3529925346374512,21.82941436767578,0,0,0,0.0,0,nan
183,9184,configs/experiments/reaching_recovery/manifests/v1_final.json,-10.396687505935766,10.312891036272049,240,0,0,0,0,0,0,,any,0,0,,,nan,0,0.17670170962810516,12.0,0.49675360321998596,0.042970379317800206,0.14431875944137573,0,0.0,nan,nan,nan,nan,nan,nan,nan,nan,nan,nan,nan,nan,nan,nan,nan,nan,0.0833642666140804,1.06412672996521,14.962180137634277,0,0,0,0.0,0,nan
184,9185,configs/experiments/reaching_recovery/manifests/v1_final.json,21.378040675544057,0.9234510362148285,5,1,0,0,0,0,0,,any,0,0,,,nan,0,0.04867811128497124,0.25,0.37839022278785706,0.1846902072429657,0.21662656962871552,0,0.0,nan,nan,nan,nan,nan,nan,nan,nan,nan,nan,nan,nan,nan,nan,nan,nan,0.2831971988081932,2.655245304107666,60.43442153930664,0,0,0,0.0,0,nan
185,9186,configs/experiments/reaching_recovery/manifests/v1_final.json,22.205349631758786,0.7163925636559725,13,1,0,0,0,0,0,,any,0,0,,,nan,0,0.05293847247958183,0.65,0.37343302369117737,0.055107120281228654,0.11139146238565445,0,0.0,nan,nan,nan,nan,nan,nan,nan,nan,nan,nan,nan,nan,nan,nan,nan,nan,0.3007027770464237,2.66251802444458,44.22642517089844,0,0,0,0.0,0,nan
186,9187,configs/experiments/reaching_recovery/manifests/v1_final.json,-3.288406772078069,29.83618652820587,240,0,0,0,0,0,0,,any,0,0,,,nan,0,0.12140300869941711,12.0,0.30110907554626465,0.12431744386752447,0.26289305090904236,0,0.0,nan,nan,nan,nan,nan,nan,nan,nan,nan,nan,nan,nan,nan,nan,nan,nan,0.02788851420446008,0.7230954766273499,12.965173721313477,0,0,0,0.0,0,nan
187,9188,configs/experiments/reaching_recovery/manifests/v1_final.json,-6.991730913476794,14.637828264385462,240,0,0,0,0,0,0,,any,0,0,,,nan,0,0.14620475471019745,12.0,0.4078007936477661,0.06099095110160609,0.14439336955547333,0,0.0,nan,nan,nan,nan,nan,nan,nan,nan,nan,nan,nan,nan,nan,nan,nan,nan,0.04015220202272758,0.6571180820465088,9.77950668334961,0,0,0,0.0,0,nan
188,9189,configs/experiments/reaching_recovery/manifests/v1_final.json,0.8339436488063495,9.265600834041834,240,0,0,0,0,0,0,,any,0,0,,,nan,0,0.08018340170383453,12.0,0.34669265151023865,0.03860667014184097,0.09073056280612946,0,0.0,nan,nan,nan,nan,nan,nan,nan,nan,nan,nan,nan,nan,nan,nan,nan,nan,0.09079728525830433,1.0473721027374268,19.90025520324707,0,0,0,0.0,0,nan
189,9190,configs/experiments/reaching_recovery/manifests/v1_final.json,25.19831514722567,0.41110904701054096,17,1,0,0,0,0,0,,any,0,0,,,nan,0,0.05164944753050804,0.8500000000000001,0.5727023482322693,0.024182885118267116,0.026433149352669716,0,0.0,nan,nan,nan,nan,nan,nan,nan,nan,nan,nan,nan,nan,nan,nan,nan,nan,0.21427761850988164,2.1581602096557617,38.54506301879883,0,0,0,0.0,0,nan
190,9191,configs/experiments/reaching_recovery/manifests/v1_final.json,24.162966552393648,1.8974171504378319,17,1,0,0,0,0,0,,any,0,0,,,nan,0,0.0536758117377758,0.8500000000000001,0.320198118686676,0.11161277355516658,0.17729581892490387,0,0.0,nan,nan,nan,nan,nan,nan,nan,nan,nan,nan,nan,nan,nan,nan,nan,nan,0.31619642411961274,2.8279480934143066,45.55860900878906,0,0,0,0.0,0,nan
191,9192,configs/experiments/reaching_recovery/manifests/v1_final.json,-9.997447990148636,550.2196053564548,236,0,1,1,0,1,1,pybullet_contact,any,0,0,6,wrist_2_link,-1.3048270604719833e-05,1,0.012092982418835163,11.8,0.006629565730690956,0.6449983277815884,0.9252468943595886,130,0.5508474576271186,nan,nan,nan,nan,nan,nan,nan,nan,nan,nan,nan,nan,nan,nan,nan,nan,0.24986741901769982,2.2489712238311768,37.346275329589844,0,0,0,0.0,0,nan
192,9193,configs/experiments/reaching_recovery/manifests/v1_final.json,25.371965469067693,3.9652954265475273,19,1,0,0,0,0,0,,any,0,0,,,nan,0,0.050137750804424286,0.9500000000000001,0.31964126229286194,0.20869975929197512,0.3417174220085144,0,0.0,nan,nan,nan,nan,nan,nan,nan,nan,nan,nan,nan,nan,nan,nan,nan,nan,0.22826635249351201,2.311723470687866,37.0966682434082,0,0,0,0.0,0,nan
193,9194,configs/experiments/reaching_recovery/manifests/v1_final.json,-0.7484867560679275,10.567275244742632,240,0,0,0,0,0,0,,any,0,0,,,nan,0,0.09809885919094086,12.0,0.349364697933197,0.044030313519760965,0.14260897040367126,0,0.0,nan,nan,nan,nan,nan,nan,nan,nan,nan,nan,nan,nan,nan,nan,nan,nan,0.17426119470813622,1.623293399810791,26.94563102722168,0,0,0,0.0,0,nan
194,9195,configs/experiments/reaching_recovery/manifests/v1_final.json,-18.592661510920763,59.25507662445307,240,0,0,0,0,0,0,,any,0,0,,,nan,0,0.2733268439769745,12.0,0.14104604721069336,0.24689615260188777,0.6168124079704285,0,0.0,nan,nan,nan,nan,nan,nan,nan,nan,nan,nan,nan,nan,nan,nan,nan,nan,0.17667343767437463,1.6821396350860596,24.692758560180664,0,0,0,0.0,0,nan
195,9196,configs/experiments/reaching_recovery/manifests/v1_final.json,0.9777477364914516,6.99053281545639,240,0,0,0,0,0,0,,any,0,0,,,nan,0,0.09260740876197815,12.0,0.35950756072998047,0.029127220064401625,0.08288201689720154,0,0.0,nan,nan,nan,nan,nan,nan,nan,nan,nan,nan,nan,nan,nan,nan,nan,nan,0.031038660689046083,0.6883191466331482,10.7345609664917,0,0,0,0.0,0,nan
196,9197,configs/experiments/reaching_recovery/manifests/v1_final.json,20.695958103440436,0.5488834381103516,2,1,0,0,0,0,0,,any,0,0,,,nan,0,0.03258882462978363,0.1,0.19621312618255615,0.2744417190551758,0.27987486124038696,0,0.0,nan,nan,nan,nan,nan,nan,nan,nan,nan,nan,nan,nan,nan,nan,nan,nan,0.5112553536891937,4.27561092376709,82.39189147949219,0,0,0,0.0,0,nan
197,9198,configs/experiments/reaching_recovery/manifests/v1_final.json,23.12866141373117,1.11057542078197,18,1,0,0,0,0,0,,any,0,0,,,nan,0,0.048011817038059235,0.9,0.3695935606956482,0.061698634487887226,0.136769101023674,0,0.0,nan,nan,nan,nan,nan,nan,nan,nan,nan,nan,nan,nan,nan,nan,nan,nan,0.4005128832326995,3.534327268600464,50.514278411865234,0,0,0,0.0,0,nan
198,9199,configs/experiments/reaching_recovery/manifests/v1_final.json,22.027738334796954,2.2810355722904205,6,1,0,0,0,0,0,,any,0,0,,,nan,0,0.048080068081617355,0.30000000000000004,0.19763551652431488,0.38017259538173676,0.39937037229537964,0,0.0,nan,nan,nan,nan,nan,nan,nan,nan,nan,nan,nan,nan,nan,nan,nan,nan,0.33612459897994995,2.877549648284912,60.18536376953125,0,0,0,0.0,0,nan
199,9200,configs/experiments/reaching_recovery/manifests/v1_final.json,24.419201298110195,0.7917477488517761,16,1,0,0,0,0,0,,any,0,0,,,nan,0,0.04215193912386894,0.8,0.35872405767440796,0.04948423430323601,0.08332709223031998,0,0.0,nan,nan,nan,nan,nan,nan,nan,nan,nan,nan,nan,nan,nan,nan,nan,nan,0.22740092361345887,2.3573336601257324,36.323822021484375,0,0,0,0.0,0,nan
