step,time,reward,cost,goal_error_norm,d_min,risk_global,beta,closest_link,safety_violation,collision,collision_any,collision_capsule_overlap,collision_pybullet_contact,termination_collision,termination_reason,unavoidable_collision,avoidable_collision,collision_avoidability_reason,safe_stop_infeasible_first_step,safe_stop_infeasible_last_step,safe_stop_h_drift_mps,safe_stop_drift_class,collision_contact_link_indices,collision_contact_link_names,collision_min_contact_distance,success,qdot_norm,acc_norm,jerk_norm,qdot_requested_norm,qdot_policy_norm,task_space_goal_error_before_m,task_space_goal_error_after_m,task_space_goal_error_delta_m,task_space_requested_speed_mps,task_space_executed_speed_mps,task_space_requested_toward_goal_mps,task_space_executed_toward_goal_mps,task_space_filter_velocity_loss_mps,task_space_nominal_toward_goal_mps,task_space_recovery_active_for_command,residual_control_enabled,residual_control_mode,residual_control_base_qdot_norm,hierarchical_control_enabled,hierarchical_state,hierarchical_plan_reason,hierarchical_plan_iterations,hierarchical_planning_time_s,hierarchical_planning_time_total_s,hierarchical_ik_candidate_count,hierarchical_ik_found,hierarchical_plan_found,hierarchical_direct_path,hierarchical_selected_candidate_index,hierarchical_selected_path_length_rad,hierarchical_selected_path_min_clearance_m,hierarchical_ik_candidate_errors_m,hierarchical_ik_candidate_clearances_m,hierarchical_ik_attempts_used,hierarchical_ik_fallback_used,hierarchical_ik_fallback_attempted,hierarchical_ik_target_shell_attempted,hierarchical_ik_target_shell_candidate_count,hierarchical_ik_goal_region_attempted,hierarchical_ik_goal_region_candidate_count,hierarchical_ik_goal_region_sample_count,hierarchical_ik_obstacle_aware_attempted,hierarchical_ik_obstacle_aware_candidate_count,hierarchical_ik_rejection_counts,hierarchical_ik_min_goal_error_m,hierarchical_ik_goal_reachable_count,hierarchical_ik_obstacle_free_goal_reachable_count,hierarchical_selected_path_predictive_h_m,hierarchical_selected_path_filter_intervention,hierarchical_filter_intervention_ratio,hierarchical_filter_status,hierarchical_servo_stall_steps,hierarchical_servo_stall_replans,hierarchical_plan_count,hierarchical_replan_count,hierarchical_hold_steps,hierarchical_consecutive_hold_steps,hierarchical_waypoint_index,hierarchical_waypoint_count,hierarchical_path_progress,hierarchical_residual_budget,hierarchical_nominal_qdot_norm,residual_qdot_norm,risk_speed_scale,risk_speed_h_min_m,recovery_active,recovery_triggered,recovery_success,recovery_initially_unsafe,recovery_initial_h_min_m,recovery_command_norm,safety_filter_status,safety_filter_reason,safety_filter_intervention_norm,safety_filter_safe_stop,safety_filter_active_constraints,safety_filter_constraint_count,safety_filter_active_constraint_categories,safety_filter_max_constraint_category,safety_filter_infeasible_constraint_categories,safety_filter_infeasibility_diagnostic_status,safety_filter_projection_iterations,safety_filter_fallback_used,safety_filter_qp_solver_used,safety_filter_qp_solver_status,safety_filter_goal_velocity_primary_mps,safety_filter_goal_velocity_secondary_used,safety_filter_goal_velocity_secondary_status,safety_filter_command_alignment_previous,safety_filter_command_sign_change,safety_filter_fallback_stage,safety_filter_max_constraint_violation,predictive_risk_status,predictive_h_min_m,predictive_max_link_speed_bound_mps,predictive_link_velocity_norms_mps,predictive_h_by_link_m,predictive_distance_by_link_m,predictive_robust_distance_by_link_m,predictive_time_by_link_s,safety_jacobian_command_by_link_mps,safety_drift_by_link_mps,safety_constraint_residual_by_link_mps,safety_filter_goal_velocity_audit_status,safety_filter_max_feasible_goal_velocity_mps,safety_filter_projected_goal_velocity_mps,safety_filter_goal_velocity_feasibility_gap_mps,filter_obstacle_position_m,filter_obstacle_velocity_mps,safety_filter_solve_time_s,safety_filter_predictive_risk_time_s,safety_filter_jacobian_workspace_time_s,safety_filter_projection_time_s
0,0.05,-0.7635172344093746,0.08318707346916199,0.5227066278457642,0.4548444449901581,0.06602387130260468,1.0,2,0,0,0,0,0,0,,0,0,,-1,-1,nan,not_applicable,,,nan,0,0.3878594934940338,7.7571892738342285,155.14378356933594,1.6755025386810303,1.6755025386810303,0.5294673431018008,0.5227066278457642,0.006760715256036609,0.40109009895919057,0.1680002181441643,0.3870834472582579,0.13658053941374054,0.25050290784451734,0.3870834463939325,0,0,disabled,0.0,1,TRACK,rrt_connect,1,0.8568292560521513,0.8568292560521513,9,1,1,0,0,2.189769036906044,0.1266803741455078,0.002525353447134458;0.0033030266614098316;0.00279199748697984;0.0043297162521171145;0.005356280582075134;0.008079781666301163;0.004218482086436973;0.006279402228037749;0.006214224410845686,0.127402663230896;0.12612996995449066;0.12387418001890182;0.12563948333263397;0.12199632078409195;0.12103157490491867;0.12479034811258316;0.12172048538923264;0.12173473089933395,64,0,0,0,0,0,0,0,0,0,"{'solver_error': 0, 'short_solution': 0, 'duplicate': 0, 'goal_error': 0, 'joint_limit': 0, 'workspace': 6, 'obstacle_clearance': 44, 'obstacle_contact': 6, 'self_collision': 0}",0.0011843611193055642,65,59,nan,nan,0.0,not_enabled,0,0,1,0,0,0,1,3,0.5,1.0,1.6755025386810303,0.0,1.0,0.2784192015832014,0,0,0,0,0.2784192015832014,0.0,filtered,linprog goal-velocity priority optimal,1.53687420051142,0,0,12,joint_0_acceleration_lower|joint_2_acceleration_upper|joint_3_acceleration_upper,workspace_x_upper,,,0,0,0,optimal; continuity_tiebreak,0.1415805370422741,1,continuity_tiebreak,0.0,0,goal_velocity_linprog,0.0,valid,0.2784192015832014,0.9792539133705056,0|0|0|0|0|0,0.383002586|0.283486532|0.278419202|0.348374586|0.364086714|0.387952066,0.561965282|0.462449228|0.457381897|0.527337282|0.543049409|0.566914761,0.503002586|0.403486532|0.398419202|0.468374586|0.484086714|0.507952066,0|0|0|0|0|0,0|-0.0160613899|-0.0508736653|-0.109049882|-0.126663953|-0.131749679,0|0|0|0|0|0,1.53201035|1.11788474|1.06280314|1.28444846|1.3296829|1.42005858,optimal,0.1415805370422741,0.13658053941374057,0.004999997628533537,0.296221048|-0.568402946|0.387439221,0|0|0,0.5994786069495603,0.0026885109255090356,0.0016705869929865003,0.5893752260599285
1,0.1,-0.9564328844375733,0.16917270421981812,0.5091122388839722,0.44946393370628357,0.14820878207683563,1.0,2,0,0,0,0,0,0,,0,0,,-1,-1,nan,not_applicable,,,nan,0,0.7767822742462158,7.778512477874756,0.9430408477783203,1.6754568815231323,1.6754568815231323,0.5227066508006724,0.5091122388839722,0.013594411916700189,0.40082319112693554,0.33467282724349545,0.3872127279011534,0.27333753745749373,0.11387519044365968,0.387212744905783,0,0,disabled,0.0,1,TRACK,rrt_connect,1,0.8568292560521513,0.8568292560521513,9,1,1,0,0,2.189769036906044,0.1266803741455078,0.002525353447134458;0.0033030266614098316;0.00279199748697984;0.0043297162521171145;0.005356280582075134;0.008079781666301163;0.004218482086436973;0.006279402228037749;0.006214224410845686,0.127402663230896;0.12612996995449066;0.12387418001890182;0.12563948333263397;0.12199632078409195;0.12103157490491867;0.12479034811258316;0.12172048538923264;0.12173473089933395,64,0,0,0,0,0,0,0,0,0,"{'solver_error': 0, 'short_solution': 0, 'duplicate': 0, 'goal_error': 0, 'joint_limit': 0, 'workspace': 6, 'obstacle_clearance': 44, 'obstacle_contact': 6, 'self_collision': 0}",0.0011843611193055642,65,59,nan,nan,0.9172616364528223,filtered,0,0,1,0,0,0,1,3,0.5,1.0,1.6754568815231323,0.0,1.0,0.2681962001619118,0,0,0,0,0.2784192015832014,0.0,filtered,linprog goal-velocity priority optimal,1.4907462158889202,0,0,12,joint_0_acceleration_lower|joint_2_acceleration_upper|joint_3_acceleration_upper,workspace_z_lower,,,0,0,0,optimal; continuity_tiebreak,0.27833753452772114,1,continuity_tiebreak,0.9999963641166687,0,goal_velocity_linprog,0.0,valid,0.2681962001619118,0.9752663725060944,2.22058637e-17|0.0189050925|0.0548041042|0.129455552|0.16416887|0.167225526,0.383201963|0.280512656|0.2681962|0.326881033|0.33922616|0.362150704,0.561965282|0.459275975|0.446959519|0.505644352|0.517989479|0.540914023,0.503201963|0.400512656|0.3881962|0.446881033|0.45922616|0.482150704,0|0.15|0.15|0.15|0.15|0.15,2.51225263e-17|-0.0319543092|-0.105480986|-0.216313805|-0.24816549|-0.257758548,0|0|0|0|0|0,1.53280785|1.09009632|0.967303815|1.09121033|1.10873915|1.19084427,optimal,0.27833753452772114,0.2733375374574937,0.004999997070227469,0.296221048|-0.568402946|0.387439221,0|0|0,0.019702490069903433,0.004383853985927999,0.0014381969813257456,0.006940928054973483
2,0.15000000000000002,-1.1782391023270258,0.2654677927494049,0.4887005090713501,0.44074079394340515,0.23408085107803345,1.0,2,0,0,0,0,0,0,,0,0,,-1,-1,nan,not_applicable,,,nan,0,1.1679943799972534,7.824763774871826,2.0121240615844727,1.6754151582717896,1.6754151582717896,0.509112240678688,0.4887005090713501,0.02041173160733789,0.40022536442986195,0.4978627524989586,0.38723932682955636,0.41015889859847243,-0.02291957176891607,0.38723932819464746,0,0,disabled,0.0,1,TRACK,rrt_connect,1,0.8568292560521513,0.8568292560521513,9,1,1,0,0,2.189769036906044,0.1266803741455078,0.002525353447134458;0.0033030266614098316;0.00279199748697984;0.0043297162521171145;0.005356280582075134;0.008079781666301163;0.004218482086436973;0.006279402228037749;0.006214224410845686,0.127402663230896;0.12612996995449066;0.12387418001890182;0.12563948333263397;0.12199632078409195;0.12103157490491867;0.12479034811258316;0.12172048538923264;0.12173473089933395,64,0,0,0,0,0,0,0,0,0,"{'solver_error': 0, 'short_solution': 0, 'duplicate': 0, 'goal_error': 0, 'joint_limit': 0, 'workspace': 6, 'obstacle_clearance': 44, 'obstacle_contact': 6, 'self_collision': 0}",0.0011843611193055642,65,59,nan,nan,0.8897550467152013,filtered,0,0,1,0,0,0,1,3,0.5,1.0,1.6754151582717896,0.0,1.0,0.2543305566838917,0,0,0,0,0.2784192015832014,0.0,filtered,linprog goal-velocity priority optimal,1.548414204466978,0,0,12,joint_0_acceleration_lower|joint_2_acceleration_upper|joint_3_acceleration_upper,workspace_z_lower,,,0,0,0,optimal; continuity_tiebreak,0.4151588859812481,1,continuity_tiebreak,0.9999886751174927,0,goal_velocity_linprog,0.0,valid,0.2543305566838917,0.9671405644815396,2.23784595e-17|0.0380344149|0.117326013|0.258618632|0.327101234|0.331555833,0.383608254|0.276992896|0.254330557|0.300121822|0.308660329|0.330726307,0.561965282|0.455349924|0.432687585|0.47847885|0.487017357|0.509083335,0.503608254|0.396992896|0.374330557|0.420121822|0.428660329|0.450726307,0|0.15|0.15|0.15|0.15|0.15,1.6403772e-17|-0.0474773424|-0.168740595|-0.322257932|-0.36347213|-0.375717254,0|0|0|0|0|0,1.53443302|1.06049424|0.848581632|0.878229356|0.871169186|0.947187974,optimal,0.4151588859812481,0.41015889859847243,0.0049999873827756836,0.296221048|-0.568402946|0.387439221,0|0|0,0.01734782592393458,0.0033127800561487675,0.0013045589439570904,0.008141570026054978
3,0.2,-1.2823168992443883,0.3202580213546753,0.4646604657173157,0.42959365248680115,0.2786259949207306,1.0,2,0,0,0,0,0,0,,0,0,,-1,-1,nan,not_applicable,,,nan,0,1.3951202630996704,4.676427364349365,69.98692321777344,1.675382375717163,1.675382375717163,0.48870051543666754,0.4646604657173157,0.024040049719351864,0.39910826053335086,0.5777864199796411,0.3866501673538592,0.48230232037641,-0.09565215302255081,0.38665017238997235,0,0,disabled,0.0,1,TRACK,rrt_connect,1,0.8568292560521513,0.8568292560521513,9,1,1,0,0,2.189769036906044,0.1266803741455078,0.002525353447134458;0.0033030266614098316;0.00279199748697984;0.0043297162521171145;0.005356280582075134;0.008079781666301163;0.004218482086436973;0.006279402228037749;0.006214224410845686,0.127402663230896;0.12612996995449066;0.12387418001890182;0.12563948333263397;0.12199632078409195;0.12103157490491867;0.12479034811258316;0.12172048538923264;0.12173473089933395,64,0,0,0,0,0,0,0,0,0,"{'solver_error': 0, 'short_solution': 0, 'duplicate': 0, 'goal_error': 0, 'joint_limit': 0, 'workspace': 6, 'obstacle_clearance': 44, 'obstacle_contact': 6, 'self_collision': 0}",0.0011843611193055642,65,59,nan,nan,0.9241973231662685,filtered,0,0,1,0,0,0,1,3,0.5,1.0,1.675382375717163,0.0,1.0,0.23566725813084788,0,0,0,0,0.2784192015832014,0.0,filtered,linprog goal-velocity priority optimal,1.6671925773374132,0,0,12,joint_0_velocity_lower|joint_2_velocity_upper|joint_3_velocity_upper,workspace_z_lower,,,0,0,0,optimal; continuity_tiebreak,0.4873023258058022,1,continuity_tiebreak,0.9990530014038086,0,goal_velocity_linprog,0.0,valid,0.23566725813084788,0.9545742782207902,1.04088448e-18|0.0575581581|0.193087556|0.387139523|0.487594691|0.490634141,0.384236568|0.272998609|0.235667258|0.268024044|0.272660767|0.294305483,0.561965282|0.450727323|0.413395972|0.445752758|0.450389481|0.472034197,0.504236568|0.392998609|0.355667258|0.388024044|0.392660767|0.414305483,0|0.15|0.15|0.15|0.15|0.15,-8.25157652e-19|-0.054549543|-0.214156218|-0.373363625|-0.411189311|-0.425747336,0|0|0|0|0|0,1.53694627|1.03744489|0.728512814|0.698732551|0.679453758|0.751474597,optimal,0.4873023258058022,0.48230232037641,0.0050000054293921625,0.296221048|-0.568402946|0.387439221,0|0|0,0.014359566965140402,0.002704807906411588,0.001258547999896109,0.006196314003318548
4,0.25,-1.3040005272125212,0.33633020520210266,0.440777450799942,0.4175584018230438,0.28754791617393494,1.0,2,0,0,0,0,0,0,,0,0,,-1,-1,nan,not_applicable,,,nan,0,1.4000053405761719,0.21101301908493042,90.95194244384766,1.652643084526062,1.652643084526062,0.4646604564667524,0.440777450799942,0.023883005666810397,0.39410530999552557,0.5670509228885341,0.3816956704190414,0.47997173984488906,-0.09827606942584766,0.38169566282015965,0,0,disabled,0.0,1,TRACK,rrt_connect,1,0.8568292560521513,0.8568292560521513,9,1,1,0,0,2.189769036906044,0.1266803741455078,0.002525353447134458;0.0033030266614098316;0.00279199748697984;0.0043297162521171145;0.005356280582075134;0.008079781666301163;0.004218482086436973;0.006279402228037749;0.006214224410845686,0.127402663230896;0.12612996995449066;0.12387418001890182;0.12563948333263397;0.12199632078409195;0.12103157490491867;0.12479034811258316;0.12172048538923264;0.12173473089933395,64,0,0,0,0,0,0,0,0,0,"{'solver_error': 0, 'short_solution': 0, 'duplicate': 0, 'goal_error': 0, 'joint_limit': 0, 'workspace': 6, 'obstacle_clearance': 44, 'obstacle_contact': 6, 'self_collision': 0}",0.0011843611193055642,65,59,nan,nan,0.9951116840558597,filtered,0,0,1,0,0,0,1,3,0.5,1.0,1.652643084526062,0.0,1.0,0.2179203420098843,0,0,0,0,0.2784192015832014,0.0,filtered,linprog goal-velocity priority optimal,1.674947588981868,0,0,12,joint_0_velocity_lower|joint_4_velocity_lower|joint_2_velocity_upper|joint_3_velocity_upper,workspace_z_lower,,,0,0,0,optimal; continuity_tiebreak,0.4849717480162581,1,continuity_tiebreak,0.9999776482582092,0,goal_velocity_linprog,0.0,valid,0.2179203420098843,0.9393508466587083,0|0.0678405276|0.247948722|0.460982671|0.564232845|0.567457704,0.38499774|0.270015117|0.217920342|0.239994218|0.243271078|0.264448392,0.561965282|0.44698266|0.394887884|0.41696176|0.420238621|0.441415934,0.50499774|0.390015117|0.337920342|0.359994218|0.363271078|0.384448392,0|0.15|0.15|0.15|0.15|0.15,0|-0.0525591017|-0.232023097|-0.371672316|-0.400866729|-0.409876781,0|0|0|0|0|0,1.53999096|1.02750137|0.639658271|0.588304555|0.572217583|0.647916786,optimal,0.4849717480162581,0.4799717398448891,0.005000008171368975,0.296221048|-0.568402946|0.387439221,0|0|0,0.020636710920371115,0.003957774955779314,0.0017959499964490533,0.008686220971867442
5,0.30000000000000004,-1.3377171784217379,0.35387909412384033,0.41712039709091187,0.4049752652645111,0.2969050407409668,1.0,2,0,0,0,0,0,0,,0,0,,-1,-1,nan,not_applicable,,,nan,0,1.4005389213562012,0.6994093656539917,13.040504455566406,1.6265288591384888,1.6265288591384888,0.44077746337129065,0.41712039709091187,0.02365706628037878,0.3874739263731807,0.5465645063242799,0.3750584509807239,0.47616389497913586,-0.10110544399841198,0.3750584616777106,0,0,disabled,0.0,1,TRACK,rrt_connect,1,0.8568292560521513,0.8568292560521513,9,1,1,0,0,2.189769036906044,0.1266803741455078,0.002525353447134458;0.0033030266614098316;0.00279199748697984;0.0043297162521171145;0.005356280582075134;0.008079781666301163;0.004218482086436973;0.006279402228037749;0.006214224410845686,0.127402663230896;0.12612996995449066;0.12387418001890182;0.12563948333263397;0.12199632078409195;0.12103157490491867;0.12479034811258316;0.12172048538923264;0.12173473089933395,64,0,0,0,0,0,0,0,0,0,"{'solver_error': 0, 'short_solution': 0, 'duplicate': 0, 'goal_error': 0, 'joint_limit': 0, 'workspace': 6, 'obstacle_clearance': 44, 'obstacle_contact': 6, 'self_collision': 0}",0.0011843611193055642,65,59,nan,nan,1.0,filtered,0,0,1,0,0,0,1,3,0.5,1.0,1.6265288591384888,0.0,1.0,0.20418364968296737,0,0,0,0,0.2784192015832014,0.0,filtered,linprog goal-velocity priority optimal,1.6665816021456896,0,0,12,joint_0_velocity_lower|joint_4_velocity_lower|joint_2_velocity_upper|joint_3_velocity_upper,workspace_z_lower,,,0,0,0,optimal; continuity_tiebreak,0.481163903060439,1,continuity_tiebreak,0.9996882081031799,0,goal_velocity_linprog,0.0,valid,0.20418364968296737,0.9235234770094787,0|0.068461516|0.268812717|0.47500086|0.557503845|0.556390761,0.385789108|0.268508317|0.20418365|0.219580928|0.223229924|0.245109709,0.561965282|0.444684491|0.380359824|0.395757102|0.399406098|0.421285883,0.505789108|0.388508317|0.32418365|0.339580928|0.343229924|0.365109709,0|0.15|0.15|0.15|0.15|0.15,0|-0.0422766946|-0.243233236|-0.370058737|-0.396608627|-0.399387029,0|0|0|0|0|0,1.54315643|1.03175657|0.573501363|0.508264974|0.496311071|0.581051808,optimal,0.481163903060439,0.4761638949791358,0.005000008081303187,0.296221048|-0.568402946|0.387439221,0|0|0,0.020761459949426353,0.0027018440887331963,0.0013482309877872467,0.012066707015037537
6,0.35000000000000003,-1.3802433169263124,0.37284737825393677,0.3937152028083801,0.392082542181015,0.30669325590133667,1.0,2,0,0,0,0,0,0,,0,0,,-1,-1,nan,not_applicable,,,nan,0,1.4031872749328613,1.1134592294692993,8.280997276306152,1.6017463207244873,1.6017463207244873,0.41712038317862943,0.3937152028083801,0.0234051803702493,0.37925931153726133,0.5228947752236699,0.3670434051051585,0.47179885081462414,-0.10475544570946566,0.36704339286310184,0,0,disabled,0.0,1,TRACK,rrt_connect,1,0.8568292560521513,0.8568292560521513,9,1,1,0,0,2.189769036906044,0.1266803741455078,0.002525353447134458;0.0033030266614098316;0.00279199748697984;0.0043297162521171145;0.005356280582075134;0.008079781666301163;0.004218482086436973;0.006279402228037749;0.006214224410845686,0.127402663230896;0.12612996995449066;0.12387418001890182;0.12563948333263397;0.12199632078409195;0.12103157490491867;0.12479034811258316;0.12172048538923264;0.12173473089933395,64,0,0,0,0,0,0,0,0,0,"{'solver_error': 0, 'short_solution': 0, 'duplicate': 0, 'goal_error': 0, 'joint_limit': 0, 'workspace': 6, 'obstacle_clearance': 44, 'obstacle_contact': 6, 'self_collision': 0}",0.0011843611193055642,65,59,nan,nan,1.0,filtered,0,0,1,0,0,0,1,3,0.5,0.9432454648875045,1.6017463207244873,0.0,1.0,0.19091927438200074,0,0,0,0,0.2784192015832014,0.0,filtered,linprog goal-velocity priority optimal,1.6544211398648185,0,0,12,joint_0_velocity_lower|joint_4_velocity_lower|joint_2_velocity_upper|joint_3_velocity_upper,predictive_link_4,,,0,0,0,optimal; continuity_tiebreak,0.4767988588708114,1,continuity_tiebreak,0.9992132186889648,0,goal_velocity_linprog,0.0,valid,0.19091927438200074,0.9070523707105649,0|0.070207326|0.281644072|0.474377693|0.538559996|0.536102705,0.386612664|0.26894589|0.190919274|0.200235599|0.203541992|0.226501138,0.561965282|0.444298508|0.366271893|0.375588218|0.378894611|0.401853756,0.506612664|0.38894589|0.310919274|0.320235599|0.323541992|0.346501138,0|0.15|0.15|0.15|0.15|0.15,0|-0.0245870607|-0.251416513|-0.371431047|-0.393486004|-0.389349589,0|0|0|0|0|0,1.54645065|1.0511965|0.512260584|0.42951135|0.420681965|0.516654961,optimal,0.4767988588708114,0.47179885081462425,0.005000008056187166,0.296221048|-0.568402946|0.387439221,0|0|0,0.014040878973901272,0.002487706020474434,0.001209813985042274,0.006115994066931307
7,0.4,-1.4303822349549598,0.3928844928741455,0.37060239911079407,0.37902775406837463,0.31676149368286133,1.0,2,0,0,0,0,0,0,,0,0,,-1,-1,nan,not_applicable,,,nan,0,1.409348726272583,1.3507537841796875,4.745891094207764,1.5776207447052002,1.5776207447052002,0.39371519350965994,0.37060239911079407,0.023112794398865877,0.36912032422552193,0.5005288093009169,0.3572334351672088,0.4667047753282124,-0.10947134016100363,0.3572334267301107,0,0,disabled,0.0,1,TRACK,rrt_connect,1,0.8568292560521513,0.8568292560521513,9,1,1,0,0,2.189769036906044,0.1266803741455078,0.002525353447134458;0.0033030266614098316;0.00279199748697984;0.0043297162521171145;0.005356280582075134;0.008079781666301163;0.004218482086436973;0.006279402228037749;0.006214224410845686,0.127402663230896;0.12612996995449066;0.12387418001890182;0.12563948333263397;0.12199632078409195;0.12103157490491867;0.12479034811258316;0.12172048538923264;0.12173473089933395,64,0,0,0,0,0,0,0,0,0,"{'solver_error': 0, 'short_solution': 0, 'duplicate': 0, 'goal_error': 0, 'joint_limit': 0, 'workspace': 6, 'obstacle_clearance': 44, 'obstacle_contact': 6, 'self_collision': 0}",0.0011843611193055642,65,59,nan,nan,1.0,filtered,0,0,1,0,0,0,1,3,0.5,0.8628150442594842,1.5776207447052002,0.0,1.0,0.17805040708151748,0,0,0,0,0.2784192015832014,0.0,filtered,linprog goal-velocity priority optimal,1.6427394071590595,0,0,12,joint_0_velocity_lower|joint_4_velocity_lower|joint_2_velocity_upper|joint_3_velocity_upper,predictive_link_4,,,0,0,0,optimal; continuity_tiebreak,0.4717047829763261,1,continuity_tiebreak,0.9988564252853394,0,goal_velocity_linprog,0.0,valid,0.17805040708151748,0.8899476883437929,4.85759292e-18|0.0775653973|0.289985666|0.465592941|0.513795049|0.51291762,0.387467898|0.271478942|0.178050407|0.181655287|0.184428151|0.20876399,0.561965282|0.445976327|0.352547791|0.356152672|0.358925536|0.383261374,0.507467898|0.391478942|0.298050407|0.301655287|0.304428151|0.32876399,0|0.15|0.15|0.15|0.15|0.15,-2.86151598e-18|-0.000994094073|-0.257737127|-0.372272645|-0.38937462|-0.377504002,0|0|0|0|0|0,1.54987159|1.08492168|0.454464502|0.354348505|0.348337985|0.457551958,optimal,0.4717047829763261,0.46670477532821236,0.005000007648113758,0.296221048|-0.568402946|0.387439221,0|0|0,0.016134154051542282,0.0037669510347768664,0.0012848230544477701,0.006377508048899472
8,0.45,-1.485955765209983,0.4132938086986542,0.3478561341762543,0.36588054895401,0.3267952501773834,1.0,2,0,0,0,0,0,0,,0,0,,-1,-1,nan,not_applicable,,,nan,0,1.4193782806396484,1.4335936307907104,1.656796932220459,1.553847312927246,1.553847312927246,0.37060238419260366,0.3478561341762543,0.02274625001634939,0.3571170966647135,0.48218522217272136,0.34534457487298326,0.46032719359970975,-0.1149826187267265,0.3453445609715186,0,0,disabled,0.0,1,TRACK,rrt_connect,1,0.8568292560521513,0.8568292560521513,9,1,1,0,0,2.189769036906044,0.1266803741455078,0.002525353447134458;0.0033030266614098316;0.00279199748697984;0.0043297162521171145;0.005356280582075134;0.008079781666301163;0.004218482086436973;0.006279402228037749;0.006214224410845686,0.127402663230896;0.12612996995449066;0.12387418001890182;0.12563948333263397;0.12199632078409195;0.12103157490491867;0.12479034811258316;0.12172048538923264;0.12173473089933395,64,0,0,0,0,0,0,0,0,0,"{'solver_error': 0, 'short_solution': 0, 'duplicate': 0, 'goal_error': 0, 'joint_limit': 0, 'workspace': 6, 'obstacle_clearance': 44, 'obstacle_contact': 6, 'self_collision': 0}",0.0011843611193055642,65,59,nan,nan,1.0,filtered,0,0,1,0,0,0,1,3,0.5,0.7742921308031109,1.553847312927246,0.0,1.0,0.16388674092849775,0,0,0,0,0.2784192015832014,0.0,filtered,linprog goal-velocity priority optimal,1.6353332229787876,0,0,12,joint_0_velocity_lower|joint_4_velocity_lower|joint_2_velocity_upper|joint_3_velocity_upper,predictive_link_4,,,0,0,0,optimal; continuity_tiebreak,0.46532720117219956,1,continuity_tiebreak,0.9987410306930542,0,goal_velocity_linprog,0.0,valid,0.16388674092849775,0.8722496309871024,0|0.0925802683|0.29719105|0.454215433|0.488521341|0.491134146,0.388352801|0.275527233|0.165456157|0.163886741|0.166151787|0.192193925,0.561965282|0.449139714|0.339068638|0.337499222|0.339764269|0.365806407,0.508352801|0.395527233|0.285456157|0.283886741|0.286151787|0.312193925,0|0|0.15|0.15|0.15|0.15,0|0.0237419792|-0.263188057|-0.369271331|-0.382209528|-0.361849707,0|0|0|0|0|0,1.5534112|1.12585091|0.39863657|0.286275633|0.282397621|0.406925994,optimal,0.46532720117219956,0.46032719359970986,0.005000007572489695,0.296221048|-0.568402946|0.387439221,0|0|0,0.01703927107155323,0.0028341669822111726,0.0019012190168723464,0.006849859026260674
9,0.5,-1.547816448113504,0.4340515732765198,0.3256003260612488,0.35263678431510925,0.33632490038871765,1.0,2,0,0,0,0,0,0,,0,0,,-1,-1,nan,not_applicable,,,nan,0,1.4320935010910034,1.3548299074172974,1.5752744674682617,1.5048339366912842,1.5048339366912842,0.3478561329433728,0.3256003260612488,0.02225580688212403,0.33558183535515734,0.46873301046012256,0.32778238847519264,0.45176333970604876,-0.12398095123085612,0.32778238731345705,0,0,disabled,0.0,1,TRACK,rrt_connect,1,0.8568292560521513,0.8568292560521513,9,1,1,0,0,2.189769036906044,0.1266803741455078,0.002525353447134458;0.0033030266614098316;0.00279199748697984;0.0043297162521171145;0.005356280582075134;0.008079781666301163;0.004218482086436973;0.006279402228037749;0.006214224410845686,0.127402663230896;0.12612996995449066;0.12387418001890182;0.12563948333263397;0.12199632078409195;0.12103157490491867;0.12479034811258316;0.12172048538923264;0.12173473089933395,64,0,0,0,0,0,0,0,0,0,"{'solver_error': 0, 'short_solution': 0, 'duplicate': 0, 'goal_error': 0, 'joint_limit': 0, 'workspace': 6, 'obstacle_clearance': 44, 'obstacle_contact': 6, 'self_collision': 0}",0.0011843611193055642,65,59,nan,nan,1.0,filtered,0,0,1,0,0,0,1,3,0.5,0.6692468891260106,1.5048339366912842,0.0,1.0,0.1470795022601617,0,0,0,0,0.2784192015832014,0.0,filtered,linprog goal-velocity priority optimal,1.635665747777517,0,0,12,joint_0_velocity_lower|joint_4_velocity_lower|joint_2_velocity_upper|joint_3_velocity_upper,predictive_link_4,,,0,0,0,optimal; continuity_tiebreak,0.4567633472011124,1,continuity_tiebreak,0.9989110827445984,0,goal_velocity_linprog,0.0,valid,0.1470795022601617,0.854013917222146,4.0057133e-17|0.112710931|0.305505405|0.444119402|0.466382959|0.473287928,0.389264586|0.277800481|0.152981839|0.147079502|0.149001161|0.177105983,0.561965282|0.450501177|0.325682534|0.319780198|0.321701857|0.349806679,0.509264586|0.397800481|0.272981839|0.267079502|0.269001161|0.297105983,0|0|0.15|0.15|0.15|0.15,3.35549704e-17|0.0512135017|-0.268782058|-0.361386814|-0.37021793|-0.340814893,0|0|0|0|0|0,1.55705834|1.16241543|0.343145296|0.226931195|0.225786714|0.367609039,optimal,0.4567633472011124,0.4517633397060487,0.005000007495063685,0.296221048|-0.568402946|0.387439221,0|0|0,0.01997849892359227,0.00306127592921257,0.00214866001624614,0.008989957976154983
10,0.55,-1.6119738928410345,0.453884482383728,0.30401551723480225,0.3392063081264496,0.3462914824485779,1.0,2,0,0,0,0,0,0,,0,0,,-1,-1,nan,not_applicable,,,nan,0,1.4441397190093994,1.0566586256027222,5.963425636291504,1.4095484018325806,1.4095484018325806,0.32560030720969924,0.30401551723480225,0.02158478997489699,0.3031555957907598,0.4591917469754982,0.3000433872256984,0.4398761072251536,-0.13983271999945518,0.30004336985383995,0,0,disabled,0.0,1,TRACK,rrt_connect,1,0.8568292560521513,0.8568292560521513,9,1,1,0,0,2.189769036906044,0.1266803741455078,0.002525353447134458;0.0033030266614098316;0.00279199748697984;0.0043297162521171145;0.005356280582075134;0.008079781666301163;0.004218482086436973;0.006279402228037749;0.006214224410845686,0.127402663230896;0.12612996995449066;0.12387418001890182;0.12563948333263397;0.12199632078409195;0.12103157490491867;0.12479034811258316;0.12172048538923264;0.12173473089933395,64,0,0,0,0,0,0,0,0,0,"{'solver_error': 0, 'short_solution': 0, 'duplicate': 0, 'goal_error': 0, 'joint_limit': 0, 'workspace': 6, 'obstacle_clearance': 44, 'obstacle_contact': 6, 'self_collision': 0}",0.0011843611193055642,65,59,nan,nan,1.0,filtered,0,0,1,0,0,0,1,3,0.5,0.5716483399684587,1.4095484018325806,0.0,1.0,0.1314637343949534,0,0,0,0,0.2784192015832014,0.0,filtered,linprog goal-velocity priority optimal,1.6572004559579885,0,0,12,joint_0_velocity_lower|joint_4_velocity_lower|joint_2_velocity_upper|joint_3_velocity_upper,predictive_link_3,,,0,0,0,optimal; continuity_tiebreak,0.44487611421363704,1,continuity_tiebreak,0.9993603229522705,0,goal_velocity_linprog,0.0,valid,0.1314637343949534,0.8353057505054556,0|0.13325588|0.315768341|0.437300074|0.449335281|0.460137835,0.390199995|0.281491012|0.140416164|0.131463734|0.133279572|0.163818851,0.561965282|0.4532563|0.312181452|0.303229022|0.30504486|0.335584138,0.510199995|0.401491012|0.260416164|0.251463734|0.253279572|0.283818851,0|0|0.15|0.15|0.15|0.15,0|0.0753428179|-0.275794524|-0.347435812|-0.352124058|-0.313487523,0|0|0|0|0|0,1.56079998|1.20130687|0.285870133|0.178419126|0.18099423|0.34178788,optimal,0.44487611421363704,0.4398761072251535,0.0050000069884835185,0.296221048|-0.568402946|0.387439221,0|0|0,0.017974270042032003,0.003505964996293187,0.0013110470026731491,0.008292609010823071
11,0.6000000000000001,-1.6667278256360443,0.4696301221847534,0.2833290100097656,0.32214197516441345,0.3541511297225952,1.0,3,0,0,0,0,0,0,,0,0,,-1,-1,nan,not_applicable,,,nan,0,1.4488106966018677,0.3716331720352173,13.700509071350098,1.3311213254928589,1.3311213254928589,0.30401552497139084,0.2833290100097656,0.020686514961625213,0.27560923251163466,0.4509440150758241,0.27521499625348644,0.4235479649831183,-0.14833296872963186,0.2752150032571592,0,0,disabled,0.0,1,TRACK,rrt_connect,1,0.8568292560521513,0.8568292560521513,9,1,1,0,0,2.189769036906044,0.1266803741455078,0.002525353447134458;0.0033030266614098316;0.00279199748697984;0.0043297162521171145;0.005356280582075134;0.008079781666301163;0.004218482086436973;0.006279402228037749;0.006214224410845686,0.127402663230896;0.12612996995449066;0.12387418001890182;0.12563948333263397;0.12199632078409195;0.12103157490491867;0.12479034811258316;0.12172048538923264;0.12173473089933395,64,0,0,0,0,0,0,0,0,0,"{'solver_error': 0, 'short_solution': 0, 'duplicate': 0, 'goal_error': 0, 'joint_limit': 0, 'workspace': 6, 'obstacle_clearance': 44, 'obstacle_contact': 6, 'self_collision': 0}",0.0011843611193055642,65,59,nan,nan,1.0,filtered,0,0,1,0,0,0,1,3,0.5,0.4833887637248712,1.3311213254928589,0.0,1.0,0.1173422021959794,0,0,0,0,0.2784192015832014,0.0,filtered,linprog goal-velocity priority optimal,1.6972329288605765,0,0,12,joint_0_velocity_lower|joint_4_velocity_lower|joint_2_velocity_upper|joint_3_velocity_upper,predictive_link_3,,,0,0,0,optimal; continuity_tiebreak,0.42854797207974266,1,continuity_tiebreak,0.9999226331710815,0,goal_velocity_linprog,0.0,valid,0.1173422021959794,0.816194051818163,0|0.148654809|0.327402627|0.433824821|0.437627163|0.450672116,0.39115558|0.286407875|0.127433943|0.117342202|0.119260641|0.152598874,0.561965282|0.457217577|0.298243645|0.288151905|0.290070344|0.323408576,0.51115558|0.406407875|0.247433943|0.237342202|0.239260641|0.272598874,0|0|0.15|0.15|0.15|0.15,0|0.0888146503|-0.28624756|-0.32617789|-0.327520561|-0.280063434,0|0|0|0|0|0,1.56462232|1.23444615|0.223488211|0.143190919|0.149522005|0.330332061,optimal,0.42854797207974266,0.4235479649831183,0.005000007096624348,0.296221048|-0.568402946|0.387439221,0|0|0,0.015482370974496007,0.0026683639734983444,0.0015534970443695784,0.006705578067339957
12,0.65,-1.7093038836620469,0.48069554567337036,0.26374033093452454,0.30633682012557983,0.3595827519893646,1.0,3,0,0,0,0,0,0,,0,0,,-1,-1,nan,not_applicable,,,nan,0,1.4488106966018677,0.0,7.432663440704346,1.2814003229141235,1.2814003229141235,0.28332902313214536,0.26374033093452454,0.019588692197620827,0.25637282022007446,0.4423389377431656,0.2562570903316522,0.4033318908022825,-0.14707480047063026,0.25625710220019626,0,0,disabled,0.0,1,TRACK,rrt_connect,1,0.8568292560521513,0.8568292560521513,9,1,1,0,0,2.189769036906044,0.1266803741455078,0.002525353447134458;0.0033030266614098316;0.00279199748697984;0.0043297162521171145;0.005356280582075134;0.008079781666301163;0.004218482086436973;0.006279402228037749;0.006214224410845686,0.127402663230896;0.12612996995449066;0.12387418001890182;0.12563948333263397;0.12199632078409195;0.12103157490491867;0.12479034811258316;0.12172048538923264;0.12173473089933395,64,0,0,0,0,0,0,0,0,0,"{'solver_error': 0, 'short_solution': 0, 'duplicate': 0, 'goal_error': 0, 'joint_limit': 0, 'workspace': 6, 'obstacle_clearance': 44, 'obstacle_contact': 6, 'self_collision': 0}",0.0011843611193055642,65,59,nan,nan,1.0,filtered,0,0,1,0,0,0,1,3,0.5,0.4069158261252882,1.2814003229141235,0.0,1.0,0.10510653218004612,0,0,0,0,0.2784192015832014,0.0,filtered,linprog goal-velocity priority optimal,1.7403315157551054,0,0,12,joint_0_velocity_lower|joint_4_velocity_lower|joint_2_velocity_upper|joint_3_velocity_upper,predictive_link_3,,,0,0,0,optimal; continuity_tiebreak,0.40722665455534907,1,continuity_tiebreak,1.0,0,goal_velocity_linprog,0.0,valid,0.10510653218004612,0.7967529991597708,0|0.151217213|0.33907317|0.430384967|0.430384967|0.442310086,0.392127632|0.291993825|0.113541918|0.105106532|0.1071094|0.143555395,0.561965282|0.461831475|0.283379568|0.274944182|0.27694705|0.313393045,0.512127632|0.411993825|0.233541918|0.225106532|0.2271094|0.263555395,0|0|0.15|0.15|0.15|0.15,0|0.0955049205|-0.288230118|-0.297842147|-0.297995098|-0.243198848,0|0|0|0|0|0,1.56851053|1.26348022|0.165937556|0.122583981|0.130442501|0.331022733,optimal,0.40722665455534907,0.4033318908022825,0.003894763753066577,0.296221048|-0.568402946|0.387439221,0|0|0,0.01735658000689,0.003860121010802686,0.0014236560091376305,0.007246011984534562
13,0.7000000000000001,-1.738362197602854,0.48680004477500916,0.24544455111026764,0.2919633090496063,0.3626694679260254,1.0,3,0,0,0,0,0,0,,0,0,,-1,-1,nan,not_applicable,,,nan,0,1.4488106966018677,0.0,0.0,1.1962376832962036,1.1962376832962036,0.26374032136175557,0.24544455111026764,0.01829577025148793,0.19854494385315188,0.4335647821338884,0.19848952242234316,0.37949195891063714,-0.18100243648829398,0.19848951521792985,0,0,disabled,0.0,1,TRACK,rrt_connect,1,0.8568292560521513,0.8568292560521513,9,1,1,0,0,2.189769036906044,0.1266803741455078,0.002525353447134458;0.0033030266614098316;0.00279199748697984;0.0043297162521171145;0.005356280582075134;0.008079781666301163;0.004218482086436973;0.006279402228037749;0.006214224410845686,0.127402663230896;0.12612996995449066;0.12387418001890182;0.12563948333263397;0.12199632078409195;0.12103157490491867;0.12479034811258316;0.12172048538923264;0.12173473089933395,64,0,0,0,0,0,0,0,0,0,"{'solver_error': 0, 'short_solution': 0, 'duplicate': 0, 'goal_error': 0, 'joint_limit': 0, 'workspace': 6, 'obstacle_clearance': 44, 'obstacle_contact': 6, 'self_collision': 0}",0.0011843611193055642,65,59,nan,nan,1.0,filtered,0,0,1,0,0,0,1,3,0.5,0.3424440162593769,1.1962376832962036,0.0,1.0,0.09479104260150031,0,0,0,0,0.2784192015832014,0.0,filtered,linprog goal-velocity priority optimal,1.7831165371818127,0,0,12,joint_0_velocity_lower|joint_4_velocity_lower|joint_2_velocity_upper|joint_3_velocity_upper,predictive_link_3,,,0,0,0,optimal; continuity_tiebreak,0.38153675933522035,1,continuity_tiebreak,1.0,0,goal_velocity_linprog,0.0,valid,0.09479104260150031,0.7770311174350413,2.00298642e-17|0.146852251|0.346465831|0.424493939|0.424493939|0.433545721,0.393113726|0.297901081|0.100732744|0.0947910426|0.0967910426|0.136531972,0.561965282|0.466752637|0.2695843|0.263642598|0.265642598|0.305383528,0.513113726|0.417901081|0.220732744|0.214791043|0.216791043|0.256531972,0|0|0.15|0.15|0.15|0.15,1.33805222e-17|0.101081609|-0.268349273|-0.264893839|-0.264893839|-0.204614808,0|0|0|0|0|0,1.57245491|1.29268593|0.134581704|0.114270331|0.122270331|0.34151308,optimal,0.38153675933522035,0.37949195891063714,0.002044800424583215,0.296221048|-0.568402946|0.387439221,0|0|0,0.015806920011527836,0.0027674210723489523,0.0015936590498313308,0.006925875903107226
14,0.75,-1.7484611672463188,0.48647212982177734,0.2286665439605713,0.27916693687438965,0.3622661828994751,1.0,3,0,0,0,0,0,0,,0,0,,-1,-1,nan,not_applicable,,,nan,0,1.4488106966018677,0.0,0.0,1.0689324140548706,1.0689324140548706,0.24544453868389773,0.2286665439605713,0.016777994723326445,0.13965032589594806,0.4246354536935027,0.1394030926235113,0.3514656935054927,-0.21206260088198142,0.13940308556580974,0,0,disabled,0.0,1,TRACK,rrt_connect,1,0.8568292560521513,0.8568292560521513,9,1,1,0,0,2.189769036906044,0.1266803741455078,0.002525353447134458;0.0033030266614098316;0.00279199748697984;0.0043297162521171145;0.005356280582075134;0.008079781666301163;0.004218482086436973;0.006279402228037749;0.006214224410845686,0.127402663230896;0.12612996995449066;0.12387418001890182;0.12563948333263397;0.12199632078409195;0.12103157490491867;0.12479034811258316;0.12172048538923264;0.12173473089933395,64,0,0,0,0,0,0,0,0,0,"{'solver_error': 0, 'short_solution': 0, 'duplicate': 0, 'goal_error': 0, 'joint_limit': 0, 'workspace': 6, 'obstacle_clearance': 44, 'obstacle_contact': 6, 'self_collision': 0}",0.0011843611193055642,65,59,nan,nan,1.0,filtered,0,0,1,0,0,0,1,3,0.5,0.2898544496388777,1.0689324140548706,0.0,1.0,0.08637671194222044,0,0,0,0,0.2784192015832014,0.0,filtered,linprog goal-velocity priority optimal,1.7943757796856366,0,0,12,joint_0_velocity_lower|joint_4_velocity_lower|joint_2_velocity_upper|joint_3_velocity_upper,predictive_link_3,,,0,0,0,optimal; continuity_tiebreak,0.3515325279458943,1,continuity_tiebreak,1.0,0,goal_velocity_linprog,0.0,valid,0.08637671194222044,0.7570477576704044,6.51757593e-17|0.142423738|0.342214742|0.418479802|0.418479802|0.424624413,0.394112894|0.30407256|0.0909516793|0.0863767119|0.0883767119|0.131503013,0.561965282|0.471924948|0.258804067|0.2542291|0.2562291|0.299355401,0.514112894|0.42407256|0.210951679|0.206376712|0.208376712|0.251503013,0|0|0.15|0.15|0.15|0.15,5.90821779e-17|0.105547062|-0.246725112|-0.228756883|-0.228756883|-0.16493205,0|0|0|0|0|0,1.57645158|1.3218373|0.117081606|0.116749965|0.124749965|0.361080002,optimal,0.3515325279458943,0.3514656935054927,6.683444040156417e-05,0.296221048|-0.568402946|0.387439221,0|0|0,0.016542374971322715,0.0028149209683761,0.0013824179768562317,0.007402149029076099
15,0.8,-1.8328538811804558,0.5040304660797119,0.21338199079036713,0.2672252058982849,0.3727457821369171,1.0,3,0,0,0,0,0,0,,0,0,,-1,-1,nan,not_applicable,,,nan,0,1.386373519897461,2.811095714569092,56.2219123840332,0.997727632522583,0.997727632522583,0.22866653854953228,0.21338199079036713,0.015284547759165157,0.10427870896819089,0.3937443049002929,0.1036263109795519,0.3208989522893755,-0.2172726413098236,0.10362630852739602,0,0,disabled,0.0,1,TRACK,rrt_connect,1,0.8568292560521513,0.8568292560521513,9,1,1,0,0,2.189769036906044,0.1266803741455078,0.002525353447134458;0.0033030266614098316;0.00279199748697984;0.0043297162521171145;0.005356280582075134;0.008079781666301163;0.004218482086436973;0.006279402228037749;0.006214224410845686,0.127402663230896;0.12612996995449066;0.12387418001890182;0.12563948333263397;0.12199632078409195;0.12103157490491867;0.12479034811258316;0.12172048538923264;0.12173473089933395,64,0,0,0,0,0,0,0,0,0,"{'solver_error': 0, 'short_solution': 0, 'duplicate': 0, 'goal_error': 0, 'joint_limit': 0, 'workspace': 6, 'obstacle_clearance': 44, 'obstacle_contact': 6, 'self_collision': 0}",0.0011843611193055642,65,59,nan,nan,1.0,filtered,0,0,1,0,0,0,1,3,0.5,0.24937478772743274,0.997727632522583,0.0,1.0,0.07989996603638924,0,0,0,0,0.2784192015832014,0.0,filtered,linprog goal-velocity priority optimal,1.7728339455346735,0,0,12,joint_0_velocity_lower|joint_4_velocity_lower|joint_3_velocity_upper,predictive_link_2,,,0,0,0,optimal; continuity_tiebreak,0.3258989580283979,1,continuity_tiebreak,0.9960525631904602,0,goal_velocity_linprog,0.0,valid,0.07989996603638924,0.7379901635476599,0|0.137971388|0.337963268|0.412329691|0.412329691|0.415561758,0.395065774|0.310393362|0.0823474843|0.079899966|0.0819081308|0.128394262,0.561965282|0.477292871|0.249246992|0.246799474|0.248807639|0.29529377,0.515065774|0.430393362|0.202347484|0.199899966|0.201908131|0.248394262,0|0|0.15|0.15|0.15|0.15,0|0.108919824|-0.22584102|-0.211537223|-0.211212335|-0.152391457,0|0|0|0|0|0,1.5802631|1.35049327|0.103548917|0.108062641|0.116420188|0.361185591,optimal,0.3258989580283979,0.3208989522893754,0.005000005739022484,0.296221048|-0.568402946|0.387439221,0|0|0,0.01743435300886631,0.00289419898763299,0.0014247919898480177,0.007050262065604329
16,0.8500000000000001,-2.009365168388317,0.5473249554634094,0.19885113835334778,0.25518760085105896,0.3991967439651489,1.0,3,0,0,0,0,0,0,,0,0,,-1,-1,nan,not_applicable,,,nan,0,1.2835605144500732,5.037003040313721,65.68072509765625,0.9852921962738037,0.9852921962738037,0.21338200036273727,0.19885113835334778,0.014530862009389495,0.08921883245929327,0.3507843640685104,0.08796098121954418,0.3013727271659527,-0.21341174594640852,0.08796098516549608,0,0,disabled,0.0,1,TRACK,rrt_connect,1,0.8568292560521513,0.8568292560521513,9,1,1,0,0,2.189769036906044,0.1266803741455078,0.002525353447134458;0.0033030266614098316;0.00279199748697984;0.0043297162521171145;0.005356280582075134;0.008079781666301163;0.004218482086436973;0.006279402228037749;0.006214224410845686,0.127402663230896;0.12612996995449066;0.12387418001890182;0.12563948333263397;0.12199632078409195;0.12103157490491867;0.12479034811258316;0.12172048538923264;0.12173473089933395,64,0,0,0,0,0,0,0,0,0,"{'solver_error': 0, 'short_solution': 0, 'duplicate': 0, 'goal_error': 0, 'joint_limit': 0, 'workspace': 6, 'obstacle_clearance': 44, 'obstacle_contact': 6, 'self_collision': 0}",0.0011843611193055642,65,59,nan,nan,1.0,filtered,0,0,1,0,0,0,1,3,0.5,0.1905420929766179,0.9852921962738037,0.0,1.0,0.07048673487625887,0,0,0,0,0.2784192015832014,0.0,filtered,linprog goal-velocity priority optimal,1.7391463482848184,0,0,12,joint_0_velocity_lower|joint_2_acceleration_lower|joint_4_velocity_lower|joint_3_velocity_upper,predictive_link_2,,,0,0,0,optimal; continuity_tiebreak,0.3063727331065403,1,continuity_tiebreak,0.985148012638092,0,goal_velocity_linprog,0.0,valid,0.07048673487625887,0.7219920073508916,0|0.133510133|0.316064619|0.376645429|0.376645429|0.385108392,0.395865682|0.316702623|0.0740390109|0.0704867349|0.0724867349|0.121083156,0.561965282|0.482802223|0.240138611|0.236586335|0.238586335|0.287182757,0.515865682|0.436702623|0.194039011|0.190486735|0.192486735|0.241083156,0|0|0.15|0.15|0.15|0.15,0|0.0617752532|-0.240623557|-0.218630047|-0.218630047|-0.168340549,0|0|0|0|0|0,1.58346273|1.32858574|0.0555324869|0.0633168923|0.0713168923|0.315992076,optimal,0.3063727331065403,0.3013727271659527,0.005000005940587582,0.296221048|-0.568402946|0.387439221,0|0|0,0.021613374003209174,0.0032959310337901115,0.0020584099693223834,0.010049179079942405
17,0.9,-2.161512748980732,0.5850954651832581,0.18507444858551025,0.24331404268741608,0.42305588722229004,1.0,3,0,0,0,0,0,0,,0,0,,-1,-1,nan,not_applicable,,,nan,0,1.2546645402908325,2.4621150493621826,68.51712036132812,0.9757707715034485,0.9757707715034485,0.19885113159725631,0.18507444858551025,0.01377668301174606,0.07641511510906597,0.33638125841069255,0.0743107970296921,0.28585300392823165,-0.21154220689853956,0.0743107945049364,0,0,disabled,0.0,1,TRACK,rrt_connect,1,0.8568292560521513,0.8568292560521513,9,1,1,0,0,2.189769036906044,0.1266803741455078,0.002525353447134458;0.0033030266614098316;0.00279199748697984;0.0043297162521171145;0.005356280582075134;0.008079781666301163;0.004218482086436973;0.006279402228037749;0.006214224410845686,0.127402663230896;0.12612996995449066;0.12387418001890182;0.12563948333263397;0.12199632078409195;0.12103157490491867;0.12479034811258316;0.12172048538923264;0.12173473089933395,64,0,0,0,0,0,0,0,0,0,"{'solver_error': 0, 'short_solution': 0, 'duplicate': 0, 'goal_error': 0, 'joint_limit': 0, 'workspace': 6, 'obstacle_clearance': 44, 'obstacle_contact': 6, 'self_collision': 0}",0.0011843611193055642,65,59,nan,nan,1.0,filtered,0,0,1,0,0,0,1,3,0.5,0.10804116413965802,0.9757707715034485,0.0,1.0,0.057286586262345285,0,0,0,0,0.2784192015832014,0.0,filtered,linprog goal-velocity priority optimal,1.743811070963191,0,0,12,joint_0_velocity_lower|joint_4_velocity_lower|joint_3_velocity_upper,predictive_link_2,,,0,0,0,optimal; continuity_tiebreak,0.29085300898227107,1,continuity_tiebreak,0.9955540299415588,0,goal_velocity_linprog,0.0,valid,0.057286586262345285,0.7095206598827487,4.0061652e-17|0.0789344371|0.296385258|0.339646766|0.339646766|0.343711269,0.396489249|0.320467234|0.0591291933|0.0572865863|0.059314568|0.108755368,0.561965282|0.485943267|0.224605226|0.222762619|0.224790601|0.274231401,0.516489249|0.440467234|0.179129193|0.177286586|0.179314568|0.228755368,0|0|0.15|0.15|0.15|0.15,3.60853504e-17|0.0637286124|-0.233361113|-0.222530767|-0.221871249|-0.174750089,0|0|0|0|0|0,1.585957|1.34559755|0.00315566035|0.00661557839|0.0153870232|0.260271382,optimal,0.29085300898227107,0.28585300392823165,0.005000005054039414,0.296221048|-0.568402946|0.387439221,0|0|0,0.018783146981149912,0.002895751968026161,0.0014866740675643086,0.007709962083026767
18,0.9500000000000001,-2.1367729541053624,0.5724127292633057,0.17322735488414764,0.23335100710391998,0.4178332984447479,1.0,3,0,0,0,0,0,0,,0,0,,-1,-1,nan,not_applicable,,,nan,0,1.2754008769989014,1.8822611570358276,79.3829574584961,0.9680671691894531,0.9680671691894531,0.18507445415404433,0.17322735488414764,0.011847099269896688,0.06492533469540146,0.337089673921515,0.061678384667952384,0.2512632183123023,-0.18958483364434991,0.061678386523736306,0,0,disabled,0.0,1,TRACK,rrt_connect,1,0.8568292560521513,0.8568292560521513,9,1,1,0,0,2.189769036906044,0.1266803741455078,0.002525353447134458;0.0033030266614098316;0.00279199748697984;0.0043297162521171145;0.005356280582075134;0.008079781666301163;0.004218482086436973;0.006279402228037749;0.006214224410845686,0.127402663230896;0.12612996995449066;0.12387418001890182;0.12563948333263397;0.12199632078409195;0.12103157490491867;0.12479034811258316;0.12172048538923264;0.12173473089933395,64,0,0,0,0,0,0,0,0,0,"{'solver_error': 0, 'short_solution': 0, 'duplicate': 0, 'goal_error': 0, 'joint_limit': 0, 'workspace': 6, 'obstacle_clearance': 44, 'obstacle_contact': 6, 'self_collision': 0}",0.0011843611193055642,65,59,nan,nan,1.0,filtered,0,0,1,0,0,0,1,3,0.5,0.03711257012944569,0.9680671691894531,0.0,1.0,0.04593801122071131,0,0,0,0,0.2784192015832014,0.0,filtered,linprog goal-velocity priority optimal,1.7712128250579604,0,2,12,predictive_link_2|predictive_link_3|joint_4_velocity_lower|joint_3_velocity_upper,predictive_link_3,,,0,0,0,optimal; continuity_tiebreak,0.2562632117450103,1,continuity_tiebreak,0.9973667860031128,0,goal_velocity_linprog,1.6653345369377348e-16,valid,0.04593801122071131,0.6985130564868028,1.94325836e-17|0.0769883642|0.288636469|0.320257612|0.320832815|0.330433782,0.397039629|0.324244987|0.0493284954|0.0459380112|0.0479874627|0.0991671808,0.561965282|0.489170639|0.214254148|0.210863664|0.212913116|0.264092834,0.517039629|0.444244987|0.169328495|0.165938011|0.167987463|0.219167181,0|0|0.15|0.15|0.15|0.15,5.48546342e-18|0.0877108588|-0.197313989|-0.183752052|-0.183549053|-0.130455796,0|0|0|0|0|0,1.58815852|1.3846908|-7.37967359e-09|-7.31571981e-09|0.00840079822|0.266212928,optimal,0.2562632117450103,0.25126321831230236,0.004999993432707961,0.296221048|-0.568402946|0.387439221,0|0|0,0.018302565906196833,0.0028462110785767436,0.0015525950584560633,0.009363888995721936
19,1.0,-2.2647925772028503,0.6009585857391357,0.16251537203788757,0.22381748259067535,0.4363366365432739,1.0,3,0,0,0,0,0,0,,0,0,,-1,-1,nan,not_applicable,,,nan,0,1.2051295042037964,3.084530830383301,95.3407974243164,0.9614042639732361,0.9614042639732361,0.17322735464554892,0.16251537203788757,0.010711982607661347,0.05411809675735136,0.3090059474154098,0.04978500074883008,0.2265553213568079,-0.17677032060797782,0.04978500068025755,0,0,disabled,0.0,1,TRACK,rrt_connect,1,0.8568292560521513,0.8568292560521513,9,1,1,0,0,2.189769036906044,0.1266803741455078,0.002525353447134458;0.0033030266614098316;0.00279199748697984;0.0043297162521171145;0.005356280582075134;0.008079781666301163;0.004218482086436973;0.006279402228037749;0.006214224410845686,0.127402663230896;0.12612996995449066;0.12387418001890182;0.12563948333263397;0.12199632078409195;0.12103157490491867;0.12479034811258316;0.12172048538923264;0.12173473089933395,64,0,0,0,0,0,0,0,0,0,"{'solver_error': 0, 'short_solution': 0, 'duplicate': 0, 'goal_error': 0, 'joint_limit': 0, 'workspace': 6, 'obstacle_clearance': 44, 'obstacle_contact': 6, 'self_collision': 0}",0.0011843611193055642,65,59,nan,nan,1.0,filtered,0,0,1,0,0,0,1,3,0.5,0.019655104664673517,0.9614042639732361,0.0,1.0,0.043144816746347764,0,0,0,0,0.2784192015832014,0.0,filtered,linprog goal-velocity priority optimal,1.7544820575789362,0,3,12,predictive_link_2|predictive_link_3|workspace_x_lower|joint_4_velocity_lower,predictive_link_2,,,0,0,0,optimal; continuity_tiebreak,0.2315553191059783,1,continuity_tiebreak,0.9938687086105347,0,goal_velocity_linprog,0.0,valid,0.043144816746347764,0.6861261403886627,0|0.0972853845|0.283177022|0.317056909|0.318709239|0.330381738,0.397658975|0.329269325|0.0455382404|0.0431448167|0.0453222367|0.0994919898,0.561965282|0.493575632|0.209844547|0.207451124|0.209628544|0.263798297,0.517658975|0.449269325|0.16553824|0.163144817|0.165322237|0.21949199,0|0|0.15|0.15|0.15|0.15,0|0.070296846|-0.182152966|-0.17257927|-0.172137762|-0.128299882,0|0|0|0|0|0,1.5906359|1.38737414|-4.68019251e-09|-3.37841019e-09|0.00915118508|0.269668077,optimal,0.2315553191059783,0.2265553213568079,0.004999997749170398,0.296221048|-0.568402946|0.387439221,0|0|0,0.022265466977842152,0.004309804062359035,0.001851032953709364,0.009642001008614898
20,1.05,-2.233326793308845,0.5847083926200867,0.15394359827041626,0.21620510518550873,0.4253831207752228,1.0,3,0,0,0,0,0,0,,0,0,,-1,-1,nan,not_applicable,,,nan,0,1.0938268899917603,3.7254366874694824,41.17380905151367,0.3499999940395355,0.0,0.16251537068354907,0.15394359827041626,0.008571772413132811,0.1350354311121824,0.2552350500839366,-0.13359038769413054,0.1800513849998284,-0.31364177269395893,0.0,1,0,disabled,0.0,1,AVOID_HOLD,rrt_connect,1,0.8568292560521513,0.8568292560521513,9,1,1,0,0,2.189769036906044,0.1266803741455078,0.002525353447134458;0.0033030266614098316;0.00279199748697984;0.0043297162521171145;0.005356280582075134;0.008079781666301163;0.004218482086436973;0.006279402228037749;0.006214224410845686,0.127402663230896;0.12612996995449066;0.12387418001890182;0.12563948333263397;0.12199632078409195;0.12103157490491867;0.12479034811258316;0.12172048538923264;0.12173473089933395,64,0,0,0,0,0,0,0,0,0,"{'solver_error': 0, 'short_solution': 0, 'duplicate': 0, 'goal_error': 0, 'joint_limit': 0, 'workspace': 6, 'obstacle_clearance': 44, 'obstacle_contact': 6, 'self_collision': 0}",0.0011843611193055642,65,59,nan,nan,1.0,filtered,0,0,1,0,1,1,1,3,0.5,0.0,0.0,0.0,1.0,0.03448438280064042,1,1,0,0,0.2784192015832014,0.3499999940395355,filtered,linprog goal-velocity priority optimal,1.2455627234952678,0,3,12,predictive_link_2|predictive_link_3|workspace_x_lower|joint_4_velocity_lower,predictive_link_2,,,0,0,0,optimal; continuity_tiebreak,0.1850513775684637,1,continuity_tiebreak,0.9915380477905273,0,goal_velocity_linprog,0.0,valid,0.03448438280064042,0.6760339921750937,1.86863706e-17|0.0764103706|0.264351084|0.286669027|0.288335055|0.304057577,0.398163583|0.333300794|0.0378288577|0.0344843828|0.0367209757|0.091633525,0.561965282|0.497102494|0.201630557|0.198286082|0.200522675|0.255435225,0.518163583|0.453300794|0.157828858|0.154484383|0.156720976|0.211633525,0|0|0.15|0.15|0.15|0.15,6.58812082e-18|0.0427511792|-0.151315438|-0.137937541|-0.137645357|-0.110228431,0|0|0|0|0|0,1.59265433|1.37595436|-7.12124665e-09|-9.73470143e-09|0.00923854588|0.256305669,optimal,0.1850513775684637,0.18005138499982837,0.004999992568635342,0.296221048|-0.568402946|0.387439221,0|0|0,0.023132501053623855,0.0037328540347516537,0.0020234440453350544,0.008801563060842454
21,1.1,-2.277474240262435,0.592207133769989,0.146433025598526,0.20941279828548431,0.43028414249420166,1.0,3,0,0,0,0,0,0,,0,0,,-1,-1,nan,not_applicable,,,nan,0,1.0121347904205322,3.083425521850586,19.313199996948242,0.3499999940395355,0.0,0.15394360744205807,0.146433025598526,0.007510581843532066,0.13353296058877362,0.22076873557033827,-0.1330011636748693,0.15630619399399967,-0.28930735766886895,0.0,1,0,disabled,0.0,1,AVOID_HOLD,rrt_connect,1,0.8568292560521513,0.8568292560521513,9,1,1,0,0,2.189769036906044,0.1266803741455078,0.002525353447134458;0.0033030266614098316;0.00279199748697984;0.0043297162521171145;0.005356280582075134;0.008079781666301163;0.004218482086436973;0.006279402228037749;0.006214224410845686,0.127402663230896;0.12612996995449066;0.12387418001890182;0.12563948333263397;0.12199632078409195;0.12103157490491867;0.12479034811258316;0.12172048538923264;0.12173473089933395,64,0,0,0,0,0,0,0,0,0,"{'solver_error': 0, 'short_solution': 0, 'duplicate': 0, 'goal_error': 0, 'joint_limit': 0, 'workspace': 6, 'obstacle_clearance': 44, 'obstacle_contact': 6, 'self_collision': 0}",0.0011843611193055642,65,59,nan,nan,1.0,filtered,0,0,1,0,2,2,1,3,0.5,0.0,0.0,0.0,1.0,0.03179901979104585,1,1,0,0,0.2784192015832014,0.3499999940395355,filtered,linprog goal-velocity priority optimal,1.1670001590090529,0,3,12,predictive_link_2|predictive_link_3|workspace_x_lower|joint_4_velocity_lower,workspace_x_lower,,,0,0,0,optimal; continuity_tiebreak,0.1613061895249512,1,continuity_tiebreak,0.9922793507575989,0,goal_velocity_linprog,5.551115123125783e-17,valid,0.03179901979104585,0.6681451961494417,0|0.0462645621|0.213289567|0.226377498|0.228090064|0.252344702,0.398558022|0.33584036|0.0342177608|0.0317990198|0.0341822663|0.087644345,0.561965282|0.49924762|0.197625021|0.19520628|0.197589526|0.251051605,0.518558022|0.45584036|0.154217761|0.15179902|0.154182266|0.207644345,0|0|0.15|0.15|0.15|0.15,0|0.0220422408|-0.136871048|-0.127196085|-0.126404412|-0.111876821,0|0|0|0|0|0,1.59423209|1.36540368|-5.03074374e-09|-5.63315142e-09|0.0103246534|0.238700559,optimal,0.1613061895249512,0.15630619399399961,0.004999995530951595,0.296221048|-0.568402946|0.387439221,0|0|0,0.017516958992928267,0.0033598359441384673,0.0011957259848713875,0.006917910999618471
22,1.1500000000000001,-2.254779141689684,0.5827085375785828,0.1399715691804886,0.20391111075878143,0.42280805110931396,1.0,3,0,0,0,0,0,0,,0,0,,-1,-1,nan,not_applicable,,,nan,0,0.9053866267204285,3.266690254211426,45.4886474609375,0.3499999940395355,0.0,0.1464330239107406,0.1399715691804886,0.006461454730252003,0.132648455434103,0.18160685051945946,-0.13251310124078114,0.13291956914152947,-0.2654326703823106,0.0,1,0,disabled,0.0,1,AVOID_HOLD,rrt_connect,1,0.8568292560521513,0.8568292560521513,9,1,1,0,0,2.189769036906044,0.1266803741455078,0.002525353447134458;0.0033030266614098316;0.00279199748697984;0.0043297162521171145;0.005356280582075134;0.008079781666301163;0.004218482086436973;0.006279402228037749;0.006214224410845686,0.127402663230896;0.12612996995449066;0.12387418001890182;0.12563948333263397;0.12199632078409195;0.12103157490491867;0.12479034811258316;0.12172048538923264;0.12173473089933395,64,0,0,0,0,0,0,0,0,0,"{'solver_error': 0, 'short_solution': 0, 'duplicate': 0, 'goal_error': 0, 'joint_limit': 0, 'workspace': 6, 'obstacle_clearance': 44, 'obstacle_contact': 6, 'self_collision': 0}",0.0011843611193055642,65,59,nan,nan,1.0,filtered,0,0,1,0,3,3,1,3,0.5,0.0,0.0,0.0,1.0,0.026997976086381076,1,1,0,0,0.2784192015832014,0.3499999940395355,filtered,linprog goal-velocity priority optimal,1.0593846743977429,0,2,12,predictive_link_2|workspace_x_lower|joint_4_velocity_lower,predictive_link_2,,,0,0,0,optimal; continuity_tiebreak,0.13791956687068152,1,continuity_tiebreak,0.9916611313819885,0,goal_velocity_linprog,0.0,valid,0.026997976086381076,0.6624113162716211,0|0.0243346352|0.182885435|0.187495275|0.188637362|0.219278012,0.398844716|0.337234803|0.0295847638|0.0269979761|0.0294595967|0.0814833438,0.561965282|0.500355368|0.19270533|0.190118542|0.192580162|0.24460391,0.518844716|0.457234803|0.149584764|0.146997976|0.149459597|0.201483344,0|0|0.15|0.15|0.15|0.15,0|0.00505041211|-0.118339059|-0.104090268|-0.102829726|-0.100033917,0|0|0|0|0|0,1.59537886|1.35398962|-3.46072326e-09|0.00390163673|0.0150086608|0.225899458,optimal,0.13791956687068152,0.13291956914152947,0.00499999772915205,0.296221048|-0.568402946|0.387439221,0|0|0,0.018608073936775327,0.0031502560013905168,0.0017443610122427344,0.00800794898532331
23,1.2000000000000002,-2.2559522278430957,0.5824952125549316,0.13379035890102386,0.19894559681415558,0.42246901988983154,1.0,3,0,0,0,0,0,0,,0,0,,-1,-1,nan,not_applicable,,,nan,0,0.8079870343208313,3.7860829830169678,27.771711349487305,0.3499999940395355,0.0,0.13997157744702177,0.13379035890102386,0.006181218545997902,0.1319595443806586,0.15864518693118781,-0.1318891961629246,0.12583106802959348,-0.2577202641925181,0.0,1,0,disabled,0.0,1,AVOID_HOLD,rrt_connect,1,0.8568292560521513,0.8568292560521513,9,1,1,0,0,2.189769036906044,0.1266803741455078,0.002525353447134458;0.0033030266614098316;0.00279199748697984;0.0043297162521171145;0.005356280582075134;0.008079781666301163;0.004218482086436973;0.006279402228037749;0.006214224410845686,0.127402663230896;0.12612996995449066;0.12387418001890182;0.12563948333263397;0.12199632078409195;0.12103157490491867;0.12479034811258316;0.12172048538923264;0.12173473089933395,64,0,0,0,0,0,0,0,0,0,"{'solver_error': 0, 'short_solution': 0, 'duplicate': 0, 'goal_error': 0, 'joint_limit': 0, 'workspace': 6, 'obstacle_clearance': 44, 'obstacle_contact': 6, 'self_collision': 0}",0.0011843611193055642,65,59,nan,nan,1.0,filtered,0,0,1,0,4,4,1,3,0.5,0.0,0.0,0.0,1.0,0.024945938339703377,1,1,0,0,0.2784192015832014,0.3499999940395355,filtered,linprog goal-velocity priority optimal,0.9697967683795972,0,2,12,predictive_link_2|workspace_x_lower|joint_4_velocity_lower,workspace_x_lower,,,0,0,0,optimal; continuity_tiebreak,0.1308310661033862,1,continuity_tiebreak,0.9819904565811157,0,goal_velocity_linprog,1.3877787807814457e-17,valid,0.024945938339703377,0.6609926254122908,0|0.00714366299|0.14605379|0.14661497|0.147417923|0.180718448,0.398915651|0.337561188|0.0262410342|0.0249459383|0.027659353|0.077796429,0.561965282|0.50061082|0.189290665|0.18799557|0.190708984|0.24084606,0.518915651|0.457561188|0.146241034|0.144945938|0.147659353|0.197796429,0|0|0.15|0.15|0.15|0.15,0|-0.00288550632|-0.10496414|-0.0963134863|-0.094430683|-0.100683189,0|0|0|0|0|0,1.5956626|1.34735925|-3.54562302e-09|0.00347026705|0.0162067289|0.210502527,optimal,0.1308310661033862,0.12583106802959348,0.004999998073792727,0.296221048|-0.568402946|0.387439221,0|0|0,0.02142949600238353,0.004345459979958832,0.0013739400310441852,0.008335907012224197
24,1.25,-2.243428396262489,0.5795170068740845,0.1277320832014084,0.1946016401052475,0.4201766550540924,1.0,3,0,0,0,0,0,0,,0,0,,-1,-1,nan,not_applicable,,,nan,0,0.745441734790802,4.217061996459961,16.999242782592773,0.3499999940395355,0.0,0.13379035353621463,0.1277320832014084,0.006058270334806243,0.13152501707792996,0.1415515510752671,-0.13130059053781498,0.12231191500231757,-0.25361250554013254,0.0,1,0,disabled,0.0,1,AVOID_HOLD,rrt_connect,1,0.8568292560521513,0.8568292560521513,9,1,1,0,0,2.189769036906044,0.1266803741455078,0.002525353447134458;0.0033030266614098316;0.00279199748697984;0.0043297162521171145;0.005356280582075134;0.008079781666301163;0.004218482086436973;0.006279402228037749;0.006214224410845686,0.127402663230896;0.12612996995449066;0.12387418001890182;0.12563948333263397;0.12199632078409195;0.12103157490491867;0.12479034811258316;0.12172048538923264;0.12173473089933395,64,0,0,0,0,0,0,0,0,0,"{'solver_error': 0, 'short_solution': 0, 'duplicate': 0, 'goal_error': 0, 'joint_limit': 0, 'workspace': 6, 'obstacle_clearance': 44, 'obstacle_contact': 6, 'self_collision': 0}",0.0011843611193055642,65,59,nan,nan,1.0,filtered,0,0,1,0,5,5,1,3,0.5,0.0,0.0,0.0,1.0,0.021316357067335784,1,1,0,0,0.2784192015832014,0.3499999940395355,filtered,linprog goal-velocity priority optimal,0.9086381095593815,0,2,12,predictive_link_2|predictive_link_3|joint_3_acceleration_lower|joint_4_velocity_lower,predictive_link_2,,,0,0,0,optimal; continuity_tiebreak,0.1273119166447289,1,continuity_tiebreak,0.966340184211731,0,goal_velocity_linprog,0.0,valid,0.021316357067335784,0.6614709871096253,0|0.00400313169|0.123745768|0.123230693|0.123518217|0.158218042,0.398891733|0.336966822|0.0229620054|0.0213163571|0.0240489087|0.0724408614,0.561965282|0.500040371|0.186035555|0.184389906|0.187122458|0.235514411,0.518891733|0.456966822|0.142962005|0.141316357|0.144048909|0.192440861,0|0.15|0.15|0.15|0.15|0.15,0|-0.00933329449|-0.0918480204|-0.0852654272|-0.0832725645|-0.0970330528,0|0|0|0|0|0,1.59556693|1.33853399|1.15257248e-09|1.07033719e-09|0.0129230703|0.192730393,optimal,0.1273119166447289,0.12231191500231757,0.005000001642411336,0.296221048|-0.568402946|0.387439221,0|0|0,0.01794098992832005,0.0027877689572051167,0.0012898360146209598,0.0076300580985844135
25,1.3,-2.2246295791773503,0.5764392018318176,0.12146202474832535,0.19084353744983673,0.4174081087112427,1.0,3,0,0,0,0,0,0,,0,0,,-1,-1,nan,not_applicable,,,nan,0,0.7340483665466309,4.719933032989502,35.21197509765625,0.3499999940395355,0.0,0.127732084146156,0.12146202474832535,0.006270059397830652,0.13107353051283807,0.1304965749305292,-0.13050248976325457,0.12541892618268388,-0.2559214159459384,0.0,1,0,disabled,0.0,1,AVOID_HOLD,rrt_connect,1,0.8568292560521513,0.8568292560521513,9,1,1,0,0,2.189769036906044,0.1266803741455078,0.002525353447134458;0.0033030266614098316;0.00279199748697984;0.0043297162521171145;0.005356280582075134;0.008079781666301163;0.004218482086436973;0.006279402228037749;0.006214224410845686,0.127402663230896;0.12612996995449066;0.12387418001890182;0.12563948333263397;0.12199632078409195;0.12103157490491867;0.12479034811258316;0.12172048538923264;0.12173473089933395,64,0,0,0,0,0,0,0,0,0,"{'solver_error': 0, 'short_solution': 0, 'duplicate': 0, 'goal_error': 0, 'joint_limit': 0, 'workspace': 6, 'obstacle_clearance': 44, 'obstacle_contact': 6, 'self_collision': 0}",0.0011843611193055642,65,59,nan,nan,1.0,filtered,0,0,1,0,6,6,1,3,0.5,0.0,0.0,0.0,1.0,0.01869715502740943,1,1,0,0,0.2784192015832014,0.3499999940395355,filtered,linprog goal-velocity priority optimal,0.8909302062782938,0,2,12,predictive_link_2|predictive_link_3|joint_3_acceleration_lower|joint_4_velocity_lower,predictive_link_2,,,0,0,0,optimal; continuity_tiebreak,0.1304189256779957,1,continuity_tiebreak,0.9492273330688477,0,goal_velocity_linprog,0.0,valid,0.01869715502740943,0.661396463437286,2.71138026e-17|0.00945188889|0.104267918|0.105057035|0.105333495|0.141427652,0.398895459|0.335525902|0.0203183272|0.018697155|0.0215144736|0.068006877,0.561965282|0.498595726|0.18338815|0.181766978|0.184584297|0.2310767,0.518895459|0.455525902|0.140318327|0.138697155|0.141514474|0.188006877,0|0.15|0.15|0.15|0.15|0.15,1.45360633e-17|-0.0334771385|-0.0812733102|-0.0747886216|-0.0721972836|-0.101871013,0|0|0|0|0|0,1.59558184|1.30862647|-1.29811054e-09|-1.5303168e-09|0.0138606106|0.170156495,optimal,0.1304189256779957,0.12541892618268385,0.004999999495311852,0.296221048|-0.568402946|0.387439221,0|0|0,0.02396625396795571,0.0038252630038186908,0.0019619509112089872,0.009560220059938729
26,1.35,-2.1918461690794473,0.5709935426712036,0.11472281068563461,0.18754525482654572,0.41316863894462585,1.0,3,0,0,0,0,0,0,,0,0,,-1,-1,nan,not_applicable,,,nan,0,0.8053328394889832,5.343411445617676,25.42420768737793,0.3499999940395355,0.0,0.12146202737850892,0.11472281068563461,0.006739216692874306,0.1309157354283791,0.14950072075464155,-0.12983130443000201,0.13536761206307937,-0.26519891649308136,0.0,1,0,disabled,0.0,1,AVOID_HOLD,rrt_connect,1,0.8568292560521513,0.8568292560521513,9,1,1,0,0,2.189769036906044,0.1266803741455078,0.002525353447134458;0.0033030266614098316;0.00279199748697984;0.0043297162521171145;0.005356280582075134;0.008079781666301163;0.004218482086436973;0.006279402228037749;0.006214224410845686,0.127402663230896;0.12612996995449066;0.12387418001890182;0.12563948333263397;0.12199632078409195;0.12103157490491867;0.12479034811258316;0.12172048538923264;0.12173473089933395,64,0,0,0,0,0,0,0,0,0,"{'solver_error': 0, 'short_solution': 0, 'duplicate': 0, 'goal_error': 0, 'joint_limit': 0, 'workspace': 6, 'obstacle_clearance': 44, 'obstacle_contact': 6, 'self_collision': 0}",0.0011843611193055642,65,59,nan,nan,1.0,filtered,0,0,1,0,7,7,1,3,0.5,0.0,0.0,0.0,1.0,0.016505412469615816,1,1,0,0,0.2784192015832014,0.3499999940395355,filtered,linprog goal-velocity priority optimal,0.9448061367209418,0,2,12,predictive_link_2|predictive_link_3|joint_3_acceleration_lower|joint_4_velocity_lower,predictive_link_3,,,0,0,0,optimal; continuity_tiebreak,0.1403676151583632,1,continuity_tiebreak,0.9439242482185364,0,goal_velocity_linprog,8.326672684688674e-17,valid,0.016505412469615816,0.6617036275931747,0|0.0340563118|0.0872532532|0.0897052666|0.0903222918|0.130898911,0.398880101|0.330148298|0.0178278438|0.0165054125|0.0195416848|0.0620157018,0.561965282|0.493233479|0.180913025|0.179590594|0.182626866|0.225100883,0.518880101|0.450148298|0.137827844|0.136505412|0.139541685|0.182015702,0|0.15|0.15|0.15|0.15|0.15,0|-0.0684771132|-0.0713113731|-0.0660216486|-0.0630362612|-0.115406715,0|0|0|0|0|0,1.5955204|1.25211608|2.15342882e-09|1.2684211e-09|0.0151304779|0.132656092,optimal,0.1403676151583632,0.13536761206307937,0.005000003095283839,0.296221048|-0.568402946|0.387439221,0|0|0,0.02574859489686787,0.004619522951543331,0.0021943890023976564,0.009732562000863254
27,1.4000000000000001,-2.1835614397179532,0.5720917582511902,0.10743381828069687,0.18447639048099518,0.4138873517513275,1.0,3,0,0,0,0,0,0,,0,0,,-1,-1,nan,not_applicable,,,nan,0,0.962981104850769,5.755188465118408,16.840749740600586,0.3499999940395355,0.9496663808822632,0.11472280747970291,0.10743381828069687,0.0072889891990060435,0.13147865542939205,0.20420313613805158,-0.1299331783493523,0.150626354690073,-0.28055953303942527,0.004446659098605156,1,0,disabled,0.0,1,TRACK,direct_path,0,0.2885885479627177,1.145417804014869,4,1,1,1,1,1.1387396678997248,0.1291089951992035,0.004358034518033086;0.004451751126009923;0.005614538689064883;0.005999977987468941,0.12397988885641098;0.1291089951992035;0.12349464744329453;0.12236493080854416,128,0,0,0,0,0,0,0,0,0,"{'solver_error': 0, 'short_solution': 0, 'duplicate': 0, 'goal_error': 0, 'joint_limit': 0, 'workspace': 8, 'obstacle_clearance': 99, 'obstacle_contact': 10, 'self_collision': 0}",0.0002919411299541134,130,122,nan,nan,1.0,filtered,0,0,2,1,8,0,1,2,1.0,0.0,0.9496663808822632,0.0,1.0,0.014686838503926658,1,1,0,0,0.2784192015832014,0.3499999940395355,filtered,linprog goal-velocity priority optimal,1.0798748030459746,0,2,12,predictive_link_2|predictive_link_3|joint_3_acceleration_lower|joint_4_velocity_lower,predictive_link_3,,,0,0,0,optimal; continuity_tiebreak,0.15562635749471507,1,continuity_tiebreak,0.9626363515853882,0,goal_velocity_linprog,0.0,valid,0.014686838503926658,0.6632370930720701,1.51177359e-18|0.0707150227|0.0998754688|0.109570248|0.112384745|0.150313572,0.398803427|0.321211954|0.015892682|0.0146868385|0.0179597093|0.0542379758,0.561965282|0.484373808|0.179054537|0.177848693|0.181121564|0.21739983,0.518803427|0.441211954|0.135892682|0.134686839|0.137959709|0.174237976,0|0.15|0.15|0.15|0.15|0.15,-1.03748491e-17|-0.112726596|-0.0635707274|-0.0587473527|-0.0553212384|-0.134710916,0|0|0|0|0|0,1.59521371|1.17212122|7.17861853e-10|1.34610557e-09|0.0165175987|0.0822409871,optimal,0.15562635749471507,0.150626354690073,0.005000002804642079,0.296221048|-0.568402946|0.387439221,0|0|0,0.31423642800655216,0.0047073750756680965,0.0019324789755046368,0.010330836055800319
28,1.4500000000000002,-2.2286652624013574,0.584309458732605,0.10014638304710388,0.18145395815372467,0.4236314594745636,1.0,3,0,0,0,0,0,0,,0,0,,-1,-1,nan,not_applicable,,,nan,0,1.143830418586731,5.042484760284424,20.331266403198242,0.9136915802955627,0.9136915802955627,0.1074338209188412,0.10014638304710388,0.007287437871737315,0.3523396435172306,0.2656004219617599,0.352327576648903,0.15885509395828615,0.19347248269061687,0.35232758530065733,0,0,disabled,0.0,1,SERVO,direct_path,0,0.2885885479627177,1.145417804014869,4,1,1,1,1,1.1387396678997248,0.1291089951992035,0.004358034518033086;0.004451751126009923;0.005614538689064883;0.005999977987468941,0.12397988885641098;0.1291089951992035;0.12349464744329453;0.12236493080854416,128,0,0,0,0,0,0,0,0,0,"{'solver_error': 0, 'short_solution': 0, 'duplicate': 0, 'goal_error': 0, 'joint_limit': 0, 'workspace': 8, 'obstacle_clearance': 99, 'obstacle_contact': 10, 'self_collision': 0}",0.0002919411299541134,130,122,nan,nan,1.0,filtered,1,0,2,1,9,1,1,2,1.0,0.0,0.9136915802955627,0.0,1.0,0.012633804898466994,0,1,0,0,0.2784192015832014,0.0,filtered,linprog goal-velocity priority optimal,1.1755176859885603,0,2,12,predictive_link_2|predictive_link_3|joint_3_velocity_lower|joint_4_velocity_lower,predictive_link_3,,,0,0,0,optimal; continuity_tiebreak,0.16385509444703042,1,continuity_tiebreak,0.9859917163848877,0,goal_velocity_linprog,2.0816681711721685e-17,valid,0.012633804898466994,0.6728055747143667,0|0.118159269|0.14793351|0.166608371|0.172525583|0.205659812,0.398325003|0.308080215|0.0136715364|0.0126338049|0.0162446029|0.0443837558,0.561965282|0.471720494|0.177311815|0.176274084|0.179884882|0.208024034,0.518325003|0.428080215|0.133671536|0.132633805|0.136244603|0.164383756,0|0.15|0.15|0.15|0.15|0.15,0|-0.154166266|-0.054686146|-0.0505352211|-0.0471094029|-0.151431864,0|0|0|0|0|0,1.59330001|1.0781546|-6.02251839e-10|-1.51369821e-09|0.0178690088|0.0261031588,optimal,0.16385509444703042,0.1588550939582861,0.005000000488744327,0.296221048|-0.568402946|0.387439221,0|0|0,0.020696624997071922,0.0041281160665676,0.00239080807659775,0.009283202001824975
29,1.5,-2.329542234295668,0.603568434715271,0.09444791078567505,0.1791059523820877,0.43611064553260803,1.0,3,0,0,0,0,0,0,,0,0,,-1,-1,nan,not_applicable,,,nan,0,1.1441936492919922,0.04247784614562988,100.54866790771484,0.8352065682411194,0.8352065682411194,0.10014638188220894,0.09444791078567505,0.005698471096533889,0.32935915092990364,0.267813055565178,0.32935323474847117,0.1306836836966795,0.19866955105179168,0.3293532309174599,0,0,disabled,0.0,1,SERVO,direct_path,0,0.2885885479627177,1.145417804014869,4,1,1,1,1,1.1387396678997248,0.1291089951992035,0.004358034518033086;0.004451751126009923;0.005614538689064883;0.005999977987468941,0.12397988885641098;0.1291089951992035;0.12349464744329453;0.12236493080854416,128,0,0,0,0,0,0,0,0,0,"{'solver_error': 0, 'short_solution': 0, 'duplicate': 0, 'goal_error': 0, 'joint_limit': 0, 'workspace': 8, 'obstacle_clearance': 99, 'obstacle_contact': 10, 'self_collision': 0}",0.0002919411299541134,130,122,nan,nan,1.0,filtered,2,0,2,1,10,1,1,2,1.0,0.0,0.8352065682411194,0.0,1.0,0.010290549731611559,0,1,0,0,0.2784192015832014,0.0,filtered,linprog goal-velocity priority optimal,1.2035993549400985,0,1,12,predictive_link_5|joint_3_velocity_lower|joint_4_velocity_lower,predictive_link_5,,,0,0,0,optimal; continuity_tiebreak,0.1356550708632533,1,continuity_tiebreak,0.9999982714653015,0,goal_velocity_linprog,0.0,valid,0.010290549731611559,0.6863796382749827,0|0.163696161|0.195768401|0.223939496|0.233314344|0.267897887,0.3976463|0.292993601|0.0113621534|0.0102905497|0.0141574774|0.0333604329,0.561965282|0.457312583|0.175681135|0.174609532|0.178476459|0.197679415,0.5176463|0.412993601|0.131362153|0.13029055|0.134157477|0.153360433,0|0.15|0.15|0.15|0.15|0.15,0|-0.159598566|-0.0395063966|-0.0309370723|-0.024424911|-0.133441728,0|0|0|0|0|0,1.5905852|1.01237584|0.00594221711|0.0102251267|0.0322049986|3.62973507e-09,optimal,0.1356550708632533,0.13068368369667951,0.004971387166573776,0.296221048|-0.568402946|0.387439221,0|0|0,0.01965170493349433,0.003664033953100443,0.0019652140326797962,0.008951153955422342
30,1.55,-2.322071176135519,0.5964643359184265,0.08990725874900818,0.17702822387218475,0.42924657464027405,1.0,3,0,0,0,0,0,0,,0,0,,-1,-1,nan,not_applicable,,,nan,0,1.0622944831848145,4.217746734619141,84.7562026977539,0.7735550403594971,0.7735550403594971,0.09444791261459193,0.08990725874900818,0.004540653865583749,0.31315142335334695,0.22917323328974415,0.3131501166552211,0.10354475989326496,0.20960535676195613,0.31315012271915127,0,0,disabled,0.0,1,SERVO,direct_path,0,0.2885885479627177,1.145417804014869,4,1,1,1,1,1.1387396678997248,0.1291089951992035,0.004358034518033086;0.004451751126009923;0.005614538689064883;0.005999977987468941,0.12397988885641098;0.1291089951992035;0.12349464744329453;0.12236493080854416,128,0,0,0,0,0,0,0,0,0,"{'solver_error': 0, 'short_solution': 0, 'duplicate': 0, 'goal_error': 0, 'joint_limit': 0, 'workspace': 8, 'obstacle_clearance': 99, 'obstacle_contact': 10, 'self_collision': 0}",0.0002919411299541134,130,122,nan,nan,1.0,filtered,3,0,2,1,11,1,1,2,1.0,0.0,0.7735550403594971,0.0,1.0,0.009311950264981078,0,1,0,0,0.2784192015832014,0.0,filtered,linprog goal-velocity priority optimal,1.1655634629151277,0,2,12,predictive_link_2|predictive_link_5|joint_3_velocity_lower|joint_4_velocity_lower,predictive_link_2,,,0,0,0,optimal; continuity_tiebreak,0.1085447595256436,1,continuity_tiebreak,0.9844644665718079,0,goal_velocity_linprog,0.0,valid,0.009311950264981078,0.6998723845322345,0|0.170054614|0.197775883|0.224369101|0.234095108|0.269878792,0.396971663|0.283397806|0.009630218|0.00931195026|0.0135722454|0.0268650884,0.561965282|0.448391425|0.174623837|0.174305569|0.178565865|0.191858708,0.516971663|0.403397806|0.129630218|0.12931195|0.133572245|0.146865088,0|0.15|0.15|0.15|0.15|0.15,0|-0.125329132|-0.0385208754|-0.0288875931|-0.0204106301|-0.107460353,0|0|0|0|0|0,1.58788665|1.00826209|-3.37324968e-09|0.00836020795|0.0338783513|3.39616779e-10,optimal,0.1085447595256436,0.10354475989326498,0.004999999632378627,0.296221048|-0.568402946|0.387439221,0|0|0,0.022304685087874532,0.0045221090549603105,0.002176005975343287,0.009922654018737376
31,1.6,-2.3273494999347384,0.5938307642936707,0.08635523170232773,0.17545770108699799,0.42492637038230896,1.0,3,0,0,0,0,0,0,,0,0,,-1,-1,nan,not_applicable,,,nan,0,1.016484260559082,3.238020181655884,32.989479064941406,0.7248181104660034,0.7248181104660034,0.08990725485710023,0.08635523170232773,0.0035520231547725017,0.2999070844994629,0.1848248756673673,0.299906626238009,0.07951100333835284,0.22039562289965617,0.2999066132556425,0,0,disabled,0.0,1,SERVO,direct_path,0,0.2885885479627177,1.145417804014869,4,1,1,1,1,1.1387396678997248,0.1291089951992035,0.004358034518033086;0.004451751126009923;0.005614538689064883;0.005999977987468941,0.12397988885641098;0.1291089951992035;0.12349464744329453;0.12236493080854416,128,0,0,0,0,0,0,0,0,0,"{'solver_error': 0, 'short_solution': 0, 'duplicate': 0, 'goal_error': 0, 'joint_limit': 0, 'workspace': 8, 'obstacle_clearance': 99, 'obstacle_contact': 10, 'self_collision': 0}",0.0002919411299541134,130,122,nan,nan,1.0,filtered,4,0,2,1,12,1,1,2,1.0,0.0,0.7248181104660034,0.0,1.0,0.0061815052551213445,0,1,0,0,0.2784192015832014,0.0,filtered,linprog goal-velocity priority optimal,1.1506434566320225,0,2,12,predictive_link_2|predictive_link_5|joint_3_velocity_lower|joint_4_velocity_lower,predictive_link_5,,,0,0,0,optimal; continuity_tiebreak,0.08451100444325846,1,continuity_tiebreak,0.9888343811035156,0,goal_velocity_linprog,0.0,valid,0.0061815052551213445,0.71056103005389,2.8009154e-18|0.132358459|0.15789414|0.177497544|0.186008874|0.229437109,0.396437231|0.281963308|0.00618150526|0.00633728474|0.0109198258|0.0232390091,0.561965282|0.447491359|0.171709557|0.171865336|0.176447877|0.188767061,0.516437231|0.401963308|0.126181505|0.126337285|0.130919826|0.143239009,0|0.15|0.15|0.15|0.15|0.15,-1.18952237e-18|-0.0814399687|-0.0247260225|-0.0228074414|-0.0203990714|-0.0929560347,0|0|0|0|0|0,1.58574892|1.04641326|-1.44556814e-09|0.00254169761|0.0232802319|1.69604344e-09,optimal,0.08451100444325846,0.07951100333835283,0.00500000110490563,0.296221048|-0.568402946|0.387439221,0|0|0,0.023564511095173657,0.004517909954302013,0.002177557907998562,0.011258717975579202
32,1.6500000000000001,-2.2756434762201594,0.580097496509552,0.08302012085914612,0.1741514354944229,0.41280218958854675,1.0,3,0,0,0,0,0,0,,0,0,,-1,-1,nan,not_applicable,,,nan,0,0.996826708316803,3.874021530151367,16.08182144165039,0.6869919300079346,0.6869919300079346,0.08635523361446687,0.08302012085914612,0.0033351127553207516,0.289333290348251,0.14352886526438974,0.289332088249621,0.0712713968975529,0.21806069135206807,0.28933209465621845,0,0,disabled,0.0,1,SERVO,direct_path,0,0.2885885479627177,1.145417804014869,4,1,1,1,1,1.1387396678997248,0.1291089951992035,0.004358034518033086;0.004451751126009923;0.005614538689064883;0.005999977987468941,0.12397988885641098;0.1291089951992035;0.12349464744329453;0.12236493080854416,128,0,0,0,0,0,0,0,0,0,"{'solver_error': 0, 'short_solution': 0, 'duplicate': 0, 'goal_error': 0, 'joint_limit': 0, 'workspace': 8, 'obstacle_clearance': 99, 'obstacle_contact': 10, 'self_collision': 0}",0.0002919411299541134,130,122,nan,nan,1.0,filtered,5,0,2,1,13,1,1,2,1.0,0.0,0.6869919300079346,0.0,1.0,0.00527649013192108,0,1,0,0,0.2784192015832014,0.0,filtered,linprog goal-velocity priority optimal,1.1349109353353133,0,2,12,predictive_link_3|predictive_link_5|joint_3_velocity_lower|joint_4_velocity_lower,predictive_link_3,,,0,0,0,optimal; continuity_tiebreak,0.07627139804530392,1,continuity_tiebreak,0.9816760420799255,0,goal_velocity_linprog,0.0,valid,0.00527649013192108,0.7191324152708415,0|0.0851770228|0.107164658|0.125396733|0.13432765|0.184202301,0.396008661|0.28429597|0.00631112839|0.00527649013|0.00901941621|0.0195696565,0.561965282|0.45025259|0.172267749|0.171233111|0.174976037|0.185526277,0.516008661|0.40429597|0.126311128|0.12527649|0.129019416|0.139569656,0|0.15|0.15|0.15|0.15|0.15,0|-0.0323361537|-0.0164647607|-0.0211059602|-0.0237560736|-0.0782786244,0|0|0|0|0|0,1.58403465|1.10484772|0.00877975283|3.37393717e-10|0.0123215912|1.48235496e-09,optimal,0.07627139804530392,0.0712713968975529,0.005000001147751024,0.296221048|-0.568402946|0.387439221,0|0|0,0.02239638497121632,0.004577539046294987,0.0021752389147877693,0.009984242031350732
33,1.7000000000000002,-2.2031097873566443,0.5638556480407715,0.07930851727724075,0.17311669886112213,0.3986029326915741,1.0,3,0,0,0,0,0,0,,0,0,,-1,-1,nan,not_applicable,,,nan,0,1.0147488117218018,4.377645492553711,18.919593811035156,0.654320240020752,0.654320240020752,0.08302012212990698,0.07930851727724075,0.0037116048526662226,0.2791524136095874,0.09951412791389287,0.2791501758598607,0.07526984589263214,0.20388032996722855,0.2791501801327178,0,0,disabled,0.0,1,SERVO,direct_path,0,0.2885885479627177,1.145417804014869,4,1,1,1,1,1.1387396678997248,0.1291089951992035,0.004358034518033086;0.004451751126009923;0.005614538689064883;0.005999977987468941,0.12397988885641098;0.1291089951992035;0.12349464744329453;0.12236493080854416,128,0,0,0,0,0,0,0,0,0,"{'solver_error': 0, 'short_solution': 0, 'duplicate': 0, 'goal_error': 0, 'joint_limit': 0, 'workspace': 8, 'obstacle_clearance': 99, 'obstacle_contact': 10, 'self_collision': 0}",0.0002919411299541134,130,122,nan,nan,1.0,filtered,6,0,2,1,14,1,1,2,1.0,0.0,0.654320240020752,0.0,1.0,0.004077660519510376,0,1,0,0,0.2784192015832014,0.0,filtered,linprog goal-velocity priority optimal,1.1352883052364289,0,2,12,predictive_link_3|predictive_link_4|joint_3_velocity_lower|joint_4_velocity_lower,predictive_link_3,,,0,0,0,optimal; continuity_tiebreak,0.08026984705002893,1,continuity_tiebreak,0.9764769673347473,0,goal_velocity_linprog,0.0,valid,0.004077660519510376,0.7250688139479177,7.57876991e-19|0.0331455509|0.0697816557|0.0772653701|0.0839137073|0.141854008,0.395711841|0.289903331|0.00657876948|0.00407766052|0.00704073873|0.017391743,0.561965282|0.456156772|0.17283221|0.170331101|0.173294179|0.183645184,0.515711841|0.409903331|0.126578769|0.124077661|0.127040739|0.137391743,0|0.15|0.15|0.15|0.15|0.15,3.4324874e-18|0.0353763721|0.0046098906|-0.0163106421|-0.0281629544|-0.0661366065,0|0|0|0|0|0,1.58284737|1.1949897|0.0309249685|-3.26244448e-11|4.79341775e-10|0.00343036565,optimal,0.08026984705002893,0.07526984589263214,0.005000001157396794,0.296221048|-0.568402946|0.387439221,0|0|0,0.022167430026456714,0.004551948048174381,0.0022171399323269725,0.0097827980061993
34,1.75,-1.9306513870731552,0.49849504232406616,0.07494919002056122,0.1725786179304123,0.34095850586891174,1.0,3,0,0,0,0,0,0,,0,0,,-1,-1,nan,not_applicable,,,nan,0,0.968559980392456,6.248476505279541,80.51305389404297,0.40577879548072815,0.40577879548072815,0.07930852009599687,0.07494919002056122,0.004359330075435652,0.17389102179259286,0.10635905695248685,0.17388939836916864,0.08886455864936892,0.08502483971979972,0.17388940454948598,0,0,disabled,0.0,1,SERVO,direct_path,0,0.2885885479627177,1.145417804014869,4,1,1,1,1,1.1387396678997248,0.1291089951992035,0.004358034518033086;0.004451751126009923;0.005614538689064883;0.005999977987468941,0.12397988885641098;0.1291089951992035;0.12349464744329453;0.12236493080854416,128,0,0,0,0,0,0,0,0,0,"{'solver_error': 0, 'short_solution': 0, 'duplicate': 0, 'goal_error': 0, 'joint_limit': 0, 'workspace': 8, 'obstacle_clearance': 99, 'obstacle_contact': 10, 'self_collision': 0}",0.0002919411299541134,130,122,nan,nan,1.0,filtered,7,0,2,1,15,1,1,2,1.0,0.0,0.40577879548072815,0.0,1.0,0.003519345615992084,0,1,0,0,0.2784192015832014,0.0,filtered,linprog goal-velocity priority optimal,0.999445237732681,0,1,12,predictive_link_4|joint_1_acceleration_lower|joint_4_velocity_lower|joint_3_acceleration_upper,predictive_link_4,,,0,0,0,optimal; continuity_tiebreak,0.09386456269979088,1,continuity_tiebreak,0.9514291286468506,0,goal_velocity_linprog,0.0,valid,0.003519345615992084,0.7282261725152698,0|0.0368203631|0.0605247584|0.0348340572|0.0353834019|0.0976393284,0.395553973|0.29640285|0.00923634203|0.00351934562|0.00515224907|0.0157931824,0.561965282|0.462814159|0.175647651|0.169930654|0.171563558|0.182204491,0.515553973|0.41640285|0.129236342|0.123519346|0.125152249|0.135793182,0|0|0|0.15|0.15|0.15,0|0.110065785|0.0279701211|-0.0086540905|-0.0206089939|-0.0397964792,0|0|0|0|0|0,1.58221589|1.29567719|0.0649154893|0.00542329196|2.35256226e-09|0.0233762505,optimal,0.09386456269979088,0.08886455864936893,0.005000004050421947,0.296221048|-0.568402946|0.387439221,0|0|0,0.021537699038162827,0.004503851057961583,0.0021435460075736046,0.00929480604827404
35,1.8,-2.038361933311704,0.5301283001899719,0.06972173601388931,0.17146925628185272,0.36940282583236694,1.0,3,0,0,0,0,0,0,,0,0,,-1,-1,nan,not_applicable,,,nan,0,1.005581259727478,4.7123918533325195,57.74441146850586,0.3858335316181183,0.3858335316181183,0.07494918751720266,0.06972173601388931,0.005227451503313343,0.16479287334984194,0.17364220917090126,0.16479166879163276,0.11254925347616315,0.05224241531546961,0.16479166328746872,0,0,disabled,0.0,1,SERVO,direct_path,0,0.2885885479627177,1.145417804014869,4,1,1,1,1,1.1387396678997248,0.1291089951992035,0.004358034518033086;0.004451751126009923;0.005614538689064883;0.005999977987468941,0.12397988885641098;0.1291089951992035;0.12349464744329453;0.12236493080854416,128,0,0,0,0,0,0,0,0,0,"{'solver_error': 0, 'short_solution': 0, 'duplicate': 0, 'goal_error': 0, 'joint_limit': 0, 'workspace': 8, 'obstacle_clearance': 99, 'obstacle_contact': 10, 'self_collision': 0}",0.0002919411299541134,130,122,nan,nan,1.0,filtered,8,0,2,1,16,1,1,2,1.0,0.0,0.3858335316181183,0.0,1.0,0.004861283309712791,0,1,0,0,0.2784192015832014,0.0,filtered,linprog goal-velocity priority optimal,1.0195087996079644,0,1,12,predictive_link_3|joint_1_acceleration_lower|joint_4_velocity_lower,predictive_link_3,,,0,0,0,optimal; continuity_tiebreak,0.11754925695160061,1,continuity_tiebreak,0.9722033739089966,0,goal_velocity_linprog,0.0,valid,0.004861283309712791,0.7266746927065353,0|0.111398531|0.125712233|0.100150174|0.0972225422|0.105017055,0.395631548|0.30191806|0.0108061382|0.00486128331|0.00621385013|0.0187176944,0.561965282|0.468251794|0.177139873|0.171195018|0.172547585|0.185051429,0.515631548|0.42191806|0.130806138|0.124861283|0.12621385|0.138717694,0|0|0|0.15|0.15|0.15,0|0.181606811|0.0559206665|-0.0194451318|-0.0238819653|-0.035870494,0|0|0|0|0|0,1.58252619|1.38927905|0.0991452194|1.42072121e-09|0.000973435282|0.0390002837,optimal,0.11754925695160061,0.11254925347616317,0.005000003475437442,0.296221048|-0.568402946|0.387439221,0|0|0,0.02196214604191482,0.00451619504019618,0.0021959240548312664,0.00966123107355088
36,1.85,-2.0327498154977777,0.5265333652496338,0.0651090145111084,0.1700410097837448,0.37561342120170593,1.0,3,0,0,0,0,0,0,,0,0,,-1,-1,nan,not_applicable,,,nan,0,1.0542904138565063,3.416100025177002,70.13920593261719,0.366459459066391,0.366459459066391,0.06972173635767687,0.0651090145111084,0.004612721846568468,0.1536582288190856,0.23572294408032063,0.15365732374043875,0.11136810321331059,0.04228922052712816,0.15365732449810027,0,0,disabled,0.0,1,SERVO,direct_path,0,0.2885885479627177,1.145417804014869,4,1,1,1,1,1.1387396678997248,0.1291089951992035,0.004358034518033086;0.004451751126009923;0.005614538689064883;0.005999977987468941,0.12397988885641098;0.1291089951992035;0.12349464744329453;0.12236493080854416,128,0,0,0,0,0,0,0,0,0,"{'solver_error': 0, 'short_solution': 0, 'duplicate': 0, 'goal_error': 0, 'joint_limit': 0, 'workspace': 8, 'obstacle_clearance': 99, 'obstacle_contact': 10, 'self_collision': 0}",0.0002919411299541134,130,122,nan,nan,1.0,filtered,9,0,2,1,17,1,1,2,1.0,0.0,0.366459459066391,0.0,1.0,0.0033253363252086637,0,1,0,0,0.2784192015832014,0.0,filtered,linprog goal-velocity priority optimal,1.078691477653025,0,2,12,predictive_link_3|workspace_x_lower|joint_4_velocity_lower,workspace_x_lower,,,0,0,0,optimal; continuity_tiebreak,0.11636810609313673,1,continuity_tiebreak,0.9873597025871277,0,goal_velocity_linprog,0.0,valid,0.0033253363252086637,0.7227408336831688,0|0.179530883|0.207220604|0.185459597|0.185459597|0.172221905,0.395828241|0.310977229|0.0140142332|0.00332533633|0.00532533633|0.0182680433,0.561965282|0.47711427|0.180151275|0.169462378|0.171462378|0.184405085,0.515828241|0.430977229|0.134014233|0.123325336|0.125325336|0.138268043,0|0|0|0.15|0.15|0.15,0|0.224687848|0.096485217|-0.0133013443|-0.0133013443|-0.0398675094,0|0|0|0|0|0,1.58331296|1.46859676|0.15254215|9.51609565e-10|0.00800000095|0.0332046639,optimal,0.11636810609313673,0.1113681032133106,0.005000002879826132,0.296221048|-0.568402946|0.387439221,0|0|0,0.021540155983529985,0.004435540991835296,0.002203222014941275,0.009377942071296275
37,1.9000000000000001,-2.262275278347196,0.5743173956871033,0.06268351525068283,0.1690063327550888,0.4157254099845886,1.0,3,0,0,0,0,0,0,,0,0,,-1,-1,nan,not_applicable,,,nan,0,1.0306663513183594,2.8394298553466797,58.072784423828125,0.3533468544483185,0.3533468544483185,0.0651090163325974,0.06268351525068283,0.002425501081914569,0.14366726549541659,0.2638653891369452,0.14366630361087232,0.07735534619281471,0.0663109574180576,0.1436663076300791,0,0,disabled,0.0,1,SERVO,direct_path,0,0.2885885479627177,1.145417804014869,4,1,1,1,1,1.1387396678997248,0.1291089951992035,0.004358034518033086;0.004451751126009923;0.005614538689064883;0.005999977987468941,0.12397988885641098;0.1291089951992035;0.12349464744329453;0.12236493080854416,128,0,0,0,0,0,0,0,0,0,"{'solver_error': 0, 'short_solution': 0, 'duplicate': 0, 'goal_error': 0, 'joint_limit': 0, 'workspace': 8, 'obstacle_clearance': 99, 'obstacle_contact': 10, 'self_collision': 0}",0.0002919411299541134,130,122,nan,nan,1.0,filtered,10,0,2,1,18,1,1,2,1.0,0.0,0.3533468544483185,0.0,1.0,0.003362789309362693,0,1,0,0,0.2784192015832014,0.0,filtered,linprog goal-velocity priority optimal,1.0780232734259139,0,1,12,workspace_x_lower|joint_4_velocity_lower,workspace_x_lower,,,0,0,0,optimal; continuity_tiebreak,0.08235534762665946,1,continuity_tiebreak,0.9909821152687073,0,goal_velocity_linprog,0.0,valid,0.003362789309362693,0.7190801602419861,9.95170813e-18|0.217335506|0.282700037|0.266135473|0.265109036|0.235921894,0.396011274|0.322100842|0.0194365425|0.00336278931|0.00524706629|0.0155251649,0.561965282|0.48805485|0.18539055|0.169316797|0.171201074|0.181479173,0.516011274|0.442100842|0.139436542|0.123362789|0.125247066|0.135525165,0|0|0|0.0762987069|0.0824787405|0.15,6.93792714e-18|0.213881695|0.120850312|-0.0113677512|-0.00974674697|-0.0428893545,0|0|0|0|0|0,1.5840451|1.50228506|0.198596482|0.00208340607|0.0112415182|0.019211305,optimal,0.08235534762665946,0.07735534619281471,0.005000001433844742,0.296221048|-0.568402946|0.387439221,0|0|0,0.021389465080574155,0.004445108934305608,0.002191893057897687,0.009198343963362277
38,1.9500000000000002,-2.317470961686803,0.5845461487770081,0.06100891903042793,0.16839568316936493,0.41713857650756836,1.0,3,0,0,0,0,0,0,,0,0,,-1,-1,nan,not_applicable,,,nan,0,0.9618700742721558,4.455246448516846,117.05113220214844,0.34742870926856995,0.34742870926856995,0.06268351497092471,0.06100891903042793,0.0016745959404967786,0.13837380132282298,0.16870923597771167,0.13837223421322087,0.04739382807177627,0.09097840614144459,0.13837223359566206,0,0,disabled,0.0,1,SERVO,direct_path,0,0.2885885479627177,1.145417804014869,4,1,1,1,1,1.1387396678997248,0.1291089951992035,0.004358034518033086;0.004451751126009923;0.005614538689064883;0.005999977987468941,0.12397988885641098;0.1291089951992035;0.12349464744329453;0.12236493080854416,128,0,0,0,0,0,0,0,0,0,"{'solver_error': 0, 'short_solution': 0, 'duplicate': 0, 'goal_error': 0, 'joint_limit': 0, 'workspace': 8, 'obstacle_clearance': 99, 'obstacle_contact': 10, 'self_collision': 0}",0.0002919411299541134,130,122,nan,nan,1.0,filtered,11,0,2,1,19,1,1,2,1.0,0.0,0.34742870926856995,0.0,1.0,0.0030323029474697144,0,1,0,0,0.2784192015832014,0.0,filtered,linprog goal-velocity priority optimal,1.0224762530637221,0,2,12,predictive_link_3|workspace_x_lower|joint_4_velocity_lower|joint_1_acceleration_upper,predictive_link_3,,,0,0,0,optimal; continuity_tiebreak,0.052393833387473505,1,continuity_tiebreak,0.9773594737052917,0,goal_velocity_linprog,0.0,valid,0.0030323029474697144,0.7170361292786053,0|0.204985001|0.307513964|0.301868386|0.296807907|0.266821608,0.396113476|0.332609676|0.0260598535|0.00303230295|0.00460940163|0.011364107,0.561965282|0.498461483|0.19191166|0.168884109|0.170461208|0.177215913,0.516113476|0.452609676|0.146059854|0.123032303|0.124609402|0.131364107,0|0|0|0.0275981611|0.0482851841|0.15,0|0.138318959|0.0854520639|-0.0121292078|-0.013256926|-0.0383368534,0|0|0|0|0|0,1.5844539|1.46875766|0.189691478|3.96367577e-09|0.00518068052|0.00711957439,optimal,0.052393833387473505,0.047393828071776264,0.005000005315697241,0.296221048|-0.568402946|0.387439221,0|0|0,0.021651930990628898,0.004393766983412206,0.0021894240053370595,0.009419976035133004
39,2.0,-2.03453595018851,0.5179295539855957,0.05838870629668236,0.1685902327299118,0.358524352312088,1.0,3,0,0,0,0,0,0,,0,0,,-1,-1,nan,not_applicable,,,nan,0,0.9797608256340027,5.6241278648376465,45.5416259765625,0.3405022919178009,0.3405022919178009,0.06100892035997391,0.05838870629668236,0.002620214063291555,0.1347846276308826,0.08267771567015994,0.13478208535892316,0.05697084507407464,0.07781124028484852,0.13478208829618188,0,0,disabled,0.0,1,SERVO,direct_path,0,0.2885885479627177,1.145417804014869,4,1,1,1,1,1.1387396678997248,0.1291089951992035,0.004358034518033086;0.004451751126009923;0.005614538689064883;0.005999977987468941,0.12397988885641098;0.1291089951992035;0.12349464744329453;0.12236493080854416,128,0,0,0,0,0,0,0,0,0,"{'solver_error': 0, 'short_solution': 0, 'duplicate': 0, 'goal_error': 0, 'joint_limit': 0, 'workspace': 8, 'obstacle_clearance': 99, 'obstacle_contact': 10, 'self_collision': 0}",0.0002919411299541134,130,122,nan,nan,1.0,filtered,12,0,2,1,20,1,1,2,1.0,0.0,0.3405022919178009,0.0,1.0,0.002286413612921409,0,1,0,0,0.2784192015832014,0.0,filtered,linprog goal-velocity priority optimal,1.0369543254353868,0,2,12,predictive_link_5|workspace_x_lower|joint_4_velocity_lower|joint_1_acceleration_upper,workspace_x_lower,,,0,0,0,optimal; continuity_tiebreak,0.06197084579552896,1,continuity_tiebreak,0.9582148194313049,0,goal_velocity_linprog,1.3877787807814457e-17,valid,0.002286413612921409,0.7170556515679675,0|0.134296196|0.193630413|0.185929227|0.180887328|0.170867015,0.3961125|0.339471202|0.0305965112|0.00228641361|0.00249623123|0.0072590527,0.561965282|0.505323985|0.196449294|0.168139196|0.168349014|0.173111835,0.5161125|0.459471202|0.150596511|0.122286414|0.122496231|0.127259053,0|0|0|0.0648339529|0.15|0.15,0|0.0714193938|0.0412002464|0.00353760061|-0.0001076196|-0.0290362106,0|0|0|0|0|0,1.58445|1.4293042|0.163586291|0.0126832551|0.00987730534|1.59061112e-10,optimal,0.06197084579552896,0.05697084507407465,0.0050000007214543105,0.296221048|-0.568402946|0.387439221,0|0|0,0.020589436986483634,0.004179293056949973,0.0020636849803850055,0.009235930978320539
40,2.0500000000000003,18.03487383817373,0.510248601436615,0.05373014882206917,0.16830618679523468,0.35083264112472534,1.0,3,0,0,0,0,0,0,,0,0,,-1,-1,nan,not_applicable,,,nan,1,1.0282127857208252,4.703118801116943,32.56035232543945,0.3311091661453247,0.3311091661453247,0.058388707725199565,0.05373014882206917,0.004658558903130397,0.12911858322373326,0.1476763770593243,0.12911579391189976,0.10153926216195445,0.0275765317499453,0.12911579707080062,0,0,disabled,0.0,1,SERVO,direct_path,0,0.2885885479627177,1.145417804014869,4,1,1,1,1,1.1387396678997248,0.1291089951992035,0.004358034518033086;0.004451751126009923;0.005614538689064883;0.005999977987468941,0.12397988885641098;0.1291089951992035;0.12349464744329453;0.12236493080854416,128,0,0,0,0,0,0,0,0,0,"{'solver_error': 0, 'short_solution': 0, 'duplicate': 0, 'goal_error': 0, 'joint_limit': 0, 'workspace': 8, 'obstacle_clearance': 99, 'obstacle_contact': 10, 'self_collision': 0}",0.0002919411299541134,130,122,nan,nan,1.0,filtered,13,0,2,1,21,1,1,2,1.0,0.0,0.3311091661453247,0.0,1.0,0.002766797822719394,0,1,0,0,0.2784192015832014,0.0,filtered,linprog goal-velocity priority optimal,1.0563843729356466,0,2,12,predictive_link_4|workspace_x_lower|joint_4_velocity_lower|joint_1_acceleration_upper,workspace_x_lower,,,0,0,0,optimal; continuity_tiebreak,0.10653926161757139,1,continuity_tiebreak,0.9737191200256348,0,goal_velocity_linprog,0.0,valid,0.002766797822719394,0.7164684850126656,3.14760025e-18|0.0704878722|0.10491118|0.0716316327|0.0702137891|0.0811438655,0.396141858|0.343157424|0.0328701674|0.00276679782|0.00281668607|0.00831376557,0.561965282|0.508980848|0.198693592|0.168590222|0.16864011|0.17413719,0.516141858|0.463157424|0.152870167|0.122766798|0.122816686|0.128313766,0|0|0|0|0.15|0.15,3.01015962e-18|0.00986482294|-0.0203694739|-0.00923724835|-0.0112667445|-0.0279096107,0|0|0|0|0|0,1.58456743|1.38249452|0.111111196|0.00182994294|-2.05225972e-10|0.00534545164,optimal,0.10653926161757139,0.10153926216195447,0.004999999455616924,0.296221048|-0.568402946|0.387439221,0|0|0,0.02138713502790779,0.004326615948230028,0.002197788911871612,0.009289156063459814
