step,time,reward,cost,goal_error_norm,d_min,risk_global,beta,closest_link,safety_violation,collision,success,qdot_norm,acc_norm,jerk_norm
0,0.05,-0.6149809011595971,0.25210052728652954,0.6010651588439941,0.5329123735427856,0.25210052728652954,0.20311808077494303,4,0,0,0,0.33768025040626526,6.753605365753174,135.0720977783203
1,0.1,-0.47142614600867205,0.2841185927391052,0.5885292291641235,0.5092084407806396,0.2841185927391052,0.25594702502886457,4,0,0,0,0.6667768955230713,6.587543964385986,8.42061996459961
2,0.15000000000000002,-0.3373381006104512,0.29895102977752686,0.5709139108657837,0.4848795235157013,0.29895102977752686,0.2910788326708476,4,0,0,0,0.916873574256897,5.028361797332764,33.29301452636719
3,0.2,-0.24409769015118654,0.27958613634109497,0.5507150292396545,0.46316519379615784,0.27958613634109497,0.315837228849411,4,0,0,0,1.060558557510376,3.3218557834625244,56.03630065917969
4,0.25,-0.21771104095054397,0.20354296267032623,0.5313601493835449,0.44822749495506287,0.20354296267032623,0.3339400031695048,4,0,0,0,1.05074143409729,3.7572085857391357,83.99272155761719
5,0.30000000000000004,-0.17502556333376362,0.15026360750198364,0.5119485259056091,0.43720343708992004,0.15026360750198364,0.34648497262771605,4,0,0,0,1.0880941152572632,1.5880793333053589,72.99598693847656
6,0.35000000000000003,-0.11925322786843147,0.12235961854457855,0.4916960299015045,0.428101509809494,0.12235961854457855,0.35443355067079674,4,0,0,0,1.1089524030685425,1.6376333236694336,51.282161712646484
7,0.4,-0.08050632281945419,0.09721530228853226,0.47144344449043274,0.42139932513237,0.09721530228853226,0.35867484051091714,4,0,0,0,1.086098551750183,2.313044548034668,30.361316680908203
8,0.45,-0.10969412587055814,0.0954023078083992,0.4544472098350525,0.4147948920726776,0.0954023078083992,0.3595312680290336,4,0,0,0,0.9701985716819763,5.081157684326172,83.65397644042969
9,0.5,-0.07927983487491588,0.09338883310556412,0.43754875659942627,0.40958353877067566,0.09338883310556412,0.35826815415339835,4,0,0,0,1.0298057794570923,2.354069471359253,102.77127838134766
10,0.55,-0.06236539866978042,0.0911613330245018,0.4212746322154999,0.4063139259815216,0.0911613330245018,0.3548311038548777,4,0,0,0,1.0812867879867554,1.8841605186462402,11.423295021057129
11,0.6000000000000001,-0.07313110596092436,0.08870727568864822,0.4069124162197113,0.404807448387146,0.08870727568864822,0.35277053291013016,5,0,0,0,1.0886554718017578,2.226128578186035,39.03974151611328
12,0.65,-0.08436606333908941,0.08601601421833038,0.3942740559577942,0.40168553590774536,0.08601601421833038,0.35138330444342003,5,0,0,0,1.0699301958084106,3.0862364768981934,41.20584487915039
13,0.7000000000000001,-0.08846279283185624,0.08899975568056107,0.38278836011886597,0.39653027057647705,0.08899975568056107,0.34890253542649413,5,0,0,0,1.030722737312317,4.638383865356445,54.28241729736328
14,0.75,-0.06946959064797852,0.13973252475261688,0.37115752696990967,0.388536274433136,0.13973252475261688,0.34455736556920014,5,0,0,0,1.0503956079483032,5.752188682556152,39.29525375366211
15,0.8,-0.03524299886850606,0.2008315920829773,0.35867103934288025,0.3775339722633362,0.2008315920829773,0.3397993737813191,5,0,0,0,1.124912142753601,5.205715179443359,17.0372314453125
16,0.8500000000000001,0.002162759543698485,0.2744280993938446,0.3451962471008301,0.3625358045101166,0.2744280993938446,0.3355264554633512,5,0,0,0,1.1752128601074219,4.541588306427002,38.38045883178711
17,0.9,0.03853373115982208,0.3198561668395996,0.3306833505630493,0.34531351923942566,0.3198561668395996,0.3327921746301937,5,0,0,0,1.0877511501312256,6.320957183837891,111.06571960449219
18,0.9500000000000001,0.07093890381693085,0.3060894310474396,0.3156074285507202,0.33038344979286194,0.3060894310474396,0.33150385114321834,5,0,0,0,1.0671058893203735,3.4807965755462646,77.22034454345703
19,1.0,0.09675065344674799,0.2959113121032715,0.30021145939826965,0.31725186109542847,0.2959113121032715,0.32926580532055927,5,0,0,0,1.0676745176315308,1.1088309288024902,57.0364990234375
20,1.05,0.12074508242172435,0.28202876448631287,0.28450480103492737,0.3058980107307434,0.28202876448631287,0.32439807945685684,5,0,0,0,1.0788201093673706,0.9423613548278809,23.869050979614258
21,1.1,0.13993111014912749,0.24947719275951385,0.2687038481235504,0.29695162177085876,0.24947719275951385,0.31530688477077345,5,0,0,0,1.0785837173461914,0.9084396362304688,10.880682945251465
22,1.1500000000000001,0.15471806681045386,0.20278474688529968,0.2529906928539276,0.2904687523841858,0.20278474688529968,0.3005903623452878,5,0,0,0,1.0703251361846924,1.0495080947875977,11.677488327026367
23,1.2000000000000002,0.16674780923714472,0.1752019226551056,0.23744145035743713,0.2853078544139862,0.1752019226551056,0.28581848696576134,5,0,0,0,1.061586856842041,1.953640103340149,19.503843307495117
24,1.25,0.1720746353558863,0.1560058444738388,0.22235876321792603,0.2816430926322937,0.1560058444738388,0.2752540199500714,5,0,0,0,1.0327343940734863,2.295417070388794,18.533723831176758
25,1.3,0.1686586548885026,0.1542816162109375,0.2081136256456375,0.2786730229854584,0.1542816162109375,0.269583291801357,5,0,0,0,1.013635516166687,3.363419532775879,28.873929977416992
26,1.35,0.15233008622890223,0.14967243373394012,0.1953369379043579,0.2773545980453491,0.14967243373394012,0.2674492583627763,5,0,0,0,1.0259801149368286,3.6568491458892822,17.406375885009766
27,1.4000000000000001,0.1209405032342728,0.14777319133281708,0.18477796018123627,0.27905815839767456,0.14777319133281708,0.2667420225514131,5,0,0,0,1.055760383605957,2.890166997909546,19.781341552734375
28,1.4500000000000002,0.07582774192432906,0.14142607152462006,0.17704753577709198,0.2849334180355072,0.14142607152462006,0.265578242689758,5,0,0,0,1.0894778966903687,2.5064666271209717,15.454341888427734
29,1.5,0.03729195557229552,0.13000398874282837,0.1716524064540863,0.2962903082370758,0.13000398874282837,0.26240882946077354,5,0,0,0,1.0969830751419067,2.9854226112365723,41.51254653930664
30,1.55,0.015340746546109755,0.1146593987941742,0.1676005721092224,0.31346505880355835,0.1146593987941742,0.25606018396033864,5,0,0,0,1.0855340957641602,3.758148431777954,29.572418212890625
31,1.6,0.04275809649329375,0.09724351763725281,0.16219109296798706,0.33649763464927673,0.09724351763725281,0.246276836306735,5,0,0,0,1.0263272523880005,4.472836494445801,58.391231536865234
32,1.6500000000000001,0.08976231290558843,0.08068916946649551,0.15448671579360962,0.3634442389011383,0.08068916946649551,0.2336262446508114,5,0,0,0,0.9970285892486572,3.441199541091919,35.784568786621094
33,1.7000000000000002,0.11601441542899009,0.06675208359956741,0.1456459015607834,0.39202916622161865,0.06675208359956741,0.21959073010277574,5,0,0,0,0.956200361251831,2.6358747482299805,53.8604850769043
34,1.75,0.11020538221495649,0.05583648011088371,0.13739106059074402,0.42041629552841187,0.05583648011088371,0.20574324927643034,5,0,0,0,0.894601583480835,2.5082826614379883,29.084598541259766
35,1.8,0.07946197797765762,0.047451723366975784,0.1310427188873291,0.44794654846191406,0.047451723366975784,0.19318495248902892,5,0,0,0,0.836448609828949,2.1535651683807373,22.922584533691406
36,1.85,0.02849394547725268,0.04122387245297432,0.12762385606765747,0.4734605848789215,0.04122387245297432,0.18238550912429324,2,0,0,0,0.7746451497077942,2.1676900386810303,19.329355239868164
37,1.9000000000000001,-0.03795735432199992,0.03974892199039459,0.12788791954517365,0.480389803647995,0.03974892199039459,0.17348113314960062,2,0,0,0,0.7032690644264221,2.2216477394104004,29.83094596862793
38,1.9500000000000002,-0.10390207289882954,0.03826439008116722,0.13169421255588531,0.48779305815696716,0.03826439008116722,0.16756426018468734,2,0,0,0,0.6215226054191589,2.64965558052063,30.695011138916016
39,2.0,-0.16136335891017126,0.03678299859166145,0.13848239183425903,0.4956659972667694,0.03678299859166145,0.16343615864908018,2,0,0,0,0.5407729744911194,2.865983724594116,22.919452667236328
40,2.0500000000000003,-0.2069763712357441,0.03531832993030548,0.14752255380153656,0.5039935111999512,0.03531832993030548,0.16038254264113497,2,0,0,0,0.47340893745422363,2.697495460510254,20.971965789794922
41,2.1,-0.2344520790422237,0.03389474004507065,0.15773814916610718,0.5126819610595703,0.03389474004507065,0.15798012870421324,2,0,0,0,0.4146536886692047,2.8437914848327637,25.271455764770508
42,2.15,-0.23413424220231832,0.03253043070435524,0.16757690906524658,0.5216439366340637,0.03253043070435524,0.15598442934674212,2,0,0,0,0.3802255690097809,2.953850269317627,20.993133544921875
43,2.2,-0.20928437726405608,0.031246166676282883,0.17571325600147247,0.5307392477989197,0.031246166676282883,0.1542558386289409,2,0,0,0,0.3905397057533264,3.286085367202759,18.8222599029541
44,2.25,-0.17518216787628746,0.030045878142118454,0.18172138929367065,0.5399121046066284,0.030045878142118454,0.15271867740333067,2,0,0,0,0.458547979593277,3.1471288204193115,13.632766723632812
45,2.3000000000000003,-0.14399494483728406,0.029001953080296516,0.18584270775318146,0.5485031604766846,0.029001953080296516,0.15132906833199652,0,0,0,0,0.5512279272079468,2.7132792472839355,16.385635375976562
46,2.35,-0.12054247503017936,0.028089620172977448,0.18856270611286163,0.5565504431724548,0.028089620172977448,0.1500888680651267,0,0,0,0,0.6376355886459351,2.169599771499634,14.79050064086914
47,2.4000000000000004,-0.10548122254948687,0.02719448320567608,0.19037994742393494,0.5650079846382141,0.02719448320567608,0.14898954629308855,0,0,0,0,0.7088531255722046,1.6787798404693604,10.568474769592285
48,2.45,-0.09975898757261349,0.026322640478610992,0.19182510673999786,0.5738613605499268,0.026322640478610992,0.14798144657059634,0,0,0,0,0.7590793371200562,1.2344096899032593,12.098156929016113
49,2.5,-0.10044806591790932,0.025479258969426155,0.19324980676174164,0.5830959677696228,0.025479258969426155,0.14703714930203035,0,0,0,0,0.792488694190979,1.0606125593185425,9.982604026794434
50,2.5500000000000003,-0.10644864612892904,0.02466852404177189,0.1949363797903061,0.5926976799964905,0.02466852404177189,0.14614221440664812,0,0,0,0,0.8136925101280212,0.9484055042266846,6.684110164642334
51,2.6,-0.11735176577584135,0.02389375865459442,0.19713333249092102,0.6026521921157837,0.02389375865459442,0.1452896073375854,0,0,0,0,0.8174614906311035,0.9138687252998352,10.46523380279541
52,2.6500000000000004,-0.13050359196409347,0.02315741777420044,0.19993622601032257,0.6129456162452698,0.02315741777420044,0.14447640110540666,0,0,0,0,0.8090367317199707,1.0125199556350708,7.933260917663574
53,2.7,-0.14449978756111734,0.022461172193288803,0.2033635973930359,0.6235644817352295,0.022461172193288803,0.14370179531666605,0,0,0,0,0.797298014163971,0.9674564003944397,4.892714500427246
54,2.75,-0.15999784158946745,0.021806001663208008,0.20746609568595886,0.6344953775405884,0.021806001663208008,0.14296596023058672,0,0,0,0,0.783822238445282,0.8277113437652588,5.017180442810059
55,2.8000000000000003,-0.17687533726007942,0.021192263811826706,0.21228228509426117,0.6457253098487854,0.021192263811826706,0.14226937945256102,0,0,0,0,0.7650409936904907,0.7509379982948303,6.109816074371338
56,2.85,-0.19367421254847275,0.020619764924049377,0.2177693396806717,0.6572418808937073,0.020619764924049377,0.14161248238227447,0,0,0,0,0.741020679473877,0.7762691974639893,5.203495979309082
57,2.9000000000000004,-0.2081342501429326,0.02008785679936409,0.22376535832881927,0.6690329313278198,0.02008785679936409,0.14099545123979457,0,0,0,0,0.7150734066963196,0.8002706170082092,3.8675425052642822
58,2.95,-0.219600640331683,0.019595513120293617,0.23007890582084656,0.6810867786407471,0.019595513120293617,0.1404181429910958,0,0,0,0,0.6836295127868652,0.9174947738647461,4.283017635345459
59,3.0,-0.22749910211173005,0.019141411408782005,0.23649738729000092,0.6933917999267578,0.019141411408782005,0.13988007223615848,0,0,0,0,0.6501884460449219,1.021798849105835,3.4854586124420166
60,3.0500000000000003,-0.23210096387900678,0.01872396469116211,0.24283283948898315,0.7059373259544373,0.01872396469116211,0.13938043285018087,0,0,0,0,0.6161279082298279,1.1280444860458374,3.763578414916992
61,3.1,-0.23431865529937368,0.01834142580628395,0.24895578622817993,0.7187128067016602,0.01834142580628395,0.1389181232965343,0,0,0,0,0.5849100351333618,1.2151007652282715,3.9801220893859863
62,3.1500000000000004,-0.2345037627106894,0.017991917207837105,0.25476357340812683,0.7317081689834595,0.017991917207837105,0.13849180242516712,0,0,0,0,0.5544127225875854,1.243530511856079,4.9677934646606445
63,3.2,-0.23126327645438274,0.01767347939312458,0.2600875198841095,0.7449137568473816,0.01767347939312458,0.13809993455468483,0,0,0,0,0.5276693105697632,1.188292384147644,6.222384929656982
64,3.25,-0.2248065330322163,0.01738412119448185,0.2647792100906372,0.7583203911781311,0.01738412119448185,0.13774083537653406,0,0,0,0,0.5043026804924011,1.1834235191345215,3.8520374298095703
65,3.3000000000000003,-0.21711932873252301,0.017121845856308937,0.2688063085079193,0.7719192504882812,0.017121845856308937,0.1374127190776387,0,0,0,0,0.4888056516647339,1.0857911109924316,5.79932165145874
66,3.35,-0.21045457718396854,0.016884684562683105,0.27225741744041443,0.7857018709182739,0.016884684562683105,0.1371137367666395,0,0,0,0,0.4838828444480896,0.9295896887779236,4.961228370666504
67,3.4000000000000004,-0.20558327068108845,0.19536176323890686,0.2752572000026703,0.7963060140609741,0.19536176323890686,0.13684201258305498,0,0,0,0,0.4862079918384552,0.7357462644577026,5.638556003570557
68,3.45,-0.1359680147915469,0.17020747065544128,0.27429986000061035,0.7823977470397949,0.17020747065544128,0.18506786221991253,0,0,0,0,0.4069480299949646,5.214698791503906,99.43399047851562
69,3.5,-0.07161661532934233,0.14462049305438995,0.27005523443222046,0.768667459487915,0.14462049305438995,0.21461436475155915,0,0,0,0,0.46596017479896545,4.647812843322754,19.676156997680664
70,3.5500000000000003,-0.028547683917023507,0.11539936810731888,0.263821005821228,0.7551231384277344,0.11539936810731888,0.23277973559402326,0,0,0,0,0.5571844577789307,3.950636386871338,40.85333251953125
71,3.6,-0.007876554467104882,0.11261775344610214,0.2568621039390564,0.7417733669281006,0.11261775344610214,0.24395675802371639,0,0,0,0,0.627506673336029,3.4358513355255127,42.33665084838867
72,3.6500000000000004,-0.001901437856552164,0.11056417226791382,0.2499895989894867,0.7286271452903748,0.11056417226791382,0.25086194617038016,0,0,0,0,0.6636900901794434,2.4838030338287354,32.14019775390625
73,3.7,-0.0002522997035777763,0.1092444360256195,0.2434060275554657,0.7156937122344971,0.1092444360256195,0.25519282521298553,0,0,0,0,0.6753643751144409,1.6235671043395996,22.390256881713867
74,3.75,-0.0037036550513568755,0.10850117355585098,0.2373354732990265,0.7029828429222107,0.10850117355585098,0.2579931700715881,0,0,0,0,0.6402435898780823,1.7815102338790894,26.201536178588867
75,3.8000000000000003,-0.006140151582765441,0.1079828292131424,0.23168474435806274,0.6905046105384827,0.1079828292131424,0.25994011921621135,0,0,0,0,0.57313072681427,2.230764389038086,26.37748908996582
76,3.85,-0.005087878731934623,0.10710505396127701,0.22625699639320374,0.6782697439193726,0.10710505396127701,0.26144996915024576,0,0,0,0,0.5329789519309998,2.007200241088867,15.009957313537598
77,3.9000000000000004,-0.006007096774589584,0.10611145943403244,0.22114655375480652,0.6662891507148743,0.10611145943403244,0.26274686086433363,0,0,0,0,0.5239094495773315,1.35450279712677,27.42278289794922
78,3.95,-0.013284145057745675,0.10531298071146011,0.21665433049201965,0.6545743346214294,0.10531298071146011,0.2639490114942624,0,0,0,0,0.520858645439148,1.6308462619781494,19.157453536987305
79,4.0,-0.02429329094486393,0.10483124107122421,0.21295009553432465,0.6431372165679932,0.10483124107122421,0.26514292839937015,0,0,0,0,0.5171408653259277,1.655396580696106,9.19825267791748
80,4.05,-0.03211939897195862,0.10492508858442307,0.20983099937438965,0.6319899559020996,0.10492508858442307,0.26641895105703234,0,0,0,0,0.5126014947891235,1.4318981170654297,18.221160888671875
81,4.1000000000000005,-0.03345110679872578,0.10504252463579178,0.20692573487758636,0.6211451292037964,0.10504252463579178,0.26785602082965904,0,0,0,0,0.5077421069145203,1.0456970930099487,19.929271697998047
82,4.15,-0.0328536625987352,0.10405784100294113,0.20411887764930725,0.6106157898902893,0.10405784100294113,0.2694488653550037,0,0,0,0,0.5179659128189087,0.6932552456855774,19.06025505065918
83,4.2,-0.03763927561714185,0.10327379405498505,0.20168547332286835,0.6004153490066528,0.10327379405498505,0.27113421748138394,0,0,0,0,0.5235832333564758,0.9300171732902527,17.25921630859375
84,4.25,-0.04554555512851216,0.10469965636730194,0.19977757334709167,0.5901338458061218,0.10469965636730194,0.27287741218044514,2,0,0,0,0.5135816931724548,0.8099201321601868,12.417967796325684
85,4.3,-0.05157411382591143,0.10776975005865097,0.19827166199684143,0.5797289609909058,0.10776975005865097,0.2746862983348021,2,0,0,0,0.4947606921195984,0.7564008831977844,12.07424259185791
86,4.3500000000000005,-0.059741347444709804,0.10801399499177933,0.19726231694221497,0.5696331858634949,0.10801399499177933,0.27656404787155286,2,0,0,0,0.476217657327652,0.9204078316688538,6.431875705718994
87,4.4,-0.07404306163112807,0.10747680813074112,0.19705277681350708,0.5598798990249634,0.10747680813074112,0.2784943239719806,2,0,0,0,0.4552076458930969,1.2457537651062012,10.112041473388672
88,4.45,-0.09218803775405839,0.10719602555036545,0.19781342148780823,0.5504940152168274,0.10719602555036545,0.28046528821177114,2,0,0,0,0.42690354585647583,1.536665678024292,9.246258735656738
89,4.5,-0.1056346352703554,0.10423622280359268,0.1992528885602951,0.5415311455726624,0.10423622280359268,0.28246696578455066,2,0,0,0,0.39684224128723145,1.7910912036895752,12.593873977661133
90,4.55,-0.11139596522313398,0.09717602282762527,0.20092914998531342,0.5330711007118225,0.09717602282762527,0.2844292244135862,2,0,0,0,0.4015655815601349,2.1868081092834473,15.865119934082031
91,4.6000000000000005,-0.10793266704001808,0.08920308202505112,0.20235282182693481,0.5251519680023193,0.08920308202505112,0.2861957818360841,2,0,0,0,0.43536338210105896,2.0328426361083984,13.036113739013672
92,4.65,-0.0992675548188351,0.08094853907823563,0.20325776934623718,0.5177977085113525,0.08094853907823563,0.287599827573203,2,0,0,0,0.47889813780784607,1.8736538887023926,11.822846412658691
93,4.7,-0.08534843374616258,0.0754399299621582,0.20338982343673706,0.5109726190567017,0.0754399299621582,0.2884922467026132,2,0,0,0,0.5068889260292053,1.538244366645813,19.493392944335938
94,4.75,-0.07431900652822153,0.07033593952655792,0.202931210398674,0.5046692490577698,0.07033593952655792,0.2888023033749869,2,0,0,0,0.5310625433921814,1.455640435218811,15.351217269897461
95,4.800000000000001,-0.07357728927892027,0.06803008168935776,0.20245659351348877,0.49886056780815125,0.06803008168935776,0.2885103850570407,2,0,0,0,0.5455426573753357,1.1960296630859375,17.556745529174805
96,4.8500000000000005,-0.08690128424844062,0.06677933782339096,0.20271116495132446,0.49352213740348816,0.06677933782339096,0.2876837525173278,2,0,0,0,0.5403510332107544,1.1634670495986938,19.36687469482422
97,4.9,-0.10676673455967306,0.06708154827356339,0.2040114551782608,0.48864004015922546,0.06708154827356339,0.2866271142207137,2,0,0,0,0.5144067406654358,1.0961878299713135,16.68669319152832
98,4.95,-0.13093102358943043,0.07183808088302612,0.2065313309431076,0.4841597378253937,0.07183808088302612,0.2857089090372652,2,0,0,0,0.46548256278038025,1.6213527917861938,16.351797103881836
99,5.0,-0.15798559069146742,0.07955184578895569,0.2103751003742218,0.48011353611946106,0.07955184578895569,0.2850318725124318,2,0,0,0,0.43784859776496887,1.680402398109436,13.225573539733887
100,5.050000000000001,-0.18254557107128067,0.0806785523891449,0.2153533548116684,0.4766019880771637,0.0806785523891449,0.2846534340708644,2,0,0,0,0.4427335262298584,1.3522439002990723,16.572935104370117
101,5.1000000000000005,-0.1996562909552927,0.07523665577173233,0.22101230919361115,0.4736882746219635,0.07523665577173233,0.2844633266804133,2,0,0,0,0.4649951457977295,1.0110907554626465,20.135469436645508
102,5.15,-0.20844129160816594,0.07163280248641968,0.22686682641506195,0.47135356068611145,0.07163280248641968,0.28425756344065156,2,0,0,0,0.4798775315284729,1.108457326889038,12.205581665039062
103,5.2,-0.21894887804742239,0.07372602075338364,0.2329919934272766,0.4694904386997223,0.07372602075338364,0.28390015345135383,2,0,0,0,0.4829537868499756,1.1195259094238281,15.843313217163086
104,5.25,-0.23349720513071717,0.07721901684999466,0.23957930505275726,0.4680902063846588,0.07721901684999466,0.2834573712824924,2,0,0,0,0.4980272948741913,1.1362615823745728,8.021126747131348
105,5.300000000000001,-0.2507081127907236,0.07649142295122147,0.2467329055070877,0.467223197221756,0.07649142295122147,0.282997757209091,2,0,0,0,0.5347490906715393,1.3749592304229736,12.172446250915527
106,5.3500000000000005,-0.2476594206508941,0.08046631515026093,0.253339558839798,0.4669424593448639,0.08046631515026093,0.28246385018790676,2,0,0,0,0.5744355320930481,1.943698763847351,25.28997802734375
107,5.4,-0.23213584727135184,0.08916515111923218,0.258774995803833,0.4670747220516205,0.08916515111923218,0.28172344120799453,2,0,0,0,0.5976211428642273,1.920898199081421,30.209440231323242
108,5.45,-0.22168778214296603,0.0929851233959198,0.26336750388145447,0.4626474976539612,0.0929851233959198,0.2808322236088452,5,0,0,0,0.6154876947402954,1.725550651550293,25.766233444213867
109,5.5,-0.21091589683710935,0.10407602787017822,0.2671349048614502,0.4569627046585083,0.10407602787017822,0.27982546988015594,5,0,0,0,0.6179527640342712,1.950805902481079,16.510726928710938
110,5.550000000000001,-0.19607241018187807,0.12429078668355942,0.2699173092842102,0.450369656085968,0.12429078668355942,0.27890533349644275,5,0,0,0,0.6008819341659546,1.6686007976531982,19.15825080871582
111,5.6000000000000005,-0.17895528842305516,0.1415083259344101,0.2716512978076935,0.44310462474823,0.1415083259344101,0.27830240715581855,5,0,0,0,0.5901601910591125,1.2435424327850342,13.327729225158691
112,5.65,-0.16013635683365926,0.15946343541145325,0.27229824662208557,0.43511855602264404,0.15946343541145325,0.2780491107446274,5,0,0,0,0.5804661512374878,1.4092833995819092,7.588969707489014
113,5.7,-0.13517593085993107,0.18120382726192474,0.27159324288368225,0.4261993169784546,0.18120382726192474,0.27818926837497876,5,0,0,0,0.5574584007263184,1.8445026874542236,12.471699714660645
114,5.75,-0.11085302959771524,0.20254816114902496,0.269636869430542,0.41635096073150635,0.20254816114902496,0.2788239909000432,5,0,0,0,0.5337157249450684,2.5684025287628174,21.52700424194336
115,5.800000000000001,-0.11211325228744755,0.22476540505886078,0.26783043146133423,0.4053065776824951,0.22476540505886078,0.2801000915837627,5,0,0,0,0.5330232381820679,3.410066843032837,33.96044921875
116,5.8500000000000005,-0.1284728267162655,0.25754842162132263,0.2669607102870941,0.3920629322528839,0.25754842162132263,0.28234700156484094,4,0,0,0,0.6040819883346558,3.989694118499756,22.19565773010254
117,5.9,-0.14874205777427513,0.2997026741504669,0.26721248030662537,0.3749026358127594,0.2997026741504669,0.28620186777850415,4,0,0,0,0.7070165872573853,3.748570680618286,16.53391456604004
118,5.95,-0.15961807758509572,0.3453446924686432,0.26803258061408997,0.35537266731262207,0.3453446924686432,0.29244524684711554,4,0,0,0,0.7927320003509521,3.425410032272339,38.23728561401367
119,6.0,-0.11908154449558424,0.3834356963634491,0.2666897773742676,0.3342984616756439,0.3834356963634491,0.301674063407367,4,0,0,0,0.8446415662765503,3.1703755855560303,50.79459762573242
120,6.050000000000001,-0.04292123963197611,0.41249382495880127,0.26138216257095337,0.3127270042896271,0.41249382495880127,0.31366864677448203,4,0,0,0,0.8542290329933167,4.262670516967773,47.45827865600586
121,6.1000000000000005,0.04743691328782887,0.4248543381690979,0.2516099810600281,0.2923743426799774,0.4248543381690979,0.3273508624008048,4,0,0,0,0.8567106127738953,4.297893047332764,33.80857849121094
122,6.15,0.13232798026995835,0.40889525413513184,0.23776377737522125,0.2755085229873657,0.40889525413513184,0.3405987644058912,4,0,0,0,0.8213866353034973,6.197142601013184,81.86079406738281
123,6.2,0.2031833293388192,0.34565088152885437,0.22085195779800415,0.26418745517730713,0.34565088152885437,0.3495923881448775,4,0,0,0,0.8819884061813354,6.06485652923584,37.118988037109375
124,6.25,0.2367320825581657,0.18270635604858398,0.20306792855262756,0.259917676448822,0.18270635604858398,0.3486211344828687,4,0,0,0,0.9169346690177917,3.01210355758667,70.46589660644531
125,6.300000000000001,0.16829744877477507,0.16366489231586456,0.18951432406902313,0.2654980421066284,0.16366489231586456,0.33256183893862257,4,0,0,0,0.8042083382606506,6.193604946136475,138.02346801757812
126,6.3500000000000005,0.14652449330950618,0.15033648908138275,0.17783081531524658,0.2767646312713623,0.15033648908138275,0.3136729552232199,4,0,0,0,0.8421550989151001,2.304487943649292,103.1006088256836
127,6.4,0.1358327411401688,0.13455608487129211,0.16716477274894714,0.29163458943367004,0.13455608487129211,0.29473477954961697,4,0,0,0,0.8882012367248535,1.6367729902267456,53.376983642578125
128,6.45,0.10778347524768461,0.1177440658211708,0.15838034451007843,0.30980944633483887,0.1177440658211708,0.27722803677299324,4,0,0,0,0.9127018451690674,1.2944728136062622,18.647724151611328
129,6.5,0.059349379484764014,0.10097382217645645,0.15249554812908173,0.3311786949634552,0.10097382217645645,0.26017851169017175,4,0,0,0,0.9199618697166443,0.819579005241394,14.308330535888672
130,6.550000000000001,-0.004639118894215528,0.08525750786066055,0.15024250745773315,0.35538384318351746,0.08525750786066055,0.24341958178147008,4,0,0,0,0.9122831225395203,0.6944701671600342,9.347076416015625
131,6.6000000000000005,-0.07537219506912635,0.07135090976953506,0.15186375379562378,0.38182520866394043,0.07135090976953506,0.2272453387959659,4,0,0,0,0.8911592364311218,0.8035020232200623,6.824989318847656
132,6.65,-0.13801375735065854,0.05970722436904907,0.15679499506950378,0.40956541895866394,0.05970722436904907,0.21212649081451854,4,0,0,0,0.8535377383232117,0.9059440493583679,10.871991157531738
133,6.7,-0.17869819388630986,0.050457630306482315,0.16373437643051147,0.43733635544776917,0.050457630306482315,0.19852190717639423,4,0,0,0,0.800453782081604,1.3093408346176147,11.595879554748535
134,6.75,-0.1868482743129377,0.043504949659109116,0.17084987461566925,0.4634750187397003,0.043504949659109116,0.1867579817051603,4,0,0,0,0.7378371953964233,1.974709391593933,15.209375381469727
135,6.800000000000001,-0.16298246026435387,0.03850790858268738,0.17640778422355652,0.48654690384864807,0.03850790858268738,0.17699271609037598,4,0,0,0,0.6812742352485657,2.6470258235931396,16.00166130065918
136,6.8500000000000005,-0.1150703600707955,0.03506842628121376,0.17918075621128082,0.5054739117622375,0.03506842628121376,0.16918804206241855,4,0,0,0,0.6231949925422668,3.0746991634368896,14.266070365905762
137,6.9,-0.05685697590498769,0.032815203070640564,0.17872509360313416,0.5197172164916992,0.032815203070640564,0.16316613253627035,4,0,0,0,0.5417099595069885,3.425762176513672,25.833192825317383
138,6.95,0.0019539814422144097,0.03144635260105133,0.17513133585453033,0.5292753577232361,0.03144635260105133,0.15867573191726492,4,0,0,0,0.4572683572769165,3.7305338382720947,22.81002426147461
139,7.0,0.04908201186623385,0.030658749863505363,0.16915158927440643,0.535140872001648,0.030658749863505363,0.1554485524297016,4,0,0,0,0.4152941405773163,3.645416498184204,25.158945083618164
140,7.050000000000001,0.08018877034255295,0.03015276789665222,0.16174955666065216,0.5390661954879761,0.03015276789665222,0.15320560473801237,4,0,0,0,0.44326338171958923,2.6869659423828125,30.70542335510254
141,7.1000000000000005,0.0843459148959492,0.029572924599051476,0.15438641607761383,0.5437282919883728,0.029572924599051476,0.15166284047723735,4,0,0,0,0.49371322989463806,2.280974864959717,55.14887237548828
142,7.15,0.06614480094230196,0.21274259686470032,0.1482311189174652,0.5294238924980164,0.21274259686470032,0.15051142959690644,4,0,0,0,0.5498819947242737,2.656348466873169,31.96985626220703
143,7.2,-0.014660339793483121,0.1333029419183731,0.14654822647571564,0.518570065498352,0.1333029419183731,0.19445594041881892,4,0,0,0,0.48683467507362366,4.471731185913086,79.40013122558594
144,7.25,-0.10450109235619537,0.10764651000499725,0.14976118505001068,0.5152521729469299,0.10764651000499725,0.2208228789727167,4,0,0,0,0.5017263293266296,4.2555999755859375,25.75563621520996
145,7.300000000000001,-0.18398005756269534,0.10724383592605591,0.15707716345787048,0.5174757242202759,0.10724383592605591,0.2355803315019772,4,0,0,0,0.4547414779663086,5.427684307098389,86.33631134033203
146,7.3500000000000005,-0.24242051452597999,0.10676971077919006,0.1673314869403839,0.5225268006324768,0.10676971077919006,0.24236284280873333,4,0,0,0,0.5069752335548401,4.293063163757324,35.57283401489258
147,7.4,-0.2558373543357857,0.10621655732393265,0.17795968055725098,0.5266188383102417,0.10621655732393265,0.24392265318864778,4,0,0,0,0.5580554008483887,3.4504685401916504,40.53461456298828
148,7.45,-0.22116908333151586,0.10557615756988525,0.1863320916891098,0.5271857380867004,0.10557615756988525,0.24251983117481588,4,0,0,0,0.5897327065467834,3.203726291656494,38.161712646484375
149,7.5,-0.14686612321292872,0.10483954101800919,0.19040171802043915,0.5226656794548035,0.10483954101800919,0.23969815793486743,4,0,0,0,0.5857874751091003,3.3274927139282227,40.0573844909668
150,7.550000000000001,-0.062172359765642185,0.12162655591964722,0.18978151679039001,0.5132458806037903,0.12162655591964722,0.23640541130017623,4,0,0,0,0.5825541019439697,3.608231782913208,34.637638092041016
151,7.6000000000000005,-0.016137708502451532,0.1348835974931717,0.18674412369728088,0.5019753575325012,0.1348835974931717,0.23300997213747932,4,0,0,0,0.568906843662262,3.2619760036468506,56.318180084228516
152,7.65,0.011799727359441974,0.14813470840454102,0.18234536051750183,0.49007323384284973,0.14813470840454102,0.23064263413087627,4,0,0,0,0.5639734864234924,2.9636950492858887,19.85393524169922
153,7.7,0.02375030146768694,0.14758546650409698,0.17748886346817017,0.47853538393974304,0.14758546650409698,0.22883489292702736,4,0,0,0,0.5847075581550598,2.5730373859405518,11.900036811828613
154,7.75,0.02524777076198511,0.13905636966228485,0.1727471649646759,0.4678894579410553,0.13905636966228485,0.22727973923191425,4,0,0,0,0.6312048435211182,2.0485026836395264,14.906634330749512
155,7.800000000000001,0.018995519183813182,0.12250693142414093,0.16852600872516632,0.4586063325405121,0.12250693142414093,0.2257836212224066,4,0,0,0,0.6763375401496887,1.3537425994873047,15.673807144165039
156,7.8500000000000005,0.0065666082603574516,0.10326041281223297,0.16512762010097504,0.45114240050315857,0.10326041281223297,0.22422606536783576,4,0,0,0,0.7027779817581177,0.8374075293540955,18.550899505615234
157,7.9,-0.016760419544702927,0.0983981266617775,0.16309380531311035,0.44630029797554016,0.0983981266617775,0.22253017824314714,4,0,0,0,0.708355188369751,1.3034839630126953,20.987173080444336
158,7.95,-0.04006155114007498,0.09566214680671692,0.1623665690422058,0.4443393647670746,0.09566214680671692,0.2206440889920156,4,0,0,0,0.7035167217254639,2.0639731884002686,20.14652442932129
159,8.0,-0.053047840270468515,0.09439203888177872,0.16235940158367157,0.4443947374820709,0.09439203888177872,0.21853579617055421,4,0,0,0,0.6775286197662354,2.1347222328186035,26.563631057739258
160,8.05,-0.048643644879640534,0.0948524996638298,0.16210639476776123,0.44519850611686707,0.0948524996638298,0.2161958657692601,4,0,0,0,0.6374931335449219,2.531404972076416,24.278989791870117
161,8.1,-0.02711569383740425,0.09790016710758209,0.16070556640625,0.44565078616142273,0.09790016710758209,0.21362275646074988,4,0,0,0,0.6049648523330688,2.6039319038391113,13.431171417236328
162,8.15,0.004995024037415288,0.1020122617483139,0.15763692557811737,0.44510194659233093,0.1020122617483139,0.210804520562953,4,0,0,0,0.5803114175796509,2.3274667263031006,16.080856323242188
163,8.200000000000001,0.05167798639793416,0.10851076245307922,0.15215958654880524,0.4426528513431549,0.10851076245307922,0.20771669803996856,4,0,0,0,0.5648269653320312,2.4678666591644287,19.62299919128418
164,8.25,0.09322668544586873,0.11099821329116821,0.1446232944726944,0.43755125999450684,0.11099821329116821,0.20432581594947957,5,0,0,0,0.5611631870269775,2.4388058185577393,32.661617279052734
165,8.3,0.12411328895329853,0.11393523961305618,0.13564851880073547,0.43087631464004517,0.11393523961305618,0.20059760001121352,5,0,0,0,0.5781290531158447,2.51322865486145,19.241302490234375
166,8.35,0.14041246139789051,0.12031775712966919,0.12605242431163788,0.42411524057388306,0.12031775712966919,0.19659354233832194,5,0,0,0,0.6113665103912354,2.321232557296753,11.125064849853516
167,8.4,0.14191449054982336,0.12097117304801941,0.11663755029439926,0.41803163290023804,0.12097117304801941,0.1934821650431019,5,0,0,0,0.6526358127593994,1.8563551902770996,15.474273681640625
168,8.450000000000001,0.12895207094968528,0.11479467153549194,0.10816258192062378,0.4131940007209778,0.11479467153549194,0.19084399773948163,5,0,0,0,0.6872316002845764,1.4109270572662354,25.34016227722168
169,8.5,0.10067660424549388,0.09809739887714386,0.10141859203577042,0.41031521558761597,0.09809739887714386,0.18842754384441834,5,0,0,0,0.7067537307739258,1.1989665031433105,23.145044326782227
170,8.55,0.07234140300788042,0.08559133857488632,0.09635093063116074,0.4098443388938904,0.08559133857488632,0.18608059426484702,5,0,0,0,0.7075005173683167,1.7592573165893555,19.978702545166016
171,8.6,0.05061731414811749,0.07699746638536453,0.09256624430418015,0.4119979739189148,0.07699746638536453,0.1837100642343652,5,0,0,0,0.7011057138442993,1.9235917329788208,13.11233139038086
172,8.65,0.029711115571991496,0.07308612763881683,0.09000082314014435,0.41671061515808105,0.07308612763881683,0.1812491075647051,5,0,0,0,0.7066130042076111,1.6314687728881836,13.917974472045898
173,8.700000000000001,0.0057122110527299515,0.06888777017593384,0.08879534900188446,0.42388421297073364,0.06888777017593384,0.17898787815087092,5,0,0,0,0.7162125706672668,1.4734159708023071,9.656014442443848
174,8.75,-0.01518568747037158,0.06439908593893051,0.08875588327646255,0.4299006462097168,0.06439908593893051,0.17667812646655073,3,0,0,0,0.7174798846244812,1.1868314743041992,9.365883827209473
175,8.8,-0.03441919275447676,0.06016526743769646,0.08976788818836212,0.43150317668914795,0.06016526743769646,0.17453576756255523,3,0,0,0,0.7106631994247437,0.9303593039512634,11.405913352966309
176,8.85,-0.05357173765603904,0.05503392964601517,0.09180337190628052,0.43406856060028076,0.05503392964601517,0.17305516447267946,3,0,0,0,0.6901508569717407,0.8792755603790283,7.89397668838501
177,8.9,-0.0785554620903129,0.05139512941241264,0.09515510499477386,0.43421033024787903,0.05139512941241264,0.17185971517746856,2,0,0,0,0.6474060416221619,1.0736781358718872,17.271207809448242
178,8.950000000000001,-0.11075060324761693,0.05104583501815796,0.10016977787017822,0.4353655278682709,0.05104583501815796,0.1711256661577138,2,0,0,0,0.5754271149635315,2.0457825660705566,23.39942741394043
179,9.0,-0.1435695902304724,0.0503154955804348,0.10683441162109375,0.4378174841403961,0.0503154955804348,0.17054924479503109,2,0,0,0,0.49763864278793335,2.7910566329956055,15.267594337463379
180,9.05,-0.16991373049507302,0.049254804849624634,0.11477106809616089,0.4414701759815216,0.049254804849624634,0.16991904648966794,2,0,0,0,0.4495598375797272,2.66292667388916,5.051644802093506
181,9.1,-0.17536141461707416,0.047936324030160904,0.12280118465423584,0.4461713135242462,0.047936324030160904,0.16912796524858795,2,0,0,0,0.42450374364852905,2.5672059059143066,12.285042762756348
182,9.15,-0.1646263297164481,0.04645773023366928,0.13003762066364288,0.45167216658592224,0.04645773023366928,0.1681399879715621,2,0,0,0,0.4290686547756195,2.3471601009368896,12.240382194519043
183,9.200000000000001,-0.145489901457238,0.04488426819443703,0.1360398232936859,0.45781686902046204,0.04488426819443703,0.1669715357539125,2,0,0,0,0.45379531383514404,2.0894665718078613,9.969883918762207
184,9.25,-0.12453841521041385,0.043249648064374924,0.1407298892736435,0.4645521938800812,0.043249648064374924,0.16565786320271497,2,0,0,0,0.5063177943229675,2.252607583999634,10.629654884338379
185,9.3,-0.10001482740142542,0.04160294309258461,0.14395233988761902,0.47174254059791565,0.04160294309258461,0.1642332475680256,2,0,0,0,0.5798847675323486,2.379420042037964,7.369235992431641
186,9.35,-0.07963529743183757,0.03996913507580757,0.1459823101758957,0.47932949662208557,0.03996913507580757,0.1627373610515283,2,0,0,0,0.6623984575271606,2.1775271892547607,5.319450378417969
187,9.4,-0.054940858696311656,0.03839901462197304,0.1466248780488968,0.48710253834724426,0.03839901462197304,0.16120373322043138,2,0,0,0,0.7375048995018005,1.941461443901062,13.567614555358887
188,9.450000000000001,-0.024940332539893077,0.03691437095403671,0.1456347405910492,0.49494656920433044,0.03691437095403671,0.159672256291747,2,0,0,0,0.8012894988059998,1.854323148727417,10.887627601623535
189,9.5,0.00669150611037793,0.03551400452852249,0.14297419786453247,0.5028469562530518,0.03551400452852249,0.1581753488664865,2,0,0,0,0.856555163860321,1.7748814821243286,7.019871711730957
190,9.55,0.03508210851808571,0.03419176861643791,0.1388670802116394,0.5108164548873901,0.03419176861643791,0.15673199508299665,2,0,0,0,0.9070185422897339,1.666965126991272,4.9866509437561035
191,9.600000000000001,0.055943777233808716,0.03293812274932861,0.13375936448574066,0.5188950300216675,0.03293812274932861,0.1553511922977978,2,0,0,0,0.9501664042472839,1.4559212923049927,5.995760917663574
192,9.65,0.0652467998515214,0.031744133681058884,0.12829765677452087,0.5271303057670593,0.031744133681058884,0.15403462450241728,2,0,0,0,0.9818047285079956,1.1973365545272827,11.274149894714355
193,9.700000000000001,0.062496940855096626,0.030603010207414627,0.12313438206911087,0.535567045211792,0.030603010207414627,0.15277982408127597,2,0,0,0,1.0023137331008911,1.0855954885482788,8.176963806152344
194,9.75,0.05130968976077838,0.029511012136936188,0.11871123313903809,0.544236958026886,0.029511012136936188,0.15158266642285234,2,0,0,0,1.0111896991729736,1.105790376663208,7.137995719909668
195,9.8,0.03547808631313696,0.028465747833251953,0.11525779217481613,0.5531671643257141,0.028465747833251953,0.15043922057902523,2,0,0,0,1.0130589008331299,1.073003888130188,4.951565742492676
196,9.850000000000001,0.015982654988661534,0.02746553160250187,0.11294732987880707,0.5623835325241089,0.02746553160250187,0.14934619683716122,2,0,0,0,1.0111080408096313,0.9563874006271362,6.593260765075684
197,9.9,-0.007091756471157442,0.026509761810302734,0.11194385588169098,0.5719053745269775,0.026509761810302734,0.14830096507287077,2,0,0,0,1.004726767539978,0.9562148451805115,7.581719875335693
198,9.950000000000001,-0.03427206070064658,0.025598155334591866,0.11243690550327301,0.5817502737045288,0.025598155334591866,0.14730171297520034,2,0,0,0,0.9907867908477783,1.063259482383728,6.819639682769775
199,10.0,-0.06445233618564512,0.024730555713176727,0.11455189436674118,0.5919352769851685,0.024730555713176727,0.1463472429287213,2,0,0,0,0.9684305191040039,1.1758556365966797,6.335721015930176
200,10.05,-0.095492293232802,0.023906849324703217,0.1182931661605835,0.602476954460144,0.023906849324703217,0.14543677544822958,2,0,0,0,0.9384922981262207,1.276145100593567,7.266634941101074
201,10.100000000000001,-0.12402928886068681,0.02312779240310192,0.12347929179668427,0.6133788228034973,0.02312779240310192,0.1445697986060222,2,0,0,0,0.9014142155647278,1.3592512607574463,6.75644588470459
202,10.15,-0.1475930410109389,0.022394996136426926,0.12979771196842194,0.6246244311332703,0.022394996136426926,0.14374629967255434,2,0,0,0,0.860385537147522,1.2906814813613892,7.66912841796875
203,10.200000000000001,-0.16494849447894525,0.021709688007831573,0.1368698626756668,0.6361896395683289,0.021709688007831573,0.1429668982993148,2,0,0,0,0.81134033203125,1.3530082702636719,7.988879203796387
204,10.25,-0.17506939617089431,0.02107211761176586,0.14427079260349274,0.6480522751808167,0.02107211761176586,0.14223244417730463,2,0,0,0,0.7525416612625122,1.4984467029571533,5.593778610229492
205,10.3,-0.179826654239979,0.020481662824749947,0.151689812541008,0.660193681716919,0.020481662824749947,0.14154354429656363,2,0,0,0,0.6885002255439758,1.6269508600234985,3.952136278152466
206,10.350000000000001,-0.1827675358757199,0.019937163218855858,0.1590198278427124,0.6725954413414001,0.019937163218855858,0.1409003206377075,2,0,0,0,0.6327033638954163,1.5894941091537476,5.246870040893555
207,10.4,-0.18204016209878118,0.019436659291386604,0.16605466604232788,0.6852493286132812,0.019436659291386604,0.14030239459583238,2,0,0,0,0.5751549601554871,1.6271761655807495,4.021952152252197
208,10.450000000000001,-0.17685782581780388,0.018977908417582512,0.17255502939224243,0.6981505155563354,0.018977908417582512,0.13974877610827927,2,0,0,0,0.5136855244636536,1.7343851327896118,5.457874298095703
209,10.5,-0.1672174414294331,0.018558338284492493,0.17829503118991852,0.711302638053894,0.018558338284492493,0.1392379980088797,2,0,0,0,0.45241719484329224,1.7865407466888428,6.809696197509766
210,10.55,-0.15434207806756953,0.01817542500793934,0.18312373757362366,0.7247099876403809,0.01817542500793934,0.1387681785107569,2,0,0,0,0.3983646631240845,1.8888002634048462,4.420290946960449
211,10.600000000000001,-0.1418429283902347,0.017827270552515984,0.1870986670255661,0.7383544445037842,0.017827270552515984,0.13833720590954518,2,0,0,0,0.362119197845459,1.6804043054580688,6.305150508880615
212,10.65,-0.13480097589914408,0.01751841977238655,0.19054663181304932,0.7519113421440125,0.01751841977238655,0.13794307421417334,0,0,0,0,0.3392206132411957,1.102596640586853,17.01955795288086
213,10.700000000000001,-0.1310860948707159,0.017243877053260803,0.19365835189819336,0.7653999328613281,0.017243877053260803,0.13758634929321983,0,0,0,0,0.3178029954433441,0.8247352242469788,12.150289535522461
214,10.75,-0.12627350569127885,0.01699528656899929,0.19638538360595703,0.779076874256134,0.01699528656899929,0.13726542570866812,0,0,0,0,0.2956612706184387,0.7245491743087769,7.914306640625
215,10.8,-0.11950338914677673,0.01677071861922741,0.19863665103912354,0.7929339408874512,0.01677071861922741,0.1369760869960646,0,0,0,0,0.2769641578197479,0.8218094110488892,4.592100620269775
216,10.850000000000001,-0.11169417082920846,0.15121309459209442,0.20037581026554108,0.7899829745292664,0.15121309459209442,0.13671505198005796,0,0,0,0,0.26825618743896484,0.9400748610496521,3.4788126945495605
217,10.9,-0.06076728928629116,0.13391514122486115,0.19920292496681213,0.7761725187301636,0.13391514122486115,0.18617972086940582,0,0,0,0,0.19356083869934082,5.015589714050293,93.63801574707031
218,10.950000000000001,-0.016271747243943722,0.12131384015083313,0.19572284817695618,0.7625442147254944,0.12131384015083313,0.2164257366919977,0,0,0,0,0.34711331129074097,4.794020175933838,35.224090576171875
219,11.0,0.007384336611714559,0.11106789112091064,0.19116216897964478,0.7491062879562378,0.11106789112091064,0.23494652307815128,0,0,0,0,0.49970540404319763,4.0273308753967285,46.563819885253906
220,11.05,0.011097729256682384,0.1104065552353859,0.1866188645362854,0.7358675003051758,0.1104065552353859,0.24628061872792306,0,0,0,0,0.5931940078735352,3.2071008682250977,42.246009826660156
221,11.100000000000001,0.008041593052753324,0.11011999845504761,0.18243293464183807,0.722763180732727,0.11011999845504761,0.2532205562317693,2,0,0,0,0.6514618396759033,2.723221778869629,25.808982849121094
222,11.15,0.010397203339258122,0.10996826738119125,0.17829276621341705,0.709571361541748,0.10996826738119125,0.2575074355120057,2,0,0,0,0.679673433303833,2.343517303466797,25.38701629638672
223,11.200000000000001,0.01861222534109828,0.10967002809047699,0.17388182878494263,0.6965923309326172,0.10967002809047699,0.2602212941834089,2,0,0,0,0.6896841526031494,1.7744508981704712,23.74456024169922
224,11.25,0.021976635685932708,0.10949281603097916,0.16945552825927734,0.6838142275810242,0.10949281603097916,0.2620020907037709,2,0,0,0,0.6579148769378662,1.6322427988052368,27.926685333251953
225,11.3,0.025552294266773787,0.10926302522420883,0.16499873995780945,0.6712432503700256,0.10926302522420883,0.2632722468125773,2,0,0,0,0.6219488382339478,1.4856876134872437,11.550691604614258
226,11.350000000000001,0.0290349455508067,0.10885228961706161,0.16051411628723145,0.6588959097862244,0.10885228961706161,0.26429304760384276,2,0,0,0,0.6022147536277771,1.259831190109253,11.166335105895996
227,11.4,0.032086696488720395,0.10818476974964142,0.1560162603855133,0.6467952728271484,0.10818476974964142,0.2652052229346099,2,0,0,0,0.6015138030052185,1.3876696825027466,10.502366065979004
228,11.450000000000001,0.03198398662845754,0.10739120841026306,0.15167030692100525,0.6349509954452515,0.10739120841026306,0.2660719365498183,2,0,0,0,0.603877067565918,1.5343132019042969,9.098689079284668
229,11.5,0.026626328536785593,0.10636313259601593,0.14775735139846802,0.6233809590339661,0.10636313259601593,0.2669237187676087,2,0,0,0,0.6028693318367004,1.193319320678711,12.413616180419922
230,11.55,0.019176548737927703,0.10516534000635147,0.14437133073806763,0.6120976209640503,0.10516534000635147,0.2677667277955485,2,0,0,0,0.6048330068588257,0.9255315661430359,8.737878799438477
231,11.600000000000001,0.014272323675202312,0.10380060970783234,0.1413566917181015,0.601114809513092,0.10380060970783234,0.2685893251441005,2,0,0,0,0.6171378493309021,0.5267836451530457,10.583946228027344
232,11.65,0.010616257222160854,0.10224319249391556,0.13863059878349304,0.5904479026794434,0.10224319249391556,0.26936842850498854,2,0,0,0,0.633918285369873,0.40656810998916626,7.111834526062012
233,11.700000000000001,0.006560241210546494,0.10050308704376221,0.13620391488075256,0.580110490322113,0.10050308704376221,0.27007471584271886,2,0,0,0,0.6524767875671387,0.41299131512641907,5.136446952819824
234,11.75,0.0003429221653855841,0.0987078845500946,0.13418282568454742,0.5701054930686951,0.0987078845500946,0.27069044889802635,2,0,0,0,0.6687893271446228,0.5159646272659302,7.952733039855957
235,11.8,-0.006490760026114302,0.09699324518442154,0.1325877606868744,0.5604260563850403,0.09699324518442154,0.2712220817911321,2,0,0,0,0.6809337139129639,0.6549916863441467,5.916517734527588
236,11.850000000000001,-0.014432494107059615,0.09530878067016602,0.131466343998909,0.5510678887367249,0.09530878067016602,0.2717078087791419,2,0,0,0,0.6824924945831299,0.715508759021759,5.8130927085876465
237,11.9,-0.02394274170962035,0.09335912019014359,0.1308906078338623,0.5420461893081665,0.09335912019014359,0.27219906088101564,2,0,0,0,0.6730952262878418,0.6425747871398926,6.911603927612305
238,11.950000000000001,-0.035819058089198566,0.09085045754909515,0.13097280263900757,0.5333949327468872,0.09085045754909515,0.2727139739774924,2,0,0,0,0.6574024558067322,0.563928484916687,7.968952655792236
239,12.0,-0.04648607439258853,0.08796508610248566,0.131628155708313,0.5251345634460449,0.08796508610248566,0.2732263927012639,2,0,0,0,0.6453087329864502,0.6146250367164612,8.708914756774902
