step,time,reward,cost,goal_error_norm,d_min,risk_global,beta,closest_link,safety_violation,collision,collision_any,collision_capsule_overlap,collision_pybullet_contact,termination_collision,termination_reason,unavoidable_collision,avoidable_collision,collision_avoidability_reason,safe_stop_infeasible_first_step,safe_stop_infeasible_last_step,safe_stop_h_drift_mps,safe_stop_drift_class,collision_contact_link_indices,collision_contact_link_names,collision_min_contact_distance,success,qdot_norm,acc_norm,jerk_norm,qdot_requested_norm,qdot_policy_norm,residual_control_enabled,residual_control_mode,residual_control_base_qdot_norm,residual_qdot_norm,risk_speed_scale,risk_speed_h_min_m,recovery_active,recovery_triggered,recovery_success,recovery_initially_unsafe,recovery_initial_h_min_m,recovery_command_norm,safety_filter_status,safety_filter_reason,safety_filter_intervention_norm,safety_filter_safe_stop,safety_filter_active_constraints,safety_filter_constraint_count,safety_filter_active_constraint_categories,safety_filter_max_constraint_category,safety_filter_infeasible_constraint_categories,safety_filter_infeasibility_diagnostic_status,safety_filter_projection_iterations,safety_filter_fallback_used,safety_filter_qp_solver_used,safety_filter_qp_solver_status,safety_filter_fallback_stage,safety_filter_max_constraint_violation,predictive_risk_status,predictive_h_min_m,predictive_max_link_speed_bound_mps,predictive_link_velocity_norms_mps,predictive_h_by_link_m,predictive_distance_by_link_m,predictive_robust_distance_by_link_m,predictive_time_by_link_s,safety_jacobian_command_by_link_mps,safety_drift_by_link_mps,safety_constraint_residual_by_link_mps,filter_obstacle_position_m,filter_obstacle_velocity_mps,safety_filter_solve_time_s,safety_filter_predictive_risk_time_s,safety_filter_jacobian_workspace_time_s,safety_filter_projection_time_s
0,0.05,-0.6864327871163834,0.2591252624988556,0.5529555082321167,0.20599980652332306,0.2591252624988556,0.35,2,0,0,0,0,0,0,,0,0,,-1,-1,nan,not_applicable,,,nan,0,0.6963385343551636,13.926770210266113,278.535400390625,0.6963385343551636,1.9895386695861816,0,disabled,0.0,0.0,1.0,nan,0,0,0,0,nan,0.0,not_enabled,,nan,0,0,0,,,,,0,0,0,,,nan,not_enabled,nan,nan,,,,,,,,,,,nan,nan,nan,nan
1,0.1,-0.45286862408651163,0.2328989952802658,0.5331925749778748,0.219634011387825,0.2328989952802658,0.35,2,0,0,0,0,0,0,,0,0,,-1,-1,nan,not_applicable,,,nan,0,1.1052863597869873,8.434324264526367,128.87570190429688,1.1052863597869873,1.8797903060913086,0,disabled,0.0,0.0,1.0,nan,0,0,0,0,nan,0.0,not_enabled,,nan,0,0,0,,,,,0,0,0,,,nan,not_enabled,nan,nan,,,,,,,,,,,nan,nan,nan,nan
2,0.15000000000000002,-0.27577381273631546,0.20322921872138977,0.5083651542663574,0.2371930032968521,0.20322921872138977,0.35,3,0,0,0,0,0,0,,0,0,,-1,-1,nan,not_applicable,,,nan,0,1.3370091915130615,5.067451477050781,81.88626861572266,1.3370091915130615,1.7830473184585571,0,disabled,0.0,0.0,1.0,nan,0,0,0,0,nan,0.0,not_enabled,,nan,0,0,0,,,,,0,0,0,,,nan,not_enabled,nan,nan,,,,,,,,,,,nan,nan,nan,nan
3,0.2,-0.14423175490230278,0.17479336261749268,0.48088979721069336,0.25683921575546265,0.17479336261749268,0.35,3,0,0,0,0,0,0,,0,0,,-1,-1,nan,not_applicable,,,nan,0,1.4603817462921143,3.8533427715301514,70.03125,1.4603817462921143,1.723549246788025,0,disabled,0.0,0.0,1.0,nan,0,0,0,0,nan,0.0,not_enabled,,nan,0,0,0,,,,,0,0,0,,,nan,not_enabled,nan,nan,,,,,,,,,,,nan,nan,nan,nan
4,0.25,-0.05523469500769351,0.14588101208209991,0.4529280662536621,0.28077977895736694,0.14588101208209991,0.35,4,0,0,0,0,0,0,,0,0,,-1,-1,nan,not_applicable,,,nan,0,1.454518437385559,4.875627040863037,112.8437728881836,1.454518437385559,1.5489423274993896,0,disabled,0.0,0.0,1.0,nan,0,0,0,0,nan,0.0,not_enabled,,nan,0,0,0,,,,,0,0,0,,,nan,not_enabled,nan,nan,,,,,,,,,,,nan,nan,nan,nan
5,0.30000000000000004,0.02717112279425854,0.12037873268127441,0.42454788088798523,0.30677294731140137,0.12037873268127441,0.35,4,0,0,0,0,0,0,,0,0,,-1,-1,nan,not_applicable,,,nan,0,1.4440346956253052,5.302522659301758,61.738365173339844,1.4440346956253052,1.5497677326202393,0,disabled,0.0,0.0,1.0,nan,0,0,0,0,nan,0.0,not_enabled,,nan,0,0,0,,,,,0,0,0,,,nan,not_enabled,nan,nan,,,,,,,,,,,nan,nan,nan,nan
6,0.35000000000000003,0.11158384849242795,0.09916087239980698,0.39536619186401367,0.33373430371284485,0.09916087239980698,0.35,2,0,0,0,0,0,0,,0,0,,-1,-1,nan,not_applicable,,,nan,0,1.4691495895385742,4.355261325836182,69.1174545288086,1.4691495895385742,1.595587134361267,0,disabled,0.0,0.0,1.0,nan,0,0,0,0,nan,0.0,not_enabled,,nan,0,0,0,,,,,0,0,0,,,nan,not_enabled,nan,nan,,,,,,,,,,,nan,nan,nan,nan
7,0.4,0.19101831203389447,0.08333063125610352,0.3652001917362213,0.3587178587913513,0.08333063125610352,0.35,2,0,0,0,0,0,0,,0,0,,-1,-1,nan,not_applicable,,,nan,0,1.5389622449874878,4.3551106452941895,51.26845169067383,1.5389622449874878,1.7349398136138916,0,disabled,0.0,0.0,1.0,nan,0,0,0,0,nan,0.0,not_enabled,,nan,0,0,0,,,,,0,0,0,,,nan,not_enabled,nan,nan,,,,,,,,,,,nan,nan,nan,nan
8,0.45,0.26105237073810367,0.07024762779474258,0.33428654074668884,0.3841952383518219,0.07024762779474258,0.35,2,0,0,0,0,0,0,,0,0,,-1,-1,nan,not_applicable,,,nan,0,1.6277949810028076,4.062925815582275,9.63129711151123,1.6277949810028076,1.8415014743804932,0,disabled,0.0,0.0,1.0,nan,0,0,0,0,nan,0.0,not_enabled,,nan,0,0,0,,,,,0,0,0,,,nan,not_enabled,nan,nan,,,,,,,,,,,nan,nan,nan,nan
9,0.5,0.3223419978212217,0.059557653963565826,0.30281755328178406,0.40996697545051575,0.059557653963565826,0.35,2,0,0,0,0,0,0,,0,0,,-1,-1,nan,not_applicable,,,nan,0,1.7178834676742554,3.3840529918670654,27.982240676879883,1.7178834676742554,1.9138422012329102,0,disabled,0.0,0.0,1.0,nan,0,0,0,0,nan,0.0,not_enabled,,nan,0,0,0,,,,,0,0,0,,,nan,not_enabled,nan,nan,,,,,,,,,,,nan,nan,nan,nan
10,0.55,0.3721878688874423,0.05092886835336685,0.27113717794418335,0.4357548654079437,0.05092886835336685,0.35,2,0,0,0,0,0,0,,0,0,,-1,-1,nan,not_applicable,,,nan,0,1.7518577575683594,0.9963950514793396,53.67250442504883,1.7518577575683594,1.8168929815292358,0,disabled,0.0,0.0,1.0,nan,0,0,0,0,nan,0.0,not_enabled,,nan,0,0,0,,,,,0,0,0,,,nan,not_enabled,nan,nan,,,,,,,,,,,nan,nan,nan,nan
11,0.6000000000000001,0.4148612516877726,0.04400551691651344,0.23926959931850433,0.4613906443119049,0.04400551691651344,0.35,2,0,0,0,0,0,0,,0,0,,-1,-1,nan,not_applicable,,,nan,0,1.746425747871399,1.5803934335708618,37.88970184326172,1.746425747871399,1.7458077669143677,0,disabled,0.0,0.0,1.0,nan,0,0,0,0,nan,0.0,not_enabled,,nan,0,0,0,,,,,0,0,0,,,nan,not_enabled,nan,nan,,,,,,,,,,,nan,nan,nan,nan
12,0.65,0.4533558695415988,0.03848176449537277,0.20711082220077515,0.4866800606250763,0.03848176449537277,0.35,2,0,0,0,0,0,0,,0,0,,-1,-1,nan,not_applicable,,,nan,0,1.7072679996490479,3.507946491241455,41.93149185180664,1.7072679996490479,1.6813225746154785,0,disabled,0.0,0.0,1.0,nan,0,0,0,0,nan,0.0,not_enabled,,nan,0,0,0,,,,,0,0,0,,,nan,not_enabled,nan,nan,,,,,,,,,,,nan,nan,nan,nan
13,0.7000000000000001,0.48396090756430976,0.03405192121863365,0.17481420934200287,0.511691153049469,0.03405192121863365,0.35,2,0,0,0,0,0,0,,0,0,,-1,-1,nan,not_applicable,,,nan,0,1.654370903968811,4.697006702423096,35.92168426513672,1.654370903968811,1.6429734230041504,0,disabled,0.0,0.0,1.0,nan,0,0,0,0,nan,0.0,not_enabled,,nan,0,0,0,,,,,0,0,0,,,nan,not_enabled,nan,nan,,,,,,,,,,,nan,nan,nan,nan
14,0.75,0.5032157209445802,0.030431771650910378,0.14279353618621826,0.5368858575820923,0.030431771650910378,0.35,2,0,0,0,0,0,0,,0,0,,-1,-1,nan,not_applicable,,,nan,0,1.5562292337417603,4.4098029136657715,77.92082214355469,1.5562292337417603,1.4472862482070923,0,disabled,0.0,0.0,1.0,nan,0,0,0,0,nan,0.0,not_enabled,,nan,0,0,0,,,,,0,0,0,,,nan,not_enabled,nan,nan,,,,,,,,,,,nan,nan,nan,nan
15,0.8,1.4698824398835355,0.02748851850628853,0.11097490042448044,0.5621635913848877,0.02748851850628853,0.35,2,0,0,0,0,0,0,,0,0,,-1,-1,nan,not_applicable,,,nan,0,1.4141671657562256,7.275095462799072,78.35618591308594,1.4141671657562256,1.3850212097167969,0,disabled,0.0,0.0,1.0,nan,0,0,0,0,nan,0.0,not_enabled,,nan,0,0,0,,,,,0,0,0,,,nan,not_enabled,nan,nan,,,,,,,,,,,nan,nan,nan,nan
16,0.8500000000000001,1.491968774922305,0.02514205500483513,0.07893896847963333,0.5869966745376587,0.02514205500483513,0.35,2,0,0,0,0,0,0,,0,0,,-1,-1,nan,not_applicable,,,nan,0,1.3422763347625732,9.028389930725098,46.95631790161133,1.3422763347625732,1.5858651399612427,0,disabled,0.0,0.0,1.0,nan,0,0,0,0,nan,0.0,not_enabled,,nan,0,0,0,,,,,0,0,0,,,nan,not_enabled,nan,nan,,,,,,,,,,,nan,nan,nan,nan
17,0.9,21.490651528246623,0.02329597808420658,0.04718853160738945,0.6109400391578674,0.02329597808420658,0.35,2,0,0,0,0,0,0,,0,0,,-1,-1,nan,not_applicable,,,nan,1,1.3549052476882935,7.496631145477295,44.4019775390625,1.3549052476882935,1.6262013912200928,0,disabled,0.0,0.0,1.0,nan,0,0,0,0,nan,0.0,not_enabled,,nan,0,0,0,,,,,0,0,0,,,nan,not_enabled,nan,nan,,,,,,,,,,,nan,nan,nan,nan
