step,total_steps,episode,reset_seed,reset_source,episode_length,latest_reward,latest_cost,episode_reward,episode_cost,risk_global,d_min,success,collision,collision_any,collision_capsule_overlap,collision_pybullet_contact,termination_collision,safety_filter_status,safety_filter_intervention_norm,safety_filter_safe_stop,safety_filter_max_constraint_violation,predictive_h_min_m,predictive_max_link_speed_bound_mps,predictive_link_velocity_norms_mps,safety_filter_solve_time_s,lambda,alpha,loss_actor,loss_actor_anchor,loss_reward_q,loss_cost_q,replay_size
660500,780000,3037,1030840143,random,7,0.3502051906762415,0.06835447251796722,-0.21421011439423082,0.520743265748024,0.06835447251796722,0.3883744478225708,0,0,0,0,0,0,not_enabled,nan,False,nan,nan,nan,,nan,0.0,0.007738584186881781,nan,nan,nan,nan,500
661000,780000,3055,1632585365,random,15,-0.7243307307531758,0.3176806569099426,-5.101555981018189,5.948519550263882,0.3176806569099426,0.18160583078861237,0,0,0,0,0,0,not_enabled,nan,False,nan,nan,nan,,nan,0.0,0.007738584186881781,nan,nan,nan,nan,1000
661500,780000,3061,255706636,random,168,-0.21087253997690852,0.10904838144779205,-53.21628282174951,26.81998535245657,0.10904838144779205,0.32120054960250854,0,0,0,0,0,0,not_enabled,nan,False,nan,nan,nan,,nan,0.0,0.007738584186881781,nan,nan,nan,nan,1500
662000,780000,3073,1125574904,random,10,-0.4837928924352957,0.23218341171741486,-4.65280476198188,2.0890503525733948,0.23218341171741486,0.27705368399620056,0,0,0,0,0,0,not_enabled,nan,False,nan,nan,nan,,nan,0.0,0.007738584186881781,nan,nan,nan,nan,2000
662500,780000,3082,1887062602,random,94,-0.2877372415782884,0.07620910555124283,-40.41358203491353,18.82351443171501,0.07620910555124283,0.37191227078437805,0,0,0,0,0,0,not_enabled,nan,False,nan,nan,nan,,nan,0.0,0.007738584186881781,nan,nan,nan,nan,2500
663000,780000,3092,9122,focused,14,-0.06255876459687493,0.3666269779205322,-3.5478175733349753,5.453722074627876,0.3666269779205322,0.20375582575798035,0,0,0,0,0,0,not_enabled,nan,False,nan,nan,nan,,nan,0.0,0.007738584186881781,nan,nan,nan,nan,3000
663500,780000,3102,1748955070,random,133,-0.05943210882855852,0.03241991996765137,-5.802237559330584,3.8749985303729773,0.03241991996765137,0.6851873397827148,0,0,0,0,0,0,not_enabled,nan,False,nan,nan,nan,,nan,0.0,0.007738584186881781,nan,nan,nan,nan,3500
664000,780000,3114,9014,focused,5,-0.13092377089131418,0.06671427935361862,-0.6089796736157497,0.5187841132283211,0.06671427935361862,0.634347677230835,0,0,0,0,0,0,not_enabled,nan,False,nan,nan,nan,,nan,0.0,0.007738584186881781,nan,nan,nan,nan,4000
664500,780000,3130,2055962951,random,173,-0.22079179908463076,0.08036153018474579,-47.09547502665058,19.803870774805546,0.08036153018474579,0.36745989322662354,0,0,0,0,0,0,not_enabled,nan,False,nan,nan,nan,,nan,0.0,0.007738584186881781,nan,nan,nan,nan,4500
665000,780000,3134,709880073,random,169,-0.7605898548274914,0.36858072876930237,-107.20687675018058,42.29702499508858,0.36858072876930237,0.1959110051393509,0,0,0,0,0,0,not_enabled,nan,False,nan,nan,nan,,nan,0.0,0.007738584186881781,nan,nan,nan,nan,5000
665500,780000,3147,597571760,random,32,-0.12455589190686456,0.05323221907019615,-5.341925768102214,2.397179175168276,0.05323221907019615,0.42831119894981384,0,0,0,0,0,0,not_enabled,nan,False,nan,nan,nan,,nan,0.0,0.007738584186881781,nan,nan,nan,nan,5500
666000,780000,3156,9024,focused,100,-0.22298527297458123,0.03968087211251259,-23.585221580470897,10.658265203237534,0.03968087211251259,0.48071935772895813,0,0,0,0,0,0,not_enabled,nan,False,nan,nan,nan,,nan,0.0,0.007738584186881781,nan,nan,nan,nan,6000
666500,780000,3162,9140,focused,21,-0.03599233198811036,0.3909773528575897,-3.5936381516533826,4.843666233122349,0.3909773528575897,0.24311859905719757,0,0,0,0,0,0,not_enabled,nan,False,nan,nan,nan,,nan,0.0,0.007738584186881781,nan,nan,nan,nan,6500
667000,780000,3175,9145,focused,61,-0.6212389166809125,0.1686345487833023,-16.603596828056137,10.8051817715168,0.1686345487833023,0.26476308703422546,0,0,0,0,0,0,not_enabled,nan,False,nan,nan,nan,,nan,0.0,0.007738584186881781,nan,nan,nan,nan,7000
667500,780000,3192,279410712,random,33,-0.3298967175963088,0.034083954989910126,3.559102878876433,1.4611267559230328,0.034083954989910126,0.5114902257919312,0,0,0,0,0,0,not_enabled,nan,False,nan,nan,nan,,nan,0.0,0.007738584186881781,nan,nan,nan,nan,7500
668000,780000,3202,1756092535,random,105,-0.17079912412126305,0.06675103306770325,-19.090236656793508,9.076137639582157,0.06675103306770325,0.39203161001205444,0,0,0,0,0,0,not_enabled,nan,False,nan,nan,nan,,nan,0.0,0.007738584186881781,nan,nan,nan,nan,8000
668500,780000,3209,9100,focused,7,-0.27298012778227254,0.3870311975479126,-1.2443981349523492,1.7441852241754532,0.3870311975479126,0.4455985128879547,0,0,0,0,0,0,not_enabled,nan,False,nan,nan,nan,,nan,0.0,0.007738584186881781,nan,nan,nan,nan,8500
669000,780000,3220,1709095156,random,92,-0.6750256803961576,0.3038139343261719,-64.48145876767039,31.87294065952301,0.3038139343261719,0.18583251535892487,0,0,0,0,0,0,not_enabled,nan,False,nan,nan,nan,,nan,0.0,0.007738584186881781,nan,nan,nan,nan,9000
669500,780000,3233,9145,focused,150,-0.7388265679799315,0.24162882566452026,-52.09114588844884,27.33639144897461,0.24162882566452026,0.25738364458084106,0,0,0,0,0,0,not_enabled,nan,False,nan,nan,nan,,nan,0.0,0.007738584186881781,nan,nan,nan,nan,9500
670000,780000,3249,9189,focused,7,0.37707852466571434,0.03579038381576538,1.3392610749326899,0.3828827254474163,0.03579038381576538,0.5012459754943848,0,0,0,0,0,0,not_enabled,nan,False,nan,nan,nan,,nan,0.0,0.007738584186881781,nan,nan,nan,nan,10000
670500,780000,3262,9145,focused,39,-0.10524386165720123,0.14051665365695953,-7.804917298579256,7.195471614599228,0.14051665365695953,0.2925632894039154,0,0,0,0,0,0,not_enabled,nan,False,nan,nan,nan,,nan,0.0,0.007738584186881781,nan,nan,nan,nan,10500
671000,780000,3266,9189,focused,21,-0.3435640258672663,0.03579038754105568,4.438867142837007,0.8879143670201302,0.03579038754105568,0.5012459754943848,0,0,0,0,0,0,not_enabled,nan,False,nan,nan,nan,,nan,0.0,0.007738584186881781,nan,nan,nan,nan,11000
671500,780000,3281,639167770,random,8,0.17836158017261777,0.07123900204896927,0.1440712834096038,0.8540394678711891,0.07123900204896927,0.38206347823143005,0,0,0,0,0,0,not_enabled,nan,False,nan,nan,nan,,nan,0.0,0.007738584186881781,nan,nan,nan,nan,11500
672000,780000,3286,9024,focused,196,-0.15783396898735483,0.03168708086013794,-37.86875571354314,11.449995886534452,0.03168708086013794,0.6175574064254761,0,0,0,0,0,0,not_enabled,nan,False,nan,nan,nan,,nan,0.0,0.007738584186881781,nan,nan,nan,nan,12000
672500,780000,3310,969394356,random,7,0.3528325994381293,0.12454661726951599,0.5930188868450923,1.1233774274587631,0.12454661726951599,0.30212098360061646,0,0,0,0,0,0,not_enabled,nan,False,nan,nan,nan,,nan,0.0,0.007738584186881781,nan,nan,nan,nan,12500
673000,780000,3320,9024,focused,119,-0.11767678465748022,0.029837168753147125,-27.70988354984997,11.129122396931052,0.029837168753147125,0.5751169323921204,0,0,0,0,0,0,not_enabled,nan,False,nan,nan,nan,,nan,0.0,0.007738584186881781,nan,nan,nan,nan,13000
673500,780000,3326,9024,focused,83,-0.213015183924976,0.058782704174518585,-19.43255441873143,9.366324596107006,0.058782704174518585,0.4120693504810333,0,0,0,0,0,0,not_enabled,nan,False,nan,nan,nan,,nan,0.0,0.007738584186881781,nan,nan,nan,nan,13500
674000,780000,3345,9145,focused,61,-0.6718193384356621,0.263105571269989,-16.655248207742087,11.093646213412285,0.263105571269989,0.26721781492233276,0,0,0,0,0,0,not_enabled,nan,False,nan,nan,nan,,nan,0.0,0.007738584186881781,nan,nan,nan,nan,14000
674500,780000,3348,9024,focused,154,-0.20553413923364253,0.025565266609191895,-32.109668901081484,12.123028447851539,0.025565266609191895,0.5821210145950317,0,0,0,0,0,0,not_enabled,nan,False,nan,nan,nan,,nan,0.0,0.007738584186881781,nan,nan,nan,nan,14500
675000,780000,3360,9189,focused,18,-0.39682047251495955,0.03579038381576538,4.259225306841546,0.7814055308699608,0.03579038381576538,0.5012459754943848,0,0,0,0,0,0,not_enabled,nan,False,nan,nan,nan,,nan,0.0,0.007738584186881781,nan,nan,nan,nan,15000
675500,780000,3381,9024,focused,93,-0.2534841609870375,0.04608595743775368,-22.58335960468923,10.43672239780426,0.04608595743775368,0.4530958831310272,0,0,0,0,0,0,not_enabled,nan,False,nan,nan,nan,,nan,0.0,0.007738584186881781,nan,nan,nan,nan,15500
676000,780000,3388,847194998,random,11,0.04227277949299882,0.10164991021156311,-1.6825866729949943,1.5378990322351456,0.10164991021156311,0.3302394151687622,0,0,0,0,0,0,not_enabled,nan,False,nan,nan,nan,,nan,0.0,0.007738584186881781,nan,nan,nan,nan,16000
676500,780000,3403,1195551271,random,7,-0.06328367831111797,0.23652440309524536,-1.024764005805804,1.2094170823693275,0.23652440309524536,0.3621104657649994,0,0,0,0,0,0,not_enabled,nan,False,nan,nan,nan,,nan,0.0,0.007738584186881781,nan,nan,nan,nan,16500
677000,780000,3419,9058,focused,42,-0.3031364940436859,0.04014217481017113,3.289169286481702,1.8237936943769455,0.04014217481017113,0.47850286960601807,0,0,0,0,0,0,not_enabled,nan,False,nan,nan,nan,,nan,0.0,0.007738584186881781,nan,nan,nan,nan,17000
677500,780000,3433,1393081004,random,19,-0.08069111580961041,0.3709229826927185,-6.35155167727702,5.524948611855507,0.3709229826927185,0.25829678773880005,0,0,0,0,0,0,not_enabled,nan,False,nan,nan,nan,,nan,0.0,0.007738584186881781,nan,nan,nan,nan,17500
678000,780000,3455,967269359,random,3,0.20817218071774857,0.08297174423933029,0.24577299068887315,0.2689918279647827,0.08297174423933029,0.35934919118881226,0,0,0,0,0,0,not_enabled,nan,False,nan,nan,nan,,nan,0.0,0.007738584186881781,nan,nan,nan,nan,18000
678500,780000,3485,9014,focused,1,-0.060877769513773494,0.07523748278617859,-0.060877769513773494,0.07523748278617859,0.07523748278617859,0.6369744539260864,0,0,0,0,0,0,not_enabled,nan,False,nan,nan,nan,,nan,0.0,0.007738584186881781,nan,nan,nan,nan,18500
679000,780000,3496,485699479,random,116,-0.6038783325829999,0.27304741740226746,-84.91000665654892,41.25362539291382,0.27304741740226746,0.19934606552124023,0,0,0,0,0,0,not_enabled,nan,False,nan,nan,nan,,nan,0.0,0.007738584186881781,nan,nan,nan,nan,19000
679500,780000,3507,1895557635,random,5,0.018004286872633196,0.07295385748147964,-1.208028178191951,0.4465468302369118,0.07295385748147964,0.37846311926841736,0,0,0,0,0,0,not_enabled,nan,False,nan,nan,nan,,nan,0.0,0.007738584186881781,nan,nan,nan,nan,19500
680000,780000,3524,1360702290,random,2,-0.5408865926133558,0.3350276052951813,-1.3845034818305297,0.7074680030345917,0.3350276052951813,0.17352014780044556,0,0,0,0,0,0,not_enabled,nan,False,nan,nan,nan,,nan,0.0,0.007738584186881781,nan,nan,nan,nan,20000
680500,780000,3537,9140,focused,21,0.12017511068097486,0.39773544669151306,-3.780202550294708,4.735123381018639,0.39773544669151306,0.24569469690322876,0,0,0,0,0,0,not_enabled,nan,False,nan,nan,nan,,nan,0.0,0.007738584186881781,nan,nan,2.9492011070251465,134.32308959960938,20500
681000,780000,3543,1743432705,random,149,-0.2403479589388457,0.09273254126310349,-42.03186212579219,20.294696755707264,0.09273254126310349,0.3432615101337433,0,0,0,0,0,0,not_enabled,nan,False,nan,nan,nan,,nan,0.0,0.007738584186881781,nan,nan,5.369393348693848,170.4638671875,21000
681500,780000,3554,109407981,random,58,-0.17198744990017936,0.023882664740085602,-1.9245410383242676,2.6379138436168432,0.023882664740085602,0.6028009057044983,0,0,0,0,0,0,not_enabled,nan,False,nan,nan,nan,,nan,0.0,0.007738584186881781,nan,nan,5.16792106628418,119.14012908935547,21500
682000,780000,3561,1827184656,random,135,-0.5379177170763614,0.20380373299121857,-134.03933111397023,54.34264259040356,0.20380373299121857,0.24013552069664001,0,0,0,0,0,0,not_enabled,nan,False,nan,nan,nan,,nan,0.0,0.007738584186881781,nan,nan,3.657505989074707,157.6710205078125,22000
682500,780000,3566,979249713,random,23,-0.06582441039630015,0.04594450071454048,4.817361666734519,0.8489722311496735,0.04594450071454048,0.5307015776634216,0,0,0,0,0,0,not_enabled,nan,False,nan,nan,nan,,nan,0.0,0.007738584186881781,nan,nan,4.6400556564331055,242.8559112548828,22500
683000,780000,3569,9024,focused,189,-0.16981955088008163,0.023101147264242172,-38.46882714010139,12.752617411315441,0.023101147264242172,0.6158847808837891,0,0,0,0,0,0,not_enabled,nan,False,nan,nan,nan,,nan,0.0,0.007738584186881781,nan,nan,2.427380084991455,63.844078063964844,23000
683500,780000,3578,243068039,random,101,-0.8857340943443004,0.3836243152618408,-104.92120897413712,52.62117100507021,0.3836243152618408,0.1565588265657425,0,0,0,0,0,0,not_enabled,nan,False,nan,nan,nan,,nan,0.0,0.007738584186881781,nan,nan,5.3801655769348145,124.65435791015625,23500
684000,780000,3595,9058,focused,122,-0.2450824465683864,0.04093985632061958,-4.366039737468324,5.120276510715485,0.04093985632061958,0.4804493188858032,0,0,0,0,0,0,not_enabled,nan,False,nan,nan,nan,,nan,0.0,0.007738584186881781,nan,nan,5.700896263122559,102.4586181640625,24000
684500,780000,3610,1564371608,random,6,0.3356533428626628,0.029894929379224777,0.7648817911537079,0.22042356804013252,0.029894929379224777,0.5411169528961182,0,0,0,0,0,0,not_enabled,nan,False,nan,nan,nan,,nan,0.0,0.007738584186881781,nan,nan,5.694514274597168,183.51919555664062,24500
685000,780000,3620,9145,focused,71,-0.4107387686369546,0.17443637549877167,-20.702166989953472,12.893997937440872,0.17443637549877167,0.26692694425582886,0,0,0,0,0,0,not_enabled,nan,False,nan,nan,nan,,nan,0.0,0.007738584186881781,nan,nan,5.252037525177002,124.07088470458984,25000
685500,780000,3628,9189,focused,6,0.36750358251563287,0.03579038754105568,0.9996995213939321,0.3478628247976303,0.03579038754105568,0.5012459754943848,0,0,0,0,0,0,not_enabled,nan,False,nan,nan,nan,,nan,0.0,0.007738584186881781,nan,nan,4.962516784667969,120.38198852539062,25500
686000,780000,3637,1813657260,random,102,-0.3043162629828842,0.07795202732086182,-10.831775181755862,7.364338353276253,0.07795202732086182,0.380327045917511,0,0,0,0,0,0,not_enabled,nan,False,nan,nan,nan,,nan,0.0,0.007738584186881781,nan,nan,7.733015060424805,93.53036499023438,26000
686500,780000,3645,9199,focused,15,-0.4544630585070924,0.3328031301498413,-8.59096213004422,6.315042227506638,0.3328031301498413,0.17435701191425323,0,0,0,0,0,0,not_enabled,nan,False,nan,nan,nan,,nan,0.0,0.007738584186881781,nan,nan,7.785423755645752,178.50079345703125,26500
687000,780000,3655,9140,focused,5,-0.13400766869832814,0.1850212812423706,-1.1003167905241136,0.7358004823327065,0.1850212812423706,0.365386039018631,0,0,0,0,0,0,not_enabled,nan,False,nan,nan,nan,,nan,0.0,0.007738584186881781,nan,nan,5.62935209274292,63.560516357421875,27000
687500,780000,3672,9066,focused,1,0.007117160147449508,0.021743962541222572,0.007117160147449508,0.021743962541222572,0.021743962541222572,0.6355839371681213,0,0,0,0,0,0,not_enabled,nan,False,nan,nan,nan,,nan,0.0,0.007738584186881781,nan,nan,13.539097785949707,145.5321044921875,27500
688000,780000,3687,9058,focused,60,-0.1252845388296731,0.039717115461826324,1.7755861924739713,2.560711570084095,0.039717115461826324,0.48054373264312744,0,0,0,0,0,0,not_enabled,nan,False,nan,nan,nan,,nan,0.0,0.007738584186881781,nan,nan,3.5734403133392334,63.981658935546875,28000
688500,780000,3714,1402814866,random,12,-0.20816397141148626,0.1747647374868393,-6.1409536228355135,2.500932551920414,0.1747647374868393,0.4088423550128937,0,0,0,0,0,0,not_enabled,nan,False,nan,nan,nan,,nan,0.0,0.007738584186881781,nan,nan,15.166114807128906,144.1269989013672,28500
689000,780000,3720,9024,focused,182,-0.15631149175926398,0.02515796385705471,-37.89944395919998,13.821071358397603,0.02515796385705471,0.6006693243980408,0,0,0,0,0,0,not_enabled,nan,False,nan,nan,nan,,nan,0.0,0.007738584186881781,nan,nan,14.066487312316895,95.07530975341797,29000
689500,780000,3732,9024,focused,16,-0.30645422724840793,0.2532239258289337,-8.486980144484162,3.2795358449220657,0.2532239258289337,0.38459837436676025,0,0,0,0,0,0,not_enabled,nan,False,nan,nan,nan,,nan,0.0,0.007738584186881781,nan,nan,8.382587432861328,96.06804656982422,29500
690000,780000,3737,9145,focused,65,-0.34336528911419245,0.16610434651374817,-17.062505927821462,11.314002379775047,0.16610434651374817,0.2654578983783722,0,0,0,0,0,0,not_enabled,nan,False,nan,nan,nan,,nan,0.0,0.007738584186881781,nan,nan,4.281830787658691,71.25254821777344,30000
690500,780000,3742,1879371048,random,22,-0.057364100585982666,0.05032030865550041,4.604963438982092,1.3841828256845474,0.05032030865550041,0.43780115246772766,0,0,0,0,0,0,not_enabled,nan,False,nan,nan,nan,,nan,0.0,0.007738584186881781,nan,nan,5.377789497375488,78.38420104980469,30500
691000,780000,3755,494092956,random,9,-0.4043936652917986,0.3603241741657257,-1.69046993675552,2.2833743393421173,0.3603241741657257,0.22319573163986206,0,0,0,0,0,0,not_enabled,nan,False,nan,nan,nan,,nan,0.0,0.007738584186881781,nan,nan,20.745075225830078,127.24711608886719,31000
691500,780000,3767,1143134225,random,33,-0.06453342037621844,0.03341733291745186,1.488602594174328,1.0263271443545818,0.03341733291745186,0.5916726589202881,0,0,0,0,0,0,not_enabled,nan,False,nan,nan,nan,,nan,0.0,0.007738584186881781,nan,nan,9.325164794921875,74.15586853027344,31500
692000,780000,3775,9145,focused,170,-0.23199600295241718,0.16871914267539978,-58.1373659822229,30.4986033141613,0.16871914267539978,0.26148784160614014,0,0,0,0,0,0,not_enabled,nan,False,nan,nan,nan,,nan,0.0,0.007738584186881781,nan,nan,9.76168441772461,74.58656311035156,32000
692500,780000,3788,1060867168,random,14,-0.3122459445148388,0.2337384819984436,-6.218677614212598,3.424428202211857,0.2337384819984436,0.3280145823955536,0,0,0,0,0,0,not_enabled,nan,False,nan,nan,nan,,nan,0.0,0.007738584186881781,nan,nan,9.372169494628906,71.45665740966797,32500
693000,780000,3803,1054111967,random,5,0.7142250542310458,0.1250792294740677,1.0524582608098627,0.7158469557762146,0.1250792294740677,0.3015393018722534,0,0,0,0,0,0,not_enabled,nan,False,nan,nan,nan,,nan,0.0,0.007738584186881781,nan,nan,8.046361923217773,70.003662109375,33000
693500,780000,3825,1224910347,random,201,-0.7104083252159197,0.0898299589753151,-123.1414519749112,35.28758009523153,0.0898299589753151,0.347824364900589,0,0,0,0,0,0,not_enabled,nan,False,nan,nan,nan,,nan,0.0,0.007738584186881781,nan,nan,12.641393661499023,58.357269287109375,33500
694000,780000,3834,9024,focused,210,-0.15708282242063432,0.023786647245287895,-42.026394873766286,14.169814940541983,0.023786647245287895,0.6058028340339661,0,0,0,0,0,0,not_enabled,nan,False,nan,nan,nan,,nan,0.0,0.007738584186881781,nan,nan,8.587072372436523,86.25483703613281,34000
694500,780000,3854,838969765,random,4,-0.2713544706319999,0.1466713547706604,-1.376126495943706,0.626849964261055,0.1466713547706604,0.2800576686859131,0,0,0,0,0,0,not_enabled,nan,False,nan,nan,nan,,nan,0.0,0.007738584186881781,nan,nan,6.914172172546387,79.2761001586914,34500
695000,780000,3863,9023,focused,12,-0.5189702450100893,0.366117388010025,-7.814068345392303,3.189307153224945,0.366117388010025,0.44950059056282043,0,0,0,0,0,0,not_enabled,nan,False,nan,nan,nan,,nan,0.0,0.007738584186881781,nan,nan,11.922014236450195,102.21365356445312,35000
695500,780000,3876,1012436561,random,210,-0.689336999144781,0.2973531186580658,-187.52016258091626,88.3849173784256,0.2973531186580658,0.19966645538806915,0,0,0,0,0,0,not_enabled,nan,False,nan,nan,nan,,nan,0.0,0.007738584186881781,nan,nan,9.910709381103516,62.115413665771484,35500
696000,780000,3904,9014,focused,10,0.7282998127138125,0.02133728191256523,0.366698986390259,0.7731818705797195,0.02133728191256523,0.6429754495620728,0,0,0,0,0,0,not_enabled,nan,False,nan,nan,nan,,nan,0.0,0.007738584186881781,nan,nan,9.484710693359375,103.74510955810547,36000
696500,780000,3928,1762228896,random,8,0.20861679283079404,0.0350717157125473,0.058893436326988124,0.466004665941,0.0350717157125473,0.5054543018341064,0,0,0,0,0,0,not_enabled,nan,False,nan,nan,nan,,nan,0.0,0.007738584186881781,nan,nan,69.7418212890625,333.0427551269531,36500
697000,780000,3951,9199,focused,1,-0.4282439104431439,0.29425331950187683,-0.4282439104431439,0.29425331950187683,0.29425331950187683,0.20203502476215363,0,0,0,0,0,0,not_enabled,nan,False,nan,nan,nan,,nan,0.0,0.007738584186881781,nan,nan,9.502187728881836,69.13880157470703,37000
697500,780000,3964,1994825969,random,10,-0.4063852324701759,0.3362002670764923,-2.9417837952582455,2.3776891231536865,0.3362002670764923,0.3036212623119354,0,0,0,0,0,0,not_enabled,nan,False,nan,nan,nan,,nan,0.0,0.007738584186881781,nan,nan,20.306934356689453,238.87368774414062,37500
698000,780000,3983,1015202266,random,57,-0.5919592338654178,0.24841059744358063,-51.64559689036698,23.108600586652756,0.24841059744358063,0.21138423681259155,0,0,0,0,0,0,not_enabled,nan,False,nan,nan,nan,,nan,0.0,0.007738584186881781,nan,nan,11.144058227539062,101.91838073730469,38000
698500,780000,4000,1297453689,random,73,-0.83000196565077,0.3768553137779236,-66.46197874656153,31.88519075512886,0.3768553137779236,0.1587824523448944,0,0,0,0,0,0,not_enabled,nan,False,nan,nan,nan,,nan,0.0,0.007738584186881781,nan,nan,13.336675643920898,80.12113189697266,38500
699000,780000,4004,9091,focused,22,-0.24597106318757597,0.05752906948328018,-1.410837242229955,2.557986654341221,0.05752906948328018,0.4155503213405609,0,0,0,0,0,0,not_enabled,nan,False,nan,nan,nan,,nan,0.0,0.007738584186881781,nan,nan,11.770580291748047,59.39167022705078,39000
699500,780000,4012,9199,focused,2,-0.44809264916182767,0.3909614086151123,-0.8969245979963588,0.697840005159378,0.3909614086151123,0.1984431892633438,0,0,0,0,0,0,not_enabled,nan,False,nan,nan,nan,,nan,0.0,0.007738584186881781,nan,nan,14.657142639160156,96.89469146728516,39500
700000,780000,4040,9140,focused,14,-0.292912349266464,0.23632721602916718,-2.5594003334594913,2.5418491885066032,0.23632721602916718,0.3028639554977417,0,0,0,0,0,0,not_enabled,nan,False,nan,nan,nan,,nan,0.0,0.007738584186881781,nan,nan,6.832720756530762,65.37225341796875,40000
700500,780000,4049,2108293696,random,107,-1.3703486977599453,0.8299485445022583,-176.4667683439433,87.23395624756813,0.8299485445022583,0.13672666251659393,0,0,0,0,0,0,not_enabled,nan,False,nan,nan,nan,,nan,0.0,0.007725227158516645,26.171268463134766,0.06423696875572205,14.666982650756836,96.4603271484375,40500
701000,780000,4059,642966077,random,222,-0.43074566842599277,0.08409346640110016,-101.14350967429583,42.03000119328499,0.08409346640110016,0.35738685727119446,0,0,0,0,0,0,not_enabled,nan,False,nan,nan,nan,,nan,0.0,0.007719353307038546,18.58544921875,0.08430318534374237,14.525001525878906,126.33488464355469,41000
701500,780000,4075,401287343,random,21,-0.46256389650819424,0.2587682902812958,-7.338360515096711,3.638757601380348,0.2587682902812958,0.2617260217666626,0,0,0,0,0,0,not_enabled,nan,False,nan,nan,nan,,nan,0.0,0.007716196123510599,15.980684280395508,0.08028322458267212,8.081271171569824,85.71183776855469,41500
702000,780000,4085,2097104992,random,227,-0.7919547131921445,0.3020734190940857,-184.1621122191204,90.50247137248516,0.3020734190940857,0.18655771017074585,0,0,0,0,0,0,not_enabled,nan,False,nan,nan,nan,,nan,0.0,0.007715268991887569,15.522367477416992,0.08845369517803192,14.929557800292969,211.75445556640625,42000
702500,780000,4095,813730881,random,83,-0.47114397148758624,0.05165211856365204,-49.523376288907926,18.10288869217038,0.05165211856365204,0.43336746096611023,0,0,0,0,0,0,not_enabled,nan,False,nan,nan,nan,,nan,0.0,0.007716391235589981,12.576507568359375,0.06636703014373779,10.659985542297363,168.8677520751953,42500
703000,780000,4112,9185,focused,5,-0.023838087392219043,0.19394142925739288,1.4126580406646276,0.7646931037306786,0.19394142925739288,0.39187857508659363,0,0,0,0,0,0,not_enabled,nan,False,nan,nan,nan,,nan,0.0,0.007720008492469788,9.612860679626465,0.07249774038791656,11.234485626220703,106.62918090820312,43000
703500,780000,4131,13090247,random,165,-0.5064040294165193,0.10103514790534973,-88.6716466122233,33.49968394637108,0.10103514790534973,0.3310931921005249,0,0,0,0,0,0,not_enabled,nan,False,nan,nan,nan,,nan,0.0,0.007726143579930067,10.24842643737793,0.06222020089626312,8.57232666015625,75.35659790039062,43500
704000,780000,4150,1850418756,random,140,-0.49117005277632486,0.2138860821723938,-60.87609263456738,32.0148570984602,0.2138860821723938,0.23058657348155975,0,0,0,0,0,0,not_enabled,nan,False,nan,nan,nan,,nan,0.0,0.007731388323009014,6.614145755767822,0.04465748369693756,5.267687797546387,82.54150390625,44000
704500,780000,4158,87105289,random,12,0.008817235962318759,0.1388717144727707,-2.8450861320102945,2.100654810667038,0.1388717144727707,0.28738152980804443,0,0,0,0,0,0,not_enabled,nan,False,nan,nan,nan,,nan,0.0,0.00773653294891119,8.51039981842041,0.045097678899765015,5.7965474128723145,80.41016387939453,44500
705000,780000,4173,9024,focused,20,-0.08799647778169352,0.10587888211011887,-9.577958618156483,4.71087134629488,0.10587888211011887,0.3245253264904022,0,0,0,0,0,0,not_enabled,nan,False,nan,nan,nan,,nan,0.0,0.007739015854895115,11.96076488494873,0.045911043882369995,5.457151412963867,74.11376953125,45000
705500,780000,4179,467896629,random,210,-0.43698131971913834,0.1005353033542633,-88.33264550785393,23.479379169642925,0.1005353033542633,0.33179187774658203,0,0,0,0,0,0,not_enabled,nan,False,nan,nan,nan,,nan,0.0,0.007741145323961973,6.8394012451171875,0.03687781095504761,6.665885925292969,89.38687133789062,45500
706000,780000,4193,134567734,random,40,-0.23995550086702727,0.044026635587215424,-0.1371605547986351,2.5302026458084583,0.044026635587215424,0.4613035023212433,0,0,0,0,0,0,not_enabled,nan,False,nan,nan,nan,,nan,0.0,0.007744409143924713,11.579612731933594,0.04137103259563446,4.707666397094727,79.91567993164062,46000
706500,780000,4199,235613873,random,197,-0.8468593125473535,0.08336405456066132,-125.35612328575615,26.457724921405315,0.08336405456066132,0.3982481360435486,0,0,0,0,0,0,not_enabled,nan,False,nan,nan,nan,,nan,0.0,0.007748675998300314,8.87759017944336,0.03311150148510933,4.7917656898498535,182.32188415527344,46500
707000,780000,4209,568602682,random,34,-0.42872675723795994,0.11197718232870102,-17.66373442311125,5.291838891804218,0.11197718232870102,0.33573877811431885,0,0,0,0,0,0,not_enabled,nan,False,nan,nan,nan,,nan,0.0,0.007753192447125912,9.64242935180664,0.03419255092740059,14.635595321655273,132.66412353515625,47000
707500,780000,4216,626282915,random,3,0.5903244677672386,0.22543539106845856,1.4506175192470732,0.5234902799129486,0.22543539106845856,0.5092390179634094,0,0,0,0,0,0,not_enabled,nan,False,nan,nan,nan,,nan,0.0,0.007756989914923906,9.116692543029785,0.03258585184812546,5.998339653015137,145.75839233398438,47500
708000,780000,4230,9023,focused,13,-0.457337082313841,0.37058785557746887,-7.877143457772259,3.4819877967238426,0.37058785557746887,0.4283493459224701,0,0,0,0,0,0,not_enabled,nan,False,nan,nan,nan,,nan,0.0,0.007763580419123173,10.289603233337402,0.03398321196436882,6.074998378753662,81.92594909667969,48000
708500,780000,4244,9199,focused,44,-0.4598601450244507,0.31882932782173157,-29.82988530737547,15.87363252043724,0.31882932782173157,0.18018151819705963,0,0,0,0,0,0,not_enabled,nan,False,nan,nan,nan,,nan,0.0,0.007770432159304619,9.483304023742676,0.0287165604531765,3.514469861984253,123.85037994384766,48500
709000,780000,4250,1719806600,random,6,-0.4210567345273778,0.4229711592197418,-1.6533025552121203,1.7665951997041702,0.4229711592197418,0.34469863772392273,0,0,0,0,0,0,not_enabled,nan,False,nan,nan,nan,,nan,0.0,0.007778186816722155,8.945388793945312,0.03063599020242691,5.099674701690674,103.94978332519531,49000
709500,780000,4269,9024,focused,63,-0.20245998168898635,0.0843515545129776,-15.152072148397698,8.528329022228718,0.0843515545129776,0.3582915961742401,0,0,0,0,0,0,not_enabled,nan,False,nan,nan,nan,,nan,0.0,0.0077852895483374596,12.958749771118164,0.033353596925735474,3.7044174671173096,89.14204406738281,49500
710000,780000,4281,9024,focused,103,-0.2082276901959847,0.032153427600860596,-22.25627710894868,9.707515370100737,0.032153427600860596,0.524243175983429,0,0,0,0,0,0,not_enabled,nan,False,nan,nan,nan,,nan,0.0,0.007793085183948278,8.85854434967041,0.02976456843316555,5.8217668533325195,122.0173110961914,50000
710500,780000,4298,983021250,random,2,-0.12816445391705605,0.2121814340353012,-0.28332830387579305,0.3234880194067955,0.2121814340353012,0.44187596440315247,0,0,0,0,0,0,not_enabled,nan,False,nan,nan,nan,,nan,0.0,0.007801569998264313,10.504447937011719,0.0317937508225441,6.546884536743164,122.26144409179688,50500
711000,780000,4305,9024,focused,157,-0.10756285982133051,0.031618546694517136,-31.12800098875132,12.334285812452435,0.031618546694517136,0.5557504296302795,0,0,0,0,0,0,not_enabled,nan,False,nan,nan,nan,,nan,0.0,0.007808760739862919,8.948324203491211,0.0326269194483757,7.651865005493164,89.89988708496094,51000
711500,780000,4315,583929523,random,6,0.04059420769828537,0.15795935690402985,-2.5566498296854228,1.083823338150978,0.15795935690402985,0.27019211649894714,0,0,0,0,0,0,not_enabled,nan,False,nan,nan,nan,,nan,0.0,0.007817061617970467,10.68932819366455,0.03677603602409363,5.315054893493652,100.14306640625,51500
712000,780000,4329,9024,focused,45,-0.20572002946421236,0.10605677962303162,-12.001387207167648,6.773274131119251,0.10605677962303162,0.3901852071285248,0,0,0,0,0,0,not_enabled,nan,False,nan,nan,nan,,nan,0.0,0.007826990447938442,10.643628120422363,0.03469347953796387,4.925029277801514,115.98538208007812,52000
712500,780000,4348,327086452,random,2,-0.39857670740372175,0.1601230353116989,-0.8637664633123798,0.32867950201034546,0.1601230353116989,0.26839032769203186,0,0,0,0,0,0,not_enabled,nan,False,nan,nan,nan,,nan,0.0,0.007838127203285694,10.459290504455566,0.03207511454820633,3.7237820625305176,107.93040466308594,52500
713000,780000,4376,9191,focused,6,-0.08383891443645125,0.26124829053878784,-0.9547678024407125,1.2400791943073273,0.26124829053878784,0.30969423055648804,0,0,0,0,0,0,not_enabled,nan,False,nan,nan,nan,,nan,0.0,0.007847783155739307,7.812137603759766,0.03254162520170212,5.011234283447266,124.50199127197266,53000
713500,780000,4389,776522670,random,51,-0.5412156315980855,0.24250257015228271,-35.79114324941424,19.088042676448822,0.24250257015228271,0.21445989608764648,0,0,0,0,0,0,not_enabled,nan,False,nan,nan,nan,,nan,0.0,0.007858695462346077,9.993207931518555,0.03352373465895653,3.7333645820617676,89.845458984375,53500
714000,780000,4406,253415033,random,41,-0.06693246658958035,0.0912301167845726,-12.178314341987727,7.962868928909302,0.0912301167845726,0.3456016480922699,0,0,0,0,0,0,not_enabled,nan,False,nan,nan,nan,,nan,0.0,0.007871180772781372,8.178214073181152,0.03477584198117256,4.146383762359619,101.16221618652344,54000
714500,780000,4425,9091,focused,24,-0.1844473325874961,0.06815443933010101,-1.3160082547912686,2.659526951611042,0.06815443933010101,0.40326663851737976,0,0,0,0,0,0,not_enabled,nan,False,nan,nan,nan,,nan,0.0,0.00788359809666872,5.604874134063721,0.03428860008716583,5.348285675048828,83.27751922607422,54500
715000,780000,4431,539089098,random,158,-0.16517596108565613,0.0280444473028183,-4.721044754974843,4.346095874905586,0.0280444473028183,0.6519302725791931,0,0,0,0,0,0,not_enabled,nan,False,nan,nan,nan,,nan,0.0,0.007894703187048435,7.3207221031188965,0.03162379562854767,4.870414733886719,131.31802368164062,55000
715500,780000,4442,2129483860,random,9,0.2643479430827198,0.03558874502778053,0.2882483358093549,0.6339746862649918,0.03558874502778053,0.5024119019508362,0,0,0,0,0,0,not_enabled,nan,False,nan,nan,nan,,nan,0.0,0.007905187085270882,6.200540065765381,0.038416437804698944,5.682245254516602,98.2557373046875,55500
716000,780000,4451,1510724007,random,109,-0.7182868606346721,0.28330564498901367,-68.03304599911768,34.16697080433369,0.28330564498901367,0.1946692019701004,0,0,0,0,0,0,not_enabled,nan,False,nan,nan,nan,,nan,0.0,0.007917417213320732,6.305465221405029,0.03466007485985756,3.7782158851623535,137.87509155273438,56000
716500,780000,4460,9024,focused,55,-0.09581421376829503,0.06575459986925125,-11.497480134861634,6.761244814842939,0.06575459986925125,0.3943617641925812,0,0,0,0,0,0,not_enabled,nan,False,nan,nan,nan,,nan,0.0,0.00793102290481329,6.938281059265137,0.03875182569026947,11.26651382446289,160.94052124023438,56500
717000,780000,4468,9024,focused,9,-0.42583256701817684,0.18790468573570251,-5.351867654494057,1.6830112785100937,0.18790468573570251,0.4895385801792145,0,0,0,0,0,0,not_enabled,nan,False,nan,nan,nan,,nan,0.0,0.007942778058350086,6.282049179077148,0.042920731008052826,4.312314987182617,93.87032318115234,57000
717500,780000,4472,9024,focused,232,-0.12050856252720286,0.028683312237262726,-39.12772117351609,13.845728581771255,0.028683312237262726,0.5512528419494629,0,0,0,0,0,0,not_enabled,nan,False,nan,nan,nan,,nan,0.0,0.00795592088252306,4.362205505371094,0.039928633719682693,6.275379180908203,279.14349365234375,57500
718000,780000,4490,958063179,random,9,0.15379316757229133,0.037030983716249466,-0.0005970238185275811,0.6546185240149498,0.037030983716249466,0.49431154131889343,0,0,0,0,0,0,not_enabled,nan,False,nan,nan,nan,,nan,0.0,0.0079706571996212,6.142828464508057,0.04309172183275223,5.524752616882324,93.92005920410156,58000
718500,780000,4513,9091,focused,165,-0.21759274524484032,0.09548133611679077,-28.72742475147472,14.821660615503788,0.09548133611679077,0.3453997075557709,0,0,0,0,0,0,not_enabled,nan,False,nan,nan,nan,,nan,0.0,0.007983575575053692,4.634555339813232,0.04056430608034134,4.874213695526123,98.78598022460938,58500
719000,780000,4524,9157,focused,1,-0.13581002708197,0.03166945278644562,-0.13581002708197,0.03166945278644562,0.03166945278644562,0.5276646614074707,0,0,0,0,0,0,not_enabled,nan,False,nan,nan,nan,,nan,0.0,0.007996859960258007,4.276058673858643,0.03762669488787651,6.043539524078369,90.92598724365234,59000
719500,780000,4548,9024,focused,58,0.0277686719136902,0.09769511967897415,-10.704794922110485,5.861636444926262,0.09769511967897415,0.4195132553577423,0,0,0,0,0,0,not_enabled,nan,False,nan,nan,nan,,nan,0.0,0.008009572513401508,3.4779300689697266,0.0336274728178978,2.887661933898926,101.47430419921875,59500
720000,780000,4555,9084,focused,8,0.17401646858475428,0.07393531501293182,0.1046365508569922,0.8818670995533466,0.07393531501293182,0.48211780190467834,0,0,0,0,0,0,not_enabled,nan,False,nan,nan,nan,,nan,0.0,0.008020253852009773,4.366147994995117,0.03995160385966301,4.159873008728027,160.77005004882812,60000
720500,780000,4571,9091,focused,38,-0.4470574096546358,0.06796631217002869,-4.818683459471209,3.881084442138672,0.06796631217002869,0.3892495930194855,0,0,0,0,0,0,not_enabled,nan,False,nan,nan,nan,,nan,0.0,0.008028809912502766,2.555731773376465,0.032580044120550156,4.706931114196777,99.23052978515625,60500
721000,780000,4575,1968551507,random,213,-0.6627307289522495,0.023940548300743103,-15.68206264880198,6.776930497959256,0.023940548300743103,0.6020269989967346,0,0,0,0,0,0,not_enabled,nan,False,nan,nan,nan,,nan,0.0,0.0080331489443779,3.017251968383789,0.031755995005369186,5.561195373535156,173.53219604492188,61000
721500,780000,4584,793900502,random,194,-0.5107533812517795,0.0965832993388176,-102.85755191236949,25.170217417180538,0.0965832993388176,0.35707423090934753,0,0,0,0,0,0,not_enabled,nan,False,nan,nan,nan,,nan,0.0,0.00803300365805626,7.479588985443115,0.030612818896770477,3.8895795345306396,119.11488342285156,61500
722000,780000,4606,151283239,random,139,-0.9897179971711928,0.5018549561500549,-128.38292877430328,65.7294122427702,0.5018549561500549,0.14442512392997742,0,0,0,0,0,0,not_enabled,nan,False,nan,nan,nan,,nan,0.0,0.008029993623495102,6.87935733795166,0.03213382139801979,4.1080708503723145,136.95150756835938,62000
722500,780000,4616,9085,focused,8,0.18174551413957007,0.05338611081242561,2.7305183988213564,0.5090371556580067,0.05338611081242561,0.42782995104789734,0,0,0,0,0,0,not_enabled,nan,False,nan,nan,nan,,nan,0.0,0.008023501373827457,5.859354496002197,0.027393929660320282,4.759861946105957,110.61221313476562,62500
723000,780000,4624,1058584887,random,59,-0.33198953992226465,0.1532469540834427,-16.152447295993934,9.914470069110394,0.1532469540834427,0.2742125391960144,0,0,0,0,0,0,not_enabled,nan,False,nan,nan,nan,,nan,0.0,0.008013220503926277,5.912884712219238,0.026096481829881668,2.9002294540405273,84.58793640136719,63000
723500,780000,4633,9024,focused,85,-0.26763803535697894,0.06507472693920135,-15.444250316332699,8.225771199911833,0.06507472693920135,0.39597800374031067,0,0,0,0,0,0,not_enabled,nan,False,nan,nan,nan,,nan,0.0,0.007999610155820847,5.672998905181885,0.026766574010252953,3.1810340881347656,99.38369750976562,63500
724000,780000,4642,1568532542,random,7,0.29059410266316144,0.0424920991063118,1.9653699736467591,0.3126598335802555,0.0424920991063118,0.4678066372871399,0,0,0,0,0,0,not_enabled,nan,False,nan,nan,nan,,nan,0.0,0.00798448920249939,3.5030369758605957,0.028005152940750122,5.772364139556885,110.42454528808594,64000
724500,780000,4659,1515781296,random,10,0.9198938589026155,0.042415548115968704,3.6724493397126343,0.8079535067081451,0.042415548115968704,0.46814045310020447,0,0,0,0,0,0,not_enabled,nan,False,nan,nan,nan,,nan,0.0,0.007969452999532223,4.877667427062988,0.023905735462903976,4.221587657928467,92.42031860351562,64500
725000,780000,4676,9189,focused,6,0.33953995990109653,0.035903025418519974,0.8187904520436451,0.3513081222772598,0.035903025418519974,0.5005995631217957,0,0,0,0,0,0,not_enabled,nan,False,nan,nan,nan,,nan,0.0,0.007953587919473648,4.816184997558594,0.025761358439922333,3.6069469451904297,118.00352478027344,65000
725500,780000,4691,2101923438,random,223,-0.3727758000984358,0.07446707040071487,-98.09351482012977,16.408145058900118,0.07446707040071487,0.3850799798965454,0,0,0,0,0,0,not_enabled,nan,False,nan,nan,nan,,nan,0.0,0.007936319336295128,8.346545219421387,0.02793700061738491,3.2287051677703857,103.8866958618164,65500
726000,780000,4704,787952173,random,17,-0.5910856977921118,0.6051971316337585,-11.865386479284698,5.60473919659853,0.6051971316337585,0.2591692805290222,0,0,0,0,0,0,not_enabled,nan,False,nan,nan,nan,,nan,0.0,0.007919232361018658,6.105928421020508,0.028636304661631584,6.4252729415893555,119.51795196533203,66000
726500,780000,4712,687237404,random,185,-0.5626117633100409,0.25949588418006897,-143.80135752819652,65.49058873951435,0.25949588418006897,0.22303450107574463,0,0,0,0,0,0,not_enabled,nan,False,nan,nan,nan,,nan,0.0,0.007903298363089561,7.342906475067139,0.025942839682102203,2.0904529094696045,86.52738189697266,66500
727000,780000,4724,532608989,random,5,0.18240458966332768,0.12694023549556732,-0.6688132059748977,0.8953979164361954,0.12694023549556732,0.31370899081230164,0,0,0,0,0,0,not_enabled,nan,False,nan,nan,nan,,nan,0.0,0.007887035608291626,7.374134540557861,0.027209162712097168,7.384848117828369,297.8975524902344,67000
727500,780000,4729,9024,focused,198,-0.14899748821316514,0.02647075429558754,-37.99734881114491,14.455394677817822,0.02647075429558754,0.5723105072975159,0,0,0,0,0,0,not_enabled,nan,False,nan,nan,nan,,nan,0.0,0.007870853878557682,8.027952194213867,0.023422304540872574,3.3197216987609863,187.85211181640625,67500
728000,780000,4746,736024439,random,174,-0.21520788137784058,0.07257141172885895,-24.40021091337833,13.283244717866182,0.07257141172885895,0.3792567551136017,0,0,0,0,0,0,not_enabled,nan,False,nan,nan,nan,,nan,0.0,0.007854889146983624,8.626216888427734,0.02537469193339348,3.9517040252685547,104.86856842041016,68000
728500,780000,4758,9058,focused,8,0.6586481006460194,0.04153144359588623,1.7023851182385075,0.3993656262755394,0.04153144359588623,0.472064733505249,0,0,0,0,0,0,not_enabled,nan,False,nan,nan,nan,,nan,0.0,0.00784072931855917,7.195736408233643,0.0246014054864645,3.8030600547790527,95.21359252929688,68500
729000,780000,4763,945612635,random,146,-0.9124749570725817,0.35234367847442627,-114.84922374411155,36.89476756006479,0.35234367847442627,0.16719798743724823,0,0,0,0,0,0,not_enabled,nan,False,nan,nan,nan,,nan,0.0,0.007827132008969784,6.5047760009765625,0.022895168513059616,3.511113166809082,77.23875427246094,69000
729500,780000,4774,1811193543,random,182,-0.24524346377473222,0.05780297517776489,-41.15920242870544,12.45726078003645,0.05780297517776489,0.4874342679977417,0,0,0,0,0,0,not_enabled,nan,False,nan,nan,nan,,nan,0.0,0.007814306765794754,7.7035956382751465,0.02899889647960663,7.785238265991211,136.68788146972656,69500
730000,780000,4785,9091,focused,23,20.139653034721153,0.07821725308895111,19.10509723183739,2.77510879188776,0.07821725308895111,0.40044644474983215,1,0,0,0,0,0,not_enabled,nan,False,nan,nan,nan,,nan,0.0,0.007800394669175148,7.159444332122803,0.021717485040426254,4.774074554443359,116.70445251464844,70000
730500,780000,4795,9185,focused,4,0.27473121655904975,0.13195683062076569,2.127622223701948,0.48746494948863983,0.13195683062076569,0.3997053802013397,0,0,0,0,0,0,not_enabled,nan,False,nan,nan,nan,,nan,0.0,0.007788311690092087,8.325868606567383,0.024789247661828995,3.76700758934021,74.7420654296875,70500
731000,780000,4806,9024,focused,126,-0.31701068567336743,0.04647721350193024,-27.179782136592486,12.653810795396566,0.04647721350193024,0.45159801840782166,0,0,0,0,0,0,not_enabled,nan,False,nan,nan,nan,,nan,0.0,0.007776699960231781,10.265741348266602,0.028998110443353653,3.287346363067627,97.86497497558594,71000
731500,780000,4829,9157,focused,4,0.24808021392726737,0.02795693464577198,0.3045966951276645,0.11920679546892643,0.02795693464577198,0.5577670931816101,0,0,0,0,0,0,not_enabled,nan,False,nan,nan,nan,,nan,0.0,0.00776338018476963,8.759954452514648,0.02885570004582405,4.777871131896973,145.7118682861328,71500
732000,780000,4841,263217953,random,90,-0.7050567862592901,0.2841717004776001,-64.28360040738669,32.70033901929855,0.2841717004776001,0.19815528392791748,0,0,0,0,0,0,not_enabled,nan,False,nan,nan,nan,,nan,0.0,0.007749322801828384,9.63884449005127,0.02765681967139244,3.5512948036193848,101.24436950683594,72000
732500,780000,4849,9047,focused,36,-0.46226255460875054,0.0512760654091835,2.212209978763632,1.4596199505031109,0.0512760654091835,0.5475581884384155,0,0,0,0,0,0,not_enabled,nan,False,nan,nan,nan,,nan,0.0,0.0077369315549731255,7.534904479980469,0.027326082810759544,3.8562088012695312,99.27747344970703,72500
733000,780000,4865,556233002,random,188,-0.40629670679971497,0.12523189187049866,-89.80083576153226,13.005350645631552,0.12523189187049866,0.37809380888938904,0,0,0,0,0,0,not_enabled,nan,False,nan,nan,nan,,nan,0.0,0.007723963353782892,7.966123580932617,0.027583125978708267,8.130718231201172,188.89700317382812,73000
733500,780000,4875,1270109618,random,84,0.08637629244561029,0.08381765335798264,-13.472952861052976,7.460816487669945,0.08381765335798264,0.3701826333999634,0,0,0,0,0,0,not_enabled,nan,False,nan,nan,nan,,nan,0.0,0.007712278515100479,10.130486488342285,0.030606385320425034,3.815192222595215,138.87930297851562,73500
734000,780000,4894,9096,focused,9,0.15540568052181236,0.13990426063537598,-0.42958840726271674,1.2571046315133572,0.13990426063537598,0.42641496658325195,0,0,0,0,0,0,not_enabled,nan,False,nan,nan,nan,,nan,0.0,0.00770209077745676,10.581990242004395,0.028209228068590164,4.238646984100342,96.59233093261719,74000
734500,780000,4906,244650073,random,91,-0.7555238561414443,0.2799246609210968,-64.17634503952087,17.452060610055923,0.2799246609210968,0.19844681024551392,0,0,0,0,0,0,not_enabled,nan,False,nan,nan,nan,,nan,0.0,0.007692903745919466,9.136919975280762,0.02980395406484604,6.724492073059082,143.1593475341797,74500
735000,780000,4910,1597889080,random,74,-1.1920512085983617,0.6978569626808167,-79.67188549755238,40.67921331524849,0.6978569626808167,0.13665400445461273,0,0,0,0,0,0,not_enabled,nan,False,nan,nan,nan,,nan,0.0,0.007683658041059971,8.2067232131958,0.027861757203936577,4.7817487716674805,110.48859405517578,75000
735500,780000,4932,1021061440,random,3,-0.22667875906418458,0.04579462483525276,-1.2787463333929083,0.1533968485891819,0.04579462483525276,0.45422348380088806,0,0,0,0,0,0,not_enabled,nan,False,nan,nan,nan,,nan,0.0,0.0076754773035645485,9.582289695739746,0.02923544868826866,5.842395305633545,128.1116485595703,75500
736000,780000,4948,9091,focused,17,-0.44810631623706815,0.09211572259664536,-1.1229009886610801,2.322298012673855,0.09211572259664536,0.4036220610141754,0,0,0,0,0,0,not_enabled,nan,False,nan,nan,nan,,nan,0.0,0.007669287268072367,9.331521034240723,0.02797449752688408,3.5981285572052,102.33692169189453,76000
736500,780000,4951,1757261298,random,11,-0.22906904228697222,0.26041463017463684,-5.164332414560498,2.549534998834133,0.26041463017463684,0.4573313295841217,0,0,0,0,0,0,not_enabled,nan,False,nan,nan,nan,,nan,0.0,0.007663683034479618,11.524846076965332,0.02873503789305687,3.973160743713379,112.51797485351562,76500
737000,780000,4963,9066,focused,11,0.8234326594795447,0.030240632593631744,4.74074091959864,0.24232417345046997,0.030240632593631744,0.6560249924659729,0,0,0,0,0,0,not_enabled,nan,False,nan,nan,nan,,nan,0.0,0.007660143077373505,10.82910442352295,0.028031472116708755,22.61672019958496,292.6304626464844,77000
737500,780000,4983,975321450,random,198,-0.6253793366772155,0.21914954483509064,-103.14869013817491,44.477068200707436,0.21914954483509064,0.2274530977010727,0,0,0,0,0,0,not_enabled,nan,False,nan,nan,nan,,nan,0.0,0.0076590110547840595,9.146665573120117,0.026371022686362267,7.876401901245117,216.69508361816406,77500
738000,780000,5002,2115539199,random,3,-0.10639069299448098,0.1526433229446411,-0.3230102447990645,0.3328840732574463,0.1526433229446411,0.48574021458625793,0,0,0,0,0,0,not_enabled,nan,False,nan,nan,nan,,nan,0.0,0.00766058498993516,11.968520164489746,0.025738133117556572,5.841314315795898,105.17208862304688,78000
738500,780000,5008,811792428,random,148,-0.4097657866547133,0.048720475286245346,-34.32613610710718,10.660555373877287,0.048720475286245346,0.44335323572158813,0,0,0,0,0,0,not_enabled,nan,False,nan,nan,nan,,nan,0.0,0.007662978023290634,7.346708297729492,0.0304038655012846,3.4826414585113525,90.01128387451172,78500
739000,780000,5021,9185,focused,2,0.6960536347189377,0.1553044319152832,1.1022282267379688,0.23867910355329514,0.1553044319152832,0.4110089838504791,0,0,0,0,0,0,not_enabled,nan,False,nan,nan,nan,,nan,0.0,0.007667575962841511,10.45197868347168,0.02619507536292076,5.337449073791504,165.05458068847656,79000
739500,780000,5035,9100,focused,1,-0.17014473447947354,0.06827663630247116,-0.17014473447947354,0.06827663630247116,0.06827663630247116,0.5654789805412292,0,0,0,0,0,0,not_enabled,nan,False,nan,nan,nan,,nan,0.0,0.007673109881579876,11.288777351379395,0.027632903307676315,3.2663204669952393,114.52810668945312,79500
740000,780000,5053,998589337,random,168,-0.6097624271519638,0.30180108547210693,-115.43873903469522,53.89129117131233,0.30180108547210693,0.19056007266044617,0,0,0,0,0,0,not_enabled,nan,False,nan,nan,nan,,nan,0.0,0.007679017726331949,9.646915435791016,0.028772607445716858,4.128211975097656,83.87218475341797,80000
740500,780000,5061,2146600642,random,239,-0.2548269279884484,0.05502333119511604,-35.648381520081486,15.305597826838493,0.05502333119511604,0.4228260815143585,0,0,0,0,0,0,not_enabled,nan,False,nan,nan,nan,,nan,0.0,0.0076858531683683395,10.696711540222168,0.025560464709997177,4.542394638061523,79.09736633300781,80500
741000,780000,5084,1326468981,random,10,-0.18515732523846973,0.4946083128452301,-3.7782596881765067,4.205614507198334,0.4946083128452301,0.17878392338752747,0,0,0,0,0,0,not_enabled,nan,False,nan,nan,nan,,nan,0.0,0.007694753352552652,8.042779922485352,0.03030291758477688,5.981320381164551,124.22032165527344,81000
741500,780000,5098,1312390607,random,9,0.1781463709264408,0.2249479740858078,-1.740635164404162,2.286024659872055,0.2249479740858078,0.38265353441238403,0,0,0,0,0,0,not_enabled,nan,False,nan,nan,nan,,nan,0.0,0.007705396972596645,10.513720512390137,0.027713647112250328,3.8414273262023926,120.92025756835938,81500
742000,780000,5121,9024,focused,141,-0.1714170789939219,0.02521829679608345,-36.42807839285748,15.023482041433454,0.02521829679608345,0.5861035585403442,0,0,0,0,0,0,not_enabled,nan,False,nan,nan,nan,,nan,0.0,0.007717185653746128,12.009990692138672,0.030954517424106598,16.746097564697266,209.74928283691406,82000
742500,780000,5140,1506541039,random,1,-0.9060432263583723,0.09668576717376709,-0.9060432263583723,0.09668576717376709,0.09668576717376709,0.33731359243392944,0,0,0,0,0,0,not_enabled,nan,False,nan,nan,nan,,nan,0.0,0.007729250472038984,9.097234725952148,0.028974410146474838,4.2004852294921875,119.22159576416016,82500
743000,780000,5158,9140,focused,8,-0.09883335512890151,0.2141672521829605,-1.4306273788803907,1.4053906798362732,0.2141672521829605,0.3398105800151825,0,0,0,0,0,0,not_enabled,nan,False,nan,nan,nan,,nan,0.0,0.007741031236946583,9.116447448730469,0.029892440885305405,14.705238342285156,156.66844177246094,83000
743500,780000,5171,1612718256,random,205,-0.6006944201482536,0.2590234577655792,-115.87548247871818,53.71128121763468,0.2590234577655792,0.206049844622612,0,0,0,0,0,0,not_enabled,nan,False,nan,nan,nan,,nan,0.0,0.007753779646009207,10.443541526794434,0.025366349145770073,5.008275985717773,94.57908630371094,83500
744000,780000,5193,9191,focused,2,-0.07163215779664939,0.10600167512893677,-0.32798327990253173,0.21459480375051498,0.10600167512893677,0.3243634104728699,0,0,0,0,0,0,not_enabled,nan,False,nan,nan,nan,,nan,0.0,0.007766675669699907,11.068184852600098,0.028302863240242004,6.827145099639893,132.13671875,84000
744500,780000,5209,9066,focused,6,0.36862059972788186,0.02067769505083561,1.7739040525292245,0.1255369745194912,0.02067769505083561,0.6560249924659729,0,0,0,0,0,0,not_enabled,nan,False,nan,nan,nan,,nan,0.0,0.007779478095471859,10.423688888549805,0.031337589025497437,4.104592323303223,92.67237854003906,84500
745000,780000,5225,608689077,random,39,-0.1348805165127162,0.14829623699188232,-8.440947595924637,6.339059941470623,0.14829623699188232,0.3223106563091278,0,0,0,0,0,0,not_enabled,nan,False,nan,nan,nan,,nan,0.0,0.00779265072196722,9.907362937927246,0.03024989366531372,5.765731334686279,149.8873748779297,85000
745500,780000,5238,9091,focused,10,0.5493308908375293,0.07991613447666168,0.8632358862193266,1.4958607405424118,0.07991613447666168,0.43273207545280457,0,0,0,0,0,0,not_enabled,nan,False,nan,nan,nan,,nan,0.0,0.007807863410562277,12.443794250488281,0.030907347798347473,3.7722764015197754,119.87022399902344,85500
746000,780000,5251,1264834111,random,38,-1.008511259857386,0.40139856934547424,-38.11798341752526,18.75719504058361,0.40139856934547424,0.15090881288051605,0,0,0,0,0,0,not_enabled,nan,False,nan,nan,nan,,nan,0.0,0.007822318933904171,10.74777889251709,0.031052833423018456,4.43017578125,142.239013671875,86000
746500,780000,5258,9024,focused,146,-0.15014124049494854,0.024841515347361565,-36.65680322782203,14.811628822237253,0.024841515347361565,0.5905834436416626,0,0,0,0,0,0,not_enabled,nan,False,nan,nan,nan,,nan,0.0,0.007837925106287003,9.158761024475098,0.03363186493515968,4.476527214050293,86.11968231201172,86500
747000,780000,5269,1272863767,random,60,-0.06659589803007027,0.03373772278428078,1.4451719850590534,2.5068840011954308,0.03373772278428078,0.5136799216270447,0,0,0,0,0,0,not_enabled,nan,False,nan,nan,nan,,nan,0.0,0.007853979244828224,11.272932052612305,0.035160891711711884,3.8540380001068115,214.94573974609375,87000
747500,780000,5285,9004,focused,1,-0.9430578805606072,0.1276569962501526,-0.9430578805606072,0.1276569962501526,0.1276569962501526,0.2987632155418396,0,0,0,0,0,0,not_enabled,nan,False,nan,nan,nan,,nan,0.0,0.00787059124559164,9.600817680358887,0.03233405947685242,3.684718370437622,96.00921630859375,87500
748000,780000,5303,9058,focused,2,-0.21887945142625995,0.058813292533159256,-0.7605338515797633,0.1218460164964199,0.058813292533159256,0.4119856655597687,0,0,0,0,0,0,not_enabled,nan,False,nan,nan,nan,,nan,0.0,0.007887163199484348,9.700636863708496,0.0340019129216671,4.087222099304199,102.83138275146484,88000
748500,780000,5317,825227164,random,10,-0.4780104690509506,0.22530417144298553,0.11224288447949332,2.8063525035977364,0.22530417144298553,0.30999985337257385,0,0,0,0,0,0,not_enabled,nan,False,nan,nan,nan,,nan,0.0,0.007902804762125015,9.730913162231445,0.028971925377845764,4.875883102416992,110.5171127319336,88500
749000,780000,5324,333597397,random,181,-0.12437760159509481,0.05056430399417877,-42.12205376013602,18.69865195825696,0.05056430399417877,0.43697652220726013,0,0,0,0,0,0,not_enabled,nan,False,nan,nan,nan,,nan,0.0,0.007919489406049252,9.846166610717773,0.03189229220151901,3.777402400970459,87.49018859863281,89000
749500,780000,5336,251854173,random,66,-0.6186856868040969,0.25413671135902405,-33.479233257082754,16.36570706963539,0.25413671135902405,0.20847666263580322,0,0,0,0,0,0,not_enabled,nan,False,nan,nan,nan,,nan,0.0,0.00793665274977684,9.978007316589355,0.03314599767327309,24.603511810302734,542.7381591796875,89500
750000,780000,5338,108449798,random,224,-0.37411205983569545,0.07030721753835678,-80.23767044424623,18.102009624242783,0.07030721753835678,0.40077170729637146,0,0,0,0,0,0,not_enabled,nan,False,nan,nan,nan,,nan,0.0,0.007953106425702572,11.85585880279541,0.03180743753910065,5.290486812591553,108.12581634521484,90000
750500,780000,5357,9024,focused,154,-0.1432100938314273,0.02683638222515583,-36.62212088280951,15.054556557908654,0.02683638222515583,0.5805482864379883,0,0,0,0,0,0,not_enabled,nan,False,nan,nan,nan,,nan,0.0,0.00797148235142231,8.887128829956055,0.03158388286828995,5.900286674499512,86.8321533203125,90500
751000,780000,5371,9191,focused,1,-0.27923923022320374,0.10863032937049866,-0.27923923022320374,0.10863032937049866,0.10863032937049866,0.32094860076904297,0,0,0,0,0,0,not_enabled,nan,False,nan,nan,nan,,nan,0.0,0.007989885285496712,10.510425567626953,0.030497578904032707,4.724043369293213,128.73545837402344,91000
751500,780000,5389,2023985837,random,5,0.37673680068953486,0.3380304276943207,0.5295227853824793,1.3672126233577728,0.3380304276943207,0.3617042303085327,0,0,0,0,0,0,not_enabled,nan,False,nan,nan,nan,,nan,0.0,0.008007834665477276,10.118285179138184,0.031188439577817917,6.904027462005615,155.69744873046875,91500
752000,780000,5394,1092709018,random,204,-0.17199831737394114,0.03417617455124855,-32.50575845231477,11.498230189085007,0.03417617455124855,0.6353198289871216,0,0,0,0,0,0,not_enabled,nan,False,nan,nan,nan,,nan,0.0,0.008025583811104298,10.764030456542969,0.030939549207687378,4.2064409255981445,107.08097839355469,92000
752500,780000,5404,2074866064,random,89,-0.40280576098348975,0.17011724412441254,-43.92548970670524,20.179463803768158,0.17011724412441254,0.26040181517601013,0,0,0,0,0,0,not_enabled,nan,False,nan,nan,nan,,nan,0.0,0.008043671026825905,10.699684143066406,0.031234528869390488,5.814579963684082,160.979736328125,92500
753000,780000,5414,334649320,random,200,-0.0929937892466797,0.058477435261011124,-35.29434394985006,18.173082135617733,0.058477435261011124,0.4133143723011017,0,0,0,0,0,0,not_enabled,nan,False,nan,nan,nan,,nan,0.0,0.008062970824539661,9.816879272460938,0.03251808136701584,4.581713676452637,110.25617218017578,93000
753500,780000,5429,1677717253,random,234,-0.7453533780882806,0.3453451991081238,-156.05035362855082,71.76843400299549,0.3453451991081238,0.17809808254241943,0,0,0,0,0,0,not_enabled,nan,False,nan,nan,nan,,nan,0.0,0.00808116514235735,11.526135444641113,0.031983330845832825,6.091151237487793,120.90499877929688,93500
754000,780000,5448,9140,focused,11,-0.17794992321922282,0.2291690707206726,-1.92498957390882,1.964998409152031,0.2291690707206726,0.3200646936893463,0,0,0,0,0,0,not_enabled,nan,False,nan,nan,nan,,nan,0.0,0.008099006488919258,11.906274795532227,0.03011929988861084,3.140826940536499,102.46598815917969,94000
754500,780000,5458,1082631471,random,90,-0.6519288083136568,0.2577480971813202,-55.67416397555908,28.764020189642906,0.2577480971813202,0.20667849481105804,0,0,0,0,0,0,not_enabled,nan,False,nan,nan,nan,,nan,0.0,0.0081165237352252,9.718228340148926,0.02648460492491722,6.919976234436035,133.9410858154297,94500
755000,780000,5465,9185,focused,18,-0.20716442732431567,0.07244738936424255,-1.08341823911735,2.0368315428495407,0.07244738936424255,0.37951526045799255,0,0,0,0,0,0,not_enabled,nan,False,nan,nan,nan,,nan,0.0,0.00813369546085596,9.934321403503418,0.029956571757793427,7.7352399826049805,107.19856262207031,95000
755500,780000,5482,9145,focused,7,-0.07348526350765844,0.19360443949699402,-1.2939106764910087,1.4389409869909286,0.19360443949699402,0.24348923563957214,0,0,0,0,0,0,not_enabled,nan,False,nan,nan,nan,,nan,0.0,0.00815114751458168,9.153766632080078,0.026859750971198082,8.169914245605469,143.71395874023438,95500
756000,780000,5492,657032338,random,123,-0.31128593693271,0.13132105767726898,-42.202214918533684,17.471246898174286,0.13132105767726898,0.30079230666160583,0,0,0,0,0,0,not_enabled,nan,False,nan,nan,nan,,nan,0.0,0.008168298751115799,9.479325294494629,0.03262181580066681,6.339387893676758,156.5712890625,96000
756500,780000,5502,9023,focused,19,-0.35444318561446503,0.39925283193588257,-9.59435615014329,5.623277924954891,0.39925283193588257,0.3018744885921478,0,0,0,0,0,0,not_enabled,nan,False,nan,nan,nan,,nan,0.0,0.008186262100934982,9.921826362609863,0.034252315759658813,5.042306423187256,103.20052337646484,96500
757000,780000,5518,967544287,random,39,-0.5799973212736451,0.21352405846118927,-27.56776673800005,14.212437823414803,0.21352405846118927,0.23080512881278992,0,0,0,0,0,0,not_enabled,nan,False,nan,nan,nan,,nan,0.0,0.008203287608921528,11.436397552490234,0.0333615317940712,3.899311065673828,84.32191467285156,97000
757500,780000,5523,1418052230,random,15,-0.24490944567483783,0.12455693632364273,-4.76691032287824,2.6301259547472,0.12455693632364273,0.3207816779613495,0,0,0,0,0,0,not_enabled,nan,False,nan,nan,nan,,nan,0.0,0.008223175071179867,9.596359252929688,0.03192256763577461,4.086038589477539,102.87931823730469,97500
758000,780000,5533,114280271,random,144,-0.368728970083921,0.05208292230963707,-60.05745427645679,23.281465381383896,0.05208292230963707,0.4319676458835602,0,0,0,0,0,0,not_enabled,nan,False,nan,nan,nan,,nan,0.0,0.008242854848504066,11.069761276245117,0.02874835394322872,3.144987106323242,84.11552429199219,98000
758500,780000,5546,9189,focused,13,0.8739913729215472,0.03579038754105568,4.47210101249394,0.6046876423060894,0.03579038754105568,0.5012459754943848,0,0,0,0,0,0,not_enabled,nan,False,nan,nan,nan,,nan,0.0,0.008261924609541893,10.908787727355957,0.032436471432447433,3.240253210067749,101.28484344482422,98500
759000,780000,5558,1069714003,random,17,20.5083530887597,0.0537584125995636,23.89587430639676,0.9527495130896568,0.0537584125995636,0.4803002178668976,1,0,0,0,0,0,not_enabled,nan,False,nan,nan,nan,,nan,0.0,0.008280805312097073,10.94975471496582,0.03417746722698212,4.408099174499512,76.75286865234375,99000
759500,780000,5576,1345193524,random,34,-0.5131982193096454,0.10624945163726807,-18.575975158166838,3.8490151911973953,0.10624945163726807,0.396350234746933,0,0,0,0,0,0,not_enabled,nan,False,nan,nan,nan,,nan,0.0,0.00829844269901514,9.666301727294922,0.032893016934394836,16.6390323638916,204.8265380859375,99500
760000,780000,5582,663221957,random,3,-0.21556219160582712,0.3309667110443115,-0.6909809137675581,0.8633066713809967,0.3309667110443115,0.29483774304389954,0,0,0,0,0,0,not_enabled,nan,False,nan,nan,nan,,nan,0.0,0.008317489176988602,11.282766342163086,0.032373495399951935,3.9899978637695312,85.66654968261719,100000
760500,780000,5588,605482405,random,158,-0.08544520162966819,0.042601462453603745,-11.865438234780632,6.1496021412312984,0.042601462453603745,0.5018414855003357,0,0,0,0,0,0,not_enabled,nan,False,nan,nan,nan,,nan,0.0,0.008337032981216908,9.868224143981934,0.03503398597240448,6.735013961791992,134.66751098632812,100500
761000,780000,5597,2075278428,random,47,-0.1448910461329123,0.03241812065243721,-0.19301552206716835,1.876408552750945,0.03241812065243721,0.5224123597145081,0,0,0,0,0,0,not_enabled,nan,False,nan,nan,nan,,nan,0.0,0.008356455713510513,9.336922645568848,0.0331416055560112,3.7120509147644043,101.61666870117188,101000
761500,780000,5610,9023,focused,20,-0.3832403474236879,0.4368407428264618,-10.27534224683735,6.248266734182835,0.4368407428264618,0.27220839262008667,0,0,0,0,0,0,not_enabled,nan,False,nan,nan,nan,,nan,0.0,0.008376454934477806,8.26011848449707,0.03162798658013344,3.9490246772766113,183.49391174316406,101500
762000,780000,5617,285667762,random,166,-0.42152801882369684,0.17544633150100708,-81.83077623058418,38.10831011086702,0.17544633150100708,0.26625916361808777,0,0,0,0,0,0,not_enabled,nan,False,nan,nan,nan,,nan,0.0,0.008396141231060028,8.107481002807617,0.030099188908934593,6.583454132080078,155.132080078125,102000
762500,780000,5631,9189,focused,15,0.253654898423209,0.03579038381576538,5.345224466480786,0.6749479323625565,0.03579038381576538,0.5012459754943848,0,0,0,0,0,0,not_enabled,nan,False,nan,nan,nan,,nan,0.0,0.008416539989411831,7.01971435546875,0.027322441339492798,3.997281074523926,102.63300323486328,102500
763000,780000,5645,9058,focused,34,0.07245513963109584,0.04182904213666916,4.073415195453786,1.4556979984045029,0.04182904213666916,0.4836636781692505,0,0,0,0,0,0,not_enabled,nan,False,nan,nan,nan,,nan,0.0,0.008437210693955421,8.553997039794922,0.03575308993458748,5.619479656219482,136.06646728515625,103000
763500,780000,5660,9024,focused,218,-0.18694876962237636,0.025976302102208138,-48.70474084081135,15.589087285101414,0.025976302102208138,0.6340582370758057,0,0,0,0,0,0,not_enabled,nan,False,nan,nan,nan,,nan,0.0,0.008457527495920658,11.147846221923828,0.03258570283651352,7.691232681274414,192.73748779296875,103500
764000,780000,5673,1721376857,random,15,20.590677570908383,0.059504855424165726,26.54952195726251,0.5523803494870663,0.059504855424165726,0.5717387795448303,1,0,0,0,0,0,not_enabled,nan,False,nan,nan,nan,,nan,0.0,0.00847768783569336,8.491952896118164,0.03291749209165573,5.126398086547852,143.61300659179688,104000
764500,780000,5686,40832285,random,90,-0.908410920674055,0.42579934000968933,-91.44586447574763,45.595497250556946,0.42579934000968933,0.1435617357492447,0,0,0,0,0,0,not_enabled,nan,False,nan,nan,nan,,nan,0.0,0.008497122675180435,9.145698547363281,0.032349780201911926,5.144865989685059,115.70096588134766,104500
765000,780000,5695,9091,focused,3,-0.17753411515060935,0.24299125373363495,-0.559202422631609,0.6193288713693619,0.24299125373363495,0.49611416459083557,0,0,0,0,0,0,not_enabled,nan,False,nan,nan,nan,,nan,0.0,0.008517417125403881,9.191473960876465,0.03465844318270683,4.291044235229492,98.31868743896484,105000
765500,780000,5711,255288545,random,1,-0.5581913741909784,0.18982411921024323,-0.5581913741909784,0.18982411921024323,0.18982411921024323,0.36840489506721497,0,0,0,0,0,0,not_enabled,nan,False,nan,nan,nan,,nan,0.0,0.00853655580431223,10.949222564697266,0.031193118542432785,7.939422130584717,297.71435546875,105500
766000,780000,5715,683118371,random,224,-0.5210249701237466,0.07068625837564468,-35.20387876822395,16.894004959613085,0.07068625837564468,0.38468578457832336,0,0,0,0,0,0,not_enabled,nan,False,nan,nan,nan,,nan,0.0,0.008555512875318527,9.069747924804688,0.03341613709926605,9.138467788696289,249.51129150390625,106000
766500,780000,5721,1774721100,random,179,0.14063455232198785,0.035144954919815063,-14.16853853743215,7.014469508081675,0.035144954919815063,0.510568380355835,0,0,0,0,0,0,not_enabled,nan,False,nan,nan,nan,,nan,0.0,0.00857463851571083,8.756155967712402,0.034329645335674286,4.237213611602783,113.54428100585938,106500
767000,780000,5744,1542389146,random,37,-0.6986009062579223,0.3922181725502014,-25.18634470781186,15.171707734465599,0.3922181725502014,0.18878591060638428,0,0,0,0,0,0,not_enabled,nan,False,nan,nan,nan,,nan,0.0,0.00859316810965538,7.398911476135254,0.03323042392730713,4.784371852874756,97.32278442382812,107000
767500,780000,5759,9189,focused,3,0.203543775400976,0.06078100949525833,-0.09793765097972351,0.22224338352680206,0.06078100949525833,0.4067213237285614,0,0,0,0,0,0,not_enabled,nan,False,nan,nan,nan,,nan,0.0,0.00861232541501522,9.406803131103516,0.035101935267448425,5.066871643066406,121.79346466064453,107500
768000,780000,5768,1764113163,random,83,-0.27137631386840827,0.16532078385353088,-38.8597220406998,20.8862192556262,0.16532078385353088,0.2740858495235443,0,0,0,0,0,0,not_enabled,nan,False,nan,nan,nan,,nan,0.0,0.008632450364530087,10.924699783325195,0.030393779277801514,4.322391510009766,109.04550170898438,108000
768500,780000,5790,9066,focused,2,0.21554615746849665,0.02102486416697502,0.21791790423515686,0.04276016540825367,0.02102486416697502,0.6489799618721008,0,0,0,0,0,0,not_enabled,nan,False,nan,nan,nan,,nan,0.0,0.008651740849018097,9.861785888671875,0.03356214612722397,3.758382797241211,108.03125,108500
769000,780000,5823,811398461,random,4,0.1976685425992536,0.058871105313301086,0.35945728997504955,0.2634251341223717,0.058871105313301086,0.4118276536464691,0,0,0,0,0,0,not_enabled,nan,False,nan,nan,nan,,nan,0.0,0.00867119338363409,8.834909439086914,0.03508676961064339,8.861138343811035,199.56301879882812,109000
769500,780000,5831,1687801775,random,163,-0.35024993182577463,0.11557883024215698,-62.33922397817528,19.715404499322176,0.11557883024215698,0.31370434165000916,0,0,0,0,0,0,not_enabled,nan,False,nan,nan,nan,,nan,0.0,0.008690856397151947,8.563872337341309,0.034679945558309555,4.911581993103027,136.6118927001953,109500
770000,780000,5850,9024,focused,61,-0.28675705509718097,0.08040677756071091,-17.595906228751016,10.224644161760807,0.08040677756071091,0.36396071314811707,0,0,0,0,0,0,not_enabled,nan,False,nan,nan,nan,,nan,0.0,0.008710408583283424,7.140089511871338,0.0323634073138237,3.7910594940185547,81.035888671875,110000
770500,780000,5881,9199,focused,22,-0.9380646744105389,0.3843260407447815,-11.3515108553254,7.282661199569702,0.3843260407447815,0.1920948028564453,0,0,0,0,0,0,not_enabled,nan,False,nan,nan,nan,,nan,0.0,0.008729980327188969,10.48413372039795,0.037047334015369415,5.569242000579834,133.16770935058594,110500
771000,780000,5904,191530909,random,83,-0.6073081406496672,0.03248677775263786,-5.749751113673154,3.625805165618658,0.03248677775263786,0.5219420194625854,0,0,0,0,0,0,not_enabled,nan,False,nan,nan,nan,,nan,0.0,0.008748795837163925,7.655632495880127,0.03578733652830124,25.691753387451172,274.04278564453125,111000
771500,780000,5923,1162544593,random,7,-0.3863037198613145,0.09047552943229675,-5.793859477256662,1.1498274430632591,0.09047552943229675,0.3467944264411926,0,0,0,0,0,0,not_enabled,nan,False,nan,nan,nan,,nan,0.0,0.008767514489591122,10.981091499328613,0.03134272247552872,4.822341442108154,141.07666015625,111500
772000,780000,5939,9199,focused,15,-0.5087752773004646,0.2947082817554474,-6.888559892801667,5.325817883014679,0.2947082817554474,0.18967591226100922,0,0,0,0,0,0,not_enabled,nan,False,nan,nan,nan,,nan,0.0,0.008786062709987164,9.193470001220703,0.033229999244213104,4.414621829986572,117.13386535644531,112000
772500,780000,5949,714936220,random,100,-0.3091264613454527,0.21218770742416382,-47.668774125797356,26.505792170763016,0.21218770742416382,0.23161537945270538,0,0,0,0,0,0,not_enabled,nan,False,nan,nan,nan,,nan,0.0,0.008805443532764912,9.790986061096191,0.033816300332546234,5.072379112243652,102.75582885742188,112500
773000,780000,5959,1552535078,random,26,1.12106649458455,0.018367454409599304,0.22991907909667453,1.0516459830105305,0.018367454409599304,0.7177990674972534,0,0,0,0,0,0,not_enabled,nan,False,nan,nan,nan,,nan,0.0,0.00882397498935461,8.752165794372559,0.032211676239967346,6.735973358154297,97.8048095703125,113000
773500,780000,5966,1740448769,random,147,-0.11968579301631252,0.02837665006518364,-8.239740381561498,4.191567644476891,0.02837665006518364,0.5539600253105164,0,0,0,0,0,0,not_enabled,nan,False,nan,nan,nan,,nan,0.0,0.008842275477945805,12.273650169372559,0.03378596156835556,3.936225652694702,113.88998413085938,113500
774000,780000,5980,1098122284,random,220,-0.502873526397816,0.12444981187582016,-101.62139836205353,33.72500639408827,0.12444981187582016,0.3022270202636719,0,0,0,0,0,0,not_enabled,nan,False,nan,nan,nan,,nan,0.0,0.008858853951096535,9.02769660949707,0.03627970069646835,6.250988006591797,112.12557220458984,114000
774500,780000,6005,1671137521,random,2,-0.08396300459757647,0.14660459756851196,-0.3107250416644901,0.279484361410141,0.14660459756851196,0.31751182675361633,0,0,0,0,0,0,not_enabled,nan,False,nan,nan,nan,,nan,0.0,0.00887610949575901,9.288122177124023,0.03423452749848366,4.5242133140563965,120.52006530761719,114500
775000,780000,6036,1157492016,random,20,19.28053249836184,0.460409939289093,13.438626629734383,7.140797734260559,0.460409939289093,0.19395990669727325,1,0,0,0,0,0,not_enabled,nan,False,nan,nan,nan,,nan,0.0,0.00889305118471384,9.170647621154785,0.03275405615568161,4.464605808258057,90.01960754394531,115000
775500,780000,6051,9145,focused,6,0.03663659023813115,0.1888858526945114,-0.9115825811511746,1.2444357573986053,0.1888858526945114,0.24670100212097168,0,0,0,0,0,0,not_enabled,nan,False,nan,nan,nan,,nan,0.0,0.00890917144715786,11.07467269897461,0.034843120723962784,5.492861747741699,142.16909790039062,115500
776000,780000,6079,9118,focused,4,0.5944736383747785,0.03405381739139557,1.2588080634124417,0.13980641588568687,0.03405381739139557,0.5116792321205139,0,0,0,0,0,0,not_enabled,nan,False,nan,nan,nan,,nan,0.0,0.00892667006701231,8.19957160949707,0.03041800484061241,3.9672160148620605,96.09403991699219,116000
776500,780000,6107,9058,focused,25,-0.18033649762239312,0.04223497584462166,5.70062320765831,1.0696179270744324,0.04223497584462166,0.4870738983154297,0,0,0,0,0,0,not_enabled,nan,False,nan,nan,nan,,nan,0.0,0.008943341672420502,9.964616775512695,0.03511369228363037,4.38224983215332,118.9010009765625,116500
777000,780000,6122,9189,focused,25,-0.13905527025231612,0.03579038381576538,4.676602997313717,1.0328109003603458,0.03579038381576538,0.5012459754943848,0,0,0,0,0,0,not_enabled,nan,False,nan,nan,nan,,nan,0.0,0.008960775099694729,10.612358093261719,0.03286667913198471,13.984294891357422,245.52276611328125,117000
777500,780000,6145,361985388,random,105,-0.3757749895774598,0.20688697695732117,-36.6537525691796,19.66605779528618,0.20688697695732117,0.24054475128650665,0,0,0,0,0,0,not_enabled,nan,False,nan,nan,nan,,nan,0.0,0.008978216908872128,10.499153137207031,0.03686142712831497,4.475680828094482,116.55415344238281,117500
778000,780000,6165,383863623,random,12,0.4049344369965868,0.31963881850242615,1.7891970945556728,2.3060992881655693,0.31963881850242615,0.25996026396751404,0,0,0,0,0,0,not_enabled,nan,False,nan,nan,nan,,nan,0.0,0.008996318094432354,9.225321769714355,0.03533276170492172,9.77097225189209,156.95462036132812,118000
778500,780000,6187,1900563325,random,5,0.1490049039441408,0.05300503224134445,0.3056467276990246,0.3377373106777668,0.05300503224134445,0.42902520298957825,0,0,0,0,0,0,not_enabled,nan,False,nan,nan,nan,,nan,0.0,0.009014422073960304,8.261752128601074,0.029674004763364792,5.438216209411621,132.6633758544922,118500
779000,780000,6203,328235225,random,1,-0.8669578209061467,0.07404866814613342,-0.8669578209061467,0.07404866814613342,0.07404866814613342,0.376219779253006,0,0,0,0,0,0,not_enabled,nan,False,nan,nan,nan,,nan,0.0,0.009033174254000187,8.9243803024292,0.03230878338217735,4.775985240936279,210.660400390625,119000
779500,780000,6227,9004,focused,23,0.3460122011766336,0.021317634731531143,-1.4197255203541617,1.0632886961102486,0.021317634731531143,0.6433443427085876,0,0,0,0,0,0,not_enabled,nan,False,nan,nan,nan,,nan,0.0,0.009052452631294727,7.472543239593506,0.03329579159617424,3.3760673999786377,93.87957763671875,119500
780000,780000,6242,9058,focused,27,-0.1296442986658909,0.03844451904296875,5.6921626893765165,1.1543332785367966,0.03844451904296875,0.48687005043029785,0,0,0,0,0,0,not_enabled,nan,False,nan,nan,nan,,nan,0.0,0.00907257292419672,10.17380142211914,0.036277905106544495,4.21054220199585,107.74606323242188,120000
