episode,step,episode_reward,episode_cost,episode_length,success,collision,safety_violation_rate,min_distance,mean_risk,lambda,alpha
1,141,-23.052227287718484,192.53460477665067,141,0,1,0.28368794326241137,-0.0006279071094468236,0.45769223245851537,0.10040774682544912,0.20000000298023224
2,180,-8.35910153165611,55.20927223563194,39,0,1,0.23076923076923078,0.04631858691573143,0.5181864675803062,0.10122791749213388,0.20000000298023224
3,214,-7.675023462307027,75.12235480546951,34,0,1,0.4411764705882353,-0.0005174806574359536,0.650657494278515,0.10283682013732953,0.20000000298023224
4,255,-15.625608236525663,39.78533522039652,41,0,1,0.12195121951219512,0.09449071437120438,0.4093984200096712,0.10457546466514829,0.20000000298023224
5,344,-27.669972714089784,130.26628758013248,89,0,1,0.30337078651685395,-0.003489656141027808,0.4636661525857583,0.106684010042869,0.20000000298023224
6,369,-3.866857127477001,51.39151495695114,25,0,1,0.36,-0.01496805064380169,0.6556605982780457,0.10943995845084269,0.20000000298023224
7,407,-16.005354919432932,47.68286083638668,38,0,1,0.18421052631578946,0.09095483273267746,0.4916542325364916,0.11241051550205436,0.20000000298023224
8,478,-20.57813911960938,81.46579195559025,71,0,1,0.2112676056338028,-0.00329492031596601,0.40092664726183447,0.11553124746095608,0.20000000298023224
9,531,-11.252439593059474,63.16487618535757,53,0,1,0.20754716981132076,0.02516857720911503,0.41820521104448244,0.11881683788026515,0.20000000298023224
10,560,-24.79348426530119,41.43146055936813,29,0,1,0.20689655172413793,-0.002111518755555153,0.5321193296333839,0.12237748430549442,0.20000000298023224
11,595,-19.688844728736317,59.49702888727188,35,0,1,0.3142857142857143,-0.003057249588891864,0.5284865396363395,0.12633505596499467,0.20000000298023224
12,630,-21.429812488557566,63.898028790950775,35,0,1,0.34285714285714286,-0.015364086255431175,0.5685151083128793,0.1307325780242478,0.20000000298023224
13,657,-4.523346533129799,62.387791097164154,27,0,1,0.4444444444444444,-0.004310749936848879,0.6810292998949686,0.13579055344530055,0.20000000298023224
14,658,20.044095004732675,0.2326914221048355,1,1,0,0.0,0.5238364338874817,0.2326914221048355,0.1404369758063531,0.20000000298023224
15,724,-14.839877573695093,64.1221456900239,66,0,1,0.15151515151515152,-0.003552274778485298,0.3957900862124833,0.14506185088033802,0.20000000298023224
16,768,-10.72768531762307,60.53818316757679,44,0,1,0.22727272727272727,0.026448631659150124,0.5122314356267452,0.14986841610025525,0.20000000298023224
17,799,-8.561434864848573,41.478031009435654,31,0,1,0.1935483870967742,0.04227028414607048,0.4992913228850211,0.15482865355932882,0.20000000298023224
18,832,-24.179911633979053,49.934792056679726,33,0,1,0.24242424242424243,-0.00012691110896412283,0.5434785471721129,0.16002246690388325,0.20000000298023224
19,873,-15.172276115585758,32.43974832445383,41,0,1,0.07317073170731707,0.1014665737748146,0.3765792274257032,0.16507719626809353,0.20000000298023224
20,892,-4.125576664802694,24.034621119499207,19,0,1,0.10526315789473684,0.0989062711596489,0.528137953657853,0.1702366791935538,0.20000000298023224
21,918,-16.14184663484905,54.11344836652279,26,0,1,0.38461538461538464,-0.00026654242537915707,0.6197480140970304,0.17590383121055883,0.20000000298023224
22,954,-3.1362634003562415,96.2411938905716,36,0,1,0.5833333333333334,-0.002930121496319771,0.7011442747380998,0.18234930887519377,0.20000000298023224
23,1194,-51.43869834363965,52.85378414206207,240,0,0,0.0,0.12411008030176163,0.2202241005919253,0.1883076247068929,0.1886761337518692
24,1222,-7.096886721350797,60.07645025849342,28,0,1,0.39285714285714285,-0.004598202183842659,0.6813017949461937,0.19476581850162306,0.1871134489774704
25,1258,-17.439620393788715,42.28562617301941,36,0,1,0.16666666666666666,0.07167581468820572,0.4523785048060947,0.20121340297013085,0.18513159453868866
26,1327,-16.608431895989682,50.88285721093416,69,0,1,0.10144927536231885,0.04083998128771782,0.3171428581294806,0.2074323245718142,0.18141381442546844
27,1340,-5.056794417610577,45.808221101760864,13,0,1,0.6923076923076923,-0.006828604266047478,0.8314016232123742,0.21482715475117345,0.18072840571403503
28,1580,-46.979141094248995,65.96869413927197,240,0,0,0.0,0.13928189873695374,0.27486955891363324,0.22171467820102153,0.1687764674425125
29,1604,-4.388080815260257,28.884042352437973,24,0,1,0.125,0.06295571476221085,0.49516843135158223,0.22858457636071966,0.1676194667816162
30,1655,-20.471418877223844,63.86600549519062,51,0,1,0.21568627450980393,0.003736721584573388,0.4483530489253063,0.23546211692120927,0.16517490148544312
31,1676,-7.676168630157612,39.20037513971329,21,0,1,0.2857142857142857,-0.007285071536898613,0.6285892923672994,0.24265412271890568,0.16416923701763153
32,1916,-433.9452348366516,80.77001681737602,240,0,0,0.03333333333333333,0.10229156166315079,0.23654173673906673,0.24937979909508678,0.15367349982261658
33,1953,-12.241976085739692,36.338570192456245,37,0,1,0.10810810810810811,0.09010306745767593,0.4415829781744931,0.2559852534118164,0.15213310718536377
34,1981,-14.897619927434512,48.357246428728104,28,0,1,0.2857142857142857,-0.00286631821654737,0.5841873724545751,0.26284895727036534,0.15100812911987305
35,2087,-21.82024822996935,83.10000030696392,106,0,1,0.1320754716981132,0.04201347753405571,0.31226415383928224,0.26948645706951024,0.1466914564371109
36,2115,-11.813947040255126,65.96891678869724,28,0,1,0.4642857142857143,-0.0003960707690566778,0.6774613138820443,0.27669509824992466,0.14558196067810059
37,2144,-45.78610979244594,74.51620095968246,29,0,1,0.5172413793103449,-0.003875357797369361,0.7419379641269815,0.2845530694568301,0.14442193508148193
38,2271,-88.54513628679138,193.30368559993804,127,0,1,0.33070866141732286,0.007506498601287603,0.46695815433022075,0.29250418023567354,0.1394568830728531
39,2323,-24.244445179032272,72.81253084540367,52,0,1,0.2692307692307692,-0.0012745687272399664,0.4387025162577629,0.3004828559644729,0.13744978606700897
40,2362,-15.037479974783901,64.5283686965704,39,0,1,0.3076923076923077,-0.003330231411382556,0.5263684281171896,0.30861488468499343,0.13596047461032867
41,2397,-12.94918059537671,85.21408839523792,35,0,1,0.5142857142857142,-0.013622225262224674,0.6632596684353692,0.3172826560894199,0.1346413642168045
42,2414,-7.340068530797155,48.259594053030014,17,0,1,0.5294117647058824,-0.005208006128668785,0.7799761207664714,0.3266614387487142,0.13399605453014374
43,2453,-10.892801598719632,62.267042472958565,39,0,1,0.28205128205128205,0.02706005610525608,0.5453087813579119,0.3360945776913637,0.13250361382961273
44,2608,-25.081351839145984,156.35331306420267,155,0,1,0.1935483870967742,0.0022362268064171076,0.37647298751098496,0.3452854252128943,0.1267179697751999
45,2848,-173.91766304800893,283.2368430774659,240,0,0,0.25833333333333336,0.019211551174521446,0.40515351282277456,0.35433180711475976,0.11823207885026932
46,2880,21.20464189465005,5.567429326474667,32,1,0,0.0,0.2669532597064972,0.17398216645233333,0.36273786100475813,0.11714482307434082
47,2904,-5.545355957569692,43.48101028800011,24,0,1,0.2916666666666667,0.05086023733019829,0.6033754286666712,0.3713544665812566,0.11633404344320297
48,2921,-4.981115063365976,47.93269458413124,17,0,1,0.5294117647058824,-0.0010344886686652899,0.7607467402430141,0.3806750270137575,0.11576875299215317
49,3161,-86.26145170970257,173.73642504960299,240,0,0,0.15416666666666667,0.015188852325081825,0.26140177104001244,0.3896165103101534,0.10822007060050964
50,3401,-389.95143998366194,45.28012387081981,240,0,0,0.0,0.16772975027561188,0.18866718279508252,0.397930253033127,0.10108747333288193
51,3641,-313.7275159127202,106.66441648080945,240,0,0,0.07083333333333333,0.04478286951780319,0.23193506867003938,0.40577552615428697,0.0944330170750618
52,3881,-50.80255740770279,94.86194563284516,240,0,0,0.0625,0.07804960012435913,0.20775810680352153,0.41315116467279067,0.08831343799829483
53,4121,-119.40777143324875,31.31923770532012,240,0,0,0.0,0.2378402054309845,0.13049682377216718,0.4199482696772553,0.08267589658498764
54,4361,-56.998760548710216,27.27394949644804,240,0,0,0.0,0.21939827501773834,0.11364145623520017,0.4261873401596143,0.07748503983020782
55,4601,-82.34620355759168,57.02823631465435,240,0,0,0.0,0.12807781994342804,0.2376176513110598,0.43195826594351083,0.07267769426107407
56,4841,-31.713236838050815,45.11105219647288,240,0,0,0.0,0.18596939742565155,0.1879627174853037,0.43725962679695524,0.06818611174821854
57,5081,-14.350339913483213,25.726956166327,240,0,0,0.0,0.21086351573467255,0.10719565069302917,0.4420745174330739,0.0640311911702156
58,5321,-37.60962807797013,41.93232971429825,240,0,0,0.0,0.1520145982503891,0.1747180404762427,0.44646102255762476,0.060182925313711166
59,5561,-36.49420824502374,48.63761204481125,240,0,0,0.0,0.20426832139492035,0.20265671685338021,0.45045453078437475,0.05655718222260475
60,5801,-16.427292824382075,31.411859599873424,240,0,0,0.0,0.21245165169239044,0.13088274833280594,0.45403880497395366,0.053160183131694794
61,6041,-32.088552175888594,67.42201286926866,240,0,0,0.0,0.1356648951768875,0.28092505362195275,0.4573093279808646,0.049993179738521576
62,6281,-46.91299933804774,59.456034153699875,240,0,0,0.0,0.17426083981990814,0.24773347564041615,0.4602651915752502,0.047051556408405304
63,6355,8.823565148584223,19.622294332832098,74,1,0,0.0,0.17786957323551178,0.26516613963286617,0.462930845059733,0.046176325529813766
64,6360,21.177248460688055,1.2026405781507492,5,1,0,0.0,0.31305283308029175,0.24052811563014984,0.46530847992780666,0.04611825570464134
65,6600,-113.18742191144112,138.91100297868252,240,0,0,0.058333333333333334,0.06509958952665329,0.4037958457445105,0.46758163097534894,0.04344772920012474
66,6840,-67.8525854042703,43.839355666190386,240,0,0,0.0,0.18616144359111786,0.18266398194245995,0.46955745646148533,0.04100259393453598
67,7080,-95.57856425528135,26.348728451877832,240,0,0,0.0,0.2297510951757431,0.10978636854949096,0.4712143838575896,0.03874412924051285
68,7242,-0.1438879600971248,33.09745994955301,162,1,0,0.0,0.171944722533226,0.20430530833057414,0.472615617538054,0.03732418268918991
69,7482,-104.61742888788035,82.5016582198441,240,0,0,0.004166666666666667,0.1199946328997612,0.3312569092493504,0.4738436679891198,0.035341136157512665
70,7722,-77.24277630198758,33.65866998024285,240,0,0,0.0,0.22487278282642365,0.14024445825101187,0.47480543814675785,0.03345094993710518
71,7962,-71.73983733976122,40.64134178683162,240,0,0,0.0,0.16084782779216766,0.1693389241117984,0.4755287892585699,0.031667597591876984
72,8202,-28.95401693575553,58.470192447304726,240,0,0,0.0,0.1469501107931137,0.2436258018637697,0.47606278571572325,0.029963364824652672
73,8442,-49.377210457453785,52.60093686170876,240,0,0,0.0,0.14465515315532684,0.21917057025711983,0.4764046676351475,0.028376778587698936
74,8652,-40.46271997914617,150.1228093057871,210,0,1,0.10952380952380952,0.020063677802681923,0.34820385383708136,0.4768118907188524,0.02707720175385475
75,8892,-50.0053863601623,82.52971147745848,240,0,0,0.0125,0.11326611042022705,0.30637379782274365,0.4770956895472834,0.025724204257130623
76,8949,19.200516806738698,20.85148596763611,57,1,0,0.0,0.12391012907028198,0.36581554329186156,0.47727320620593877,0.02540707029402256
77,9189,-40.838301642077084,47.11999136954546,240,0,0,0.0,0.14261038601398468,0.1963332973731061,0.47726501368034796,0.024148184806108475
78,9199,22.98869227150026,3.72254142165184,10,1,0,0.0,0.1921192854642868,0.37225414216518404,0.47716835785211925,0.024098079651594162
79,9439,-31.05484609232058,64.49817086011171,240,0,0,0.0,0.13862244784832,0.2687423785837988,0.4769359060045939,0.02296210639178753
80,9679,-31.101658668913064,71.38106019049883,240,0,0,0.0125,0.11582718789577484,0.25992108412707843,0.47658878729150833,0.021928660571575165
81,9919,-76.62131241737207,44.1129200682044,240,0,0,0.0,0.14852212369441986,0.18380383361751834,0.4760759264308858,0.02098572626709938
82,10159,-69.490721391284,57.02216635644436,240,0,0,0.008333333333333333,0.11589010059833527,0.21259235981851815,0.4754325047932037,0.020150229334831238
83,10399,-129.3697488490472,43.471729040145874,240,0,0,0.0,0.1787930577993393,0.18113220433394114,0.47463682033957266,0.01939660683274269
84,10528,16.870955291781218,20.782329495996237,129,1,0,0.0,0.233371302485466,0.1611033294263274,0.47368647177333634,0.0190165713429451
85,10768,-40.444286056527204,40.24388731457293,240,0,0,0.0,0.16451479494571686,0.16768286381072053,0.4725924820673172,0.018376482650637627
86,11008,-57.793239164607066,84.74424809962511,240,0,0,0.0375,0.10784339159727097,0.24060103374843797,0.4714547423634732,0.017885232344269753
87,11181,-42.09906023860532,63.21372636593878,173,0,1,0.028901734104046242,-0.0031462181359529495,0.2324492853522473,0.4702815882759368,0.017596399411559105
88,11421,-36.58517932018435,37.142195446416736,240,0,0,0.0,0.15208357572555542,0.15475914769340307,0.468969471466624,0.017270797863602638
89,11516,9.240417112825412,16.772869508713484,95,1,0,0.0,0.1362069845199585,0.17655652114435247,0.467536238758349,0.017165156081318855
90,11756,-52.222022097183746,55.84673599898815,240,0,0,0.0,0.12779384851455688,0.2326947333291173,0.4660160150521523,0.016835488379001617
91,11996,-41.55715194117468,61.12651202455163,240,0,0,0.0,0.12685945630073547,0.2546938001022985,0.46442414943131655,0.016561277210712433
92,12236,-48.005492062811626,86.2912862226367,240,0,0,0.03333333333333333,0.11229711025953293,0.25954702592765294,0.46281665060448646,0.01623051054775715
93,12476,-54.27171925238823,57.65264753438532,240,0,0,0.0,0.13469591736793518,0.24021936472660552,0.46113463640136115,0.01592138223350048
94,12716,-49.90736463348332,37.40899649448693,240,0,0,0.0,0.18395079672336578,0.15587081872702888,0.45933965831775564,0.015759995207190514
95,12791,18.988119563056713,7.9811574798077345,75,1,0,0.0,0.28083011507987976,0.10641543306410313,0.45741263685486244,0.015720607712864876
96,12907,-24.906454511501973,113.36664199084044,116,0,1,0.1724137931034483,0.029165470972657204,0.39109174130034857,0.45579561578403993,0.015775281935930252
97,12924,24.329310285249342,3.54024700820446,17,1,0,0.0,0.28850582242012024,0.20824982401202707,0.45408857067876457,0.01578749530017376
98,12989,16.990660418136915,15.792839216068387,65,1,0,0.0,0.17192454636096954,0.24296675717028288,0.4523133612073381,0.01579931750893593
99,13028,-13.576608285523012,37.25212612748146,39,0,1,0.1282051282051282,-0.00577099435031414,0.3654391314738836,0.4508295035700917,0.01577841117978096
100,13268,-21.172592141192855,107.9797511678189,240,0,0,0.0625,0.1087057814002037,0.2624156298659121,0.4493697966296406,0.0160051416605711
101,13508,-24.735866060726586,28.26789826154709,240,0,0,0.0,0.2506101429462433,0.11778290942311287,0.4477669664909236,0.01605927385389805
102,13557,-8.180737438435001,43.914102002978325,49,0,1,0.12244897959183673,-0.007837681099772453,0.3655939184281291,0.4464173809408055,0.016113489866256714
103,13601,-17.163516145736537,42.657391384243965,44,0,1,0.13636363636363635,0.005399705842137337,0.37857707691463555,0.44534501775210517,0.01615479402244091
104,13841,-75.2261002512441,65.14492972195148,240,0,0,0.0,0.14257948100566864,0.27143720717479786,0.44418699132642725,0.016329945996403694
105,14081,-11.783074564454568,20.765680195763707,240,0,0,0.0,0.276682585477829,0.08652366748234878,0.44285512805577437,0.016331885010004044
106,14321,-29.483385647228488,36.20497758872807,240,0,0,0.0,0.17788223922252655,0.15085407328636696,0.44139028498529737,0.01633615419268608
107,14561,-52.46543551584837,43.015193685889244,240,0,0,0.0,0.12146776169538498,0.1792299736912052,0.4398132990551898,0.016227204352617264
108,14801,-38.631432268492986,31.955333422869444,240,0,0,0.0,0.1714066118001938,0.13314722259528936,0.43810673603288525,0.016041962429881096
109,15041,-182.49776694370468,12.220268605276942,240,0,0,0.0,0.3685901165008545,0.05091778585532059,0.43623596005462356,0.015874629840254784
110,15281,-28.804794253064824,55.32750159315765,240,0,0,0.025,0.11249598115682602,0.15553125663815687,0.43429898850359405,0.016191944479942322
111,15521,-17.65453412124755,25.31656519882381,240,0,0,0.0,0.2609805166721344,0.10548568832843254,0.43223660837428024,0.016508640721440315
112,15761,-70.1449399254283,38.706097619608045,240,0,0,0.0,0.16863523423671722,0.16127540674836685,0.4300829849548063,0.016617117449641228
113,16001,-308.95039063826624,27.45194853376597,240,0,0,0.0,0.24646791815757751,0.11438311889069155,0.4278192342657514,0.01690397784113884
114,16037,21.35303605478019,5.159909896552563,36,1,0,0.0,0.2730485796928406,0.14333083045979342,0.42546533652637913,0.016932105645537376
115,16277,-93.68844674415969,41.052552653476596,240,0,0,0.0,0.19772152602672577,0.17105230272281916,0.4230396598253369,0.017133347690105438
116,16517,-48.82439857859863,90.33224615082145,240,0,0,0.029166666666666667,0.0930391475558281,0.288884358961756,0.4206484591388277,0.016990281641483307
117,16629,-28.94064424083248,87.73214532993734,112,0,1,0.13392857142857142,0.01630929671227932,0.3101084404458691,0.418493479849724,0.017040740698575974
118,16869,-28.23474604932569,48.44470174051821,240,0,0,0.0,0.13279765844345093,0.2018529239188259,0.4162721759870349,0.016818871721625328
119,17109,-30.461652030499856,30.602247182279825,240,0,0,0.0,0.20494405925273895,0.12750936325949927,0.41395069199911,0.016515230759978294
120,17252,-18.27011442885107,43.27795822918415,143,0,1,0.013986013986013986,0.06957391649484634,0.2047409666376514,0.4116216037428512,0.01623084954917431
121,17492,-61.56586632884029,91.87668216973543,240,0,0,0.03333333333333333,0.08830854296684265,0.2828195090405643,0.4093253796539257,0.01621398702263832
122,17703,-24.44580353186599,155.24968437477946,211,0,1,0.14691943127962084,-0.0017067173030227423,0.2571075088852107,0.40723685701678,0.015967294573783875
123,17943,-32.17775077230938,41.89382987469435,240,0,0,0.0,0.2107115536928177,0.1745576244778931,0.4050650393237305,0.015887625515460968
124,18058,-23.512314437873417,54.094655372202396,115,0,1,0.034782608695652174,-0.0031290629412978888,0.2964752641061078,0.4029620066691257,0.01582343690097332
125,18298,-38.44357643673676,63.0071813929826,240,0,0,0.0,0.13106794655323029,0.26252992247076085,0.4008203906084865,0.015583875589072704
126,18538,-74.0800792095317,25.830056697130203,240,0,0,0.0,0.19357134401798248,0.10762523623804252,0.3985646679689983,0.015344303101301193
127,18778,-37.838905487847846,25.814659170806408,240,0,0,0.0,0.24799148738384247,0.10756107987836003,0.3962005120014237,0.015370204113423824
128,18854,17.424398233924872,13.87433292903006,76,1,0,0.0,0.1981767863035202,0.18255701222407975,0.39377084233833987,0.015384400263428688
129,19094,-32.59760419685906,80.72482327371836,240,0,0,0.029166666666666667,0.07083912938833237,0.2488534303071598,0.3913558328735638,0.015324312262237072
130,19334,-26.719062001262778,27.68836829997599,240,0,0,0.0,0.168743297457695,0.11536820124989997,0.3888442579826515,0.015214696526527405
131,19573,-2.2931209063102536,38.22874439135194,239,1,0,0.0,0.20899082720279694,0.1599529054031462,0.38626323828898634,0.015129991807043552
132,19769,-43.607640591623806,52.5346354059875,196,0,1,0.0,0.1279246062040329,0.22721752758156888,0.3836702865070606,0.015062385238707066
133,19837,13.658901507737156,14.314140431582928,68,1,0,0.0,0.19145627319812775,0.21050206517033718,0.3810372333468163,0.015099002048373222
134,19903,20.29584785189874,9.735471330583096,66,1,0,0.0,0.23309163749217987,0.14750714137247115,0.3783345864152704,0.015160908922553062
135,20075,5.910419813968389,16.175483698025346,172,1,0,0.0,0.2536199986934662,0.09404350987224039,0.37553909358523796,0.015209060162305832
136,20081,20.916553406534852,0.5459728986024857,6,1,0,0.0,0.37128207087516785,0.09099548310041428,0.3726538731382573,0.015219827182590961
137,20228,-32.09867233165107,54.6090694591403,147,0,1,0.006802721088435374,0.11858902126550674,0.29666033645673673,0.36982365884784046,0.015323384664952755
138,20468,-36.798899918299846,70.08178944885731,240,0,0,0.0,0.12395425885915756,0.2920074560369054,0.3670059589999629,0.015099714510142803
139,20708,-31.38518327214328,40.67658217996359,240,0,0,0.0,0.17155779898166656,0.16948575908318161,0.36413888702402086,0.015269358642399311
140,20882,9.850715131655118,26.814735179767013,174,1,0,0.0,0.19685782492160797,0.15410767344693685,0.3612172224835994,0.015498815104365349
141,21122,-210.1848116776105,80.46176687814295,240,0,0,0.016666666666666666,0.11575313657522202,0.2852573619922623,0.3583342698511951,0.015386035665869713
142,21362,-40.42501996798066,81.55656168982387,240,0,0,0.029166666666666667,0.1062159463763237,0.2523190070409328,0.3554903743539315,0.015617737546563148
143,21602,-33.53208916061473,35.57043148949742,240,0,0,0.0,0.12779611349105835,0.14821013120623927,0.3525877786971342,0.01545665878802538
144,21842,-12.86032081037279,47.383551539853215,240,0,0,0.0,0.16563762724399567,0.19743146474938839,0.34965402855555144,0.01536483969539404
145,21976,19.55385698702355,30.192670833319426,134,1,0,0.0,0.15834520757198334,0.22531843905462257,0.34670462514057515,0.015216851606965065
146,22216,-26.15425818980473,76.22281295061111,240,0,0,0.0,0.12676109373569489,0.31759505396087967,0.3437864894233281,0.01557067595422268
147,22294,21.532752732439043,5.751972397789359,78,1,0,0.0,0.39485207200050354,0.07374323586909434,0.34077613210987795,0.015532011166214943
148,22534,-52.38938241782388,27.442009376361966,240,0,0,0.0,0.1527950018644333,0.11434170573484152,0.33769846351496774,0.015710294246673584
149,22758,-17.722526461344547,90.98351440392435,224,0,1,0.04017857142857143,-0.010793120600283146,0.24992640358894797,0.33470276655159753,0.015688002109527588
150,22769,22.877487104907857,1.841230720281601,11,1,0,0.0,0.3214225769042969,0.167384610934691,0.33166554674186316,0.015704452991485596
151,23009,-39.55969000091892,20.733562007546425,240,0,0,0.0,0.27720049023628235,0.0863898416981101,0.32854838284346455,0.01568167470395565
152,23249,-59.97457470354471,69.99444951862097,240,0,0,0.0,0.135459765791893,0.2916435396609207,0.32545789890981636,0.01564386859536171
153,23489,-36.54077466585976,183.50450845248997,240,0,0,0.15416666666666667,0.05406731739640236,0.30210211855204155,0.3226292402321266,0.01570415310561657
154,23528,-17.648237258490216,68.78204530477524,39,0,1,0.3333333333333333,-0.005912592634558678,0.558513982173724,0.3205488355819722,0.015660855919122696
155,23575,20.300896715501572,15.073934331536293,47,1,0,0.0,0.16658978164196014,0.3207220070539637,0.31845781216785257,0.01567717455327511
156,23667,16.67798305390702,22.97703169286251,92,1,0,0.0,0.1865605264902115,0.24975034448763597,0.31632121509668276,0.015472874976694584
157,23907,-173.22666669973304,28.012535639107227,240,0,0,0.0,0.2588534653186798,0.11671889849628012,0.31407480732831955,0.015435549430549145
158,23945,20.372858694432146,10.95935595035553,38,1,0,0.0,0.1945139318704605,0.28840410395672444,0.31180992200035285,0.015456076711416245
159,24158,-50.44002594984192,77.51947524212301,213,0,1,0.03286384976525822,0.09386809915304184,0.2277909635780423,0.3095652515379444,0.015568352304399014
160,24398,-60.00722680038529,157.95324254222214,240,0,0,0.1125,0.078104667365551,0.32063851059259224,0.3074868838539527,0.015586550347507
161,24638,-66.61671201012484,65.95000612735748,240,0,0,0.0125,0.11439812183380127,0.23729169219732285,0.3053748304002592,0.01550696138292551
162,24878,-16.839457616584617,40.98244933784008,240,0,0,0.0,0.16673554480075836,0.17076020557433366,0.30317875972203756,0.015468905679881573
163,25118,-45.59818697772281,67.82496444508433,240,0,0,0.0,0.12930531799793243,0.2826040185211847,0.3009587945869876,0.01581648737192154
164,25175,13.022629779995686,20.795401364564896,57,1,0,0.0,0.15087224543094635,0.3648316028871034,0.2987572435101337,0.015834864228963852
165,25415,-23.211870361158404,44.86769071780145,240,0,0,0.0,0.15599115192890167,0.1869487113241727,0.2964842443427846,0.015900054946541786
166,25655,-34.64074786256281,88.28101397491992,240,0,0,0.04583333333333333,0.03724869713187218,0.23033755822883298,0.2942338139129173,0.016092028468847275
167,25895,-63.338041778860884,87.79250666871667,240,0,0,0.041666666666666664,0.10038764029741287,0.2408021111196528,0.29200380606010323,0.016326023265719414
168,26060,-12.546257278387099,83.07296238839626,165,1,0,0.07878787878787878,0.04033342003822327,0.2671088629599774,0.28986203484959167,0.01646406017243862
169,26300,-38.88996881184262,41.98680420964956,240,0,0,0.0,0.16601701080799103,0.1749450175402065,0.2876398247083758,0.016355115920305252
170,26540,-44.337494019013675,67.82326098904014,240,0,0,0.029166666666666667,0.1133158728480339,0.19509692078766724,0.28539502353461454,0.01624274253845215
171,26780,-106.88376792571569,45.626683849841356,240,0,0,0.016666666666666666,0.10642542690038681,0.1401111827076723,0.2830825180108952,0.01635647378861904
172,27020,-30.940490257197546,118.45674252510071,240,0,0,0.07916666666666666,0.0724993571639061,0.25606976052125296,0.2808574226436224,0.016225844621658325
173,27047,-13.977245194702887,18.322198882699013,27,0,1,0.0,0.15124531090259552,0.38230366232218566,0.2788078820240225,0.01618785969913006
174,27287,-28.554251310293576,53.112043930217624,240,0,0,0.0,0.13094474375247955,0.22130018304257343,0.2766964685269239,0.01623709686100483
175,27527,-25.973014754232413,43.73496060818434,240,0,0,0.0,0.13048692047595978,0.1822290025341014,0.2745067402059473,0.016339316964149475
176,27767,-45.62167193203483,86.04016240686178,240,0,0,0.025,0.09710543602705002,0.2835006766952574,0.2723307486393671,0.01623409241437912
177,28007,-61.69561577042999,35.035815546289086,240,0,0,0.0,0.15565179288387299,0.14598256477620453,0.27006154793350406,0.01604209840297699
178,28247,-74.16196707493697,61.10047256201506,240,0,0,0.004166666666666667,0.11919636279344559,0.2420853023417294,0.26775809991410504,0.016097139567136765
179,28487,-36.04015350462084,46.081043876707554,240,0,0,0.0,0.13812561333179474,0.19200434948628148,0.2653908264704191,0.01601969450712204
180,28727,-61.18366511529963,149.8094326350838,240,0,0,0.1,0.10773102194070816,0.3242059693128491,0.2631790196835739,0.016123512759804726
181,28781,17.57097521921456,9.24527670815587,54,1,0,0.0,0.23129402101039886,0.17120882792881242,0.26088840765003535,0.016168920323252678
182,29021,-40.69771437726314,62.13786825723946,240,0,0,0.0,0.1436171531677246,0.25890778440516443,0.2585667801103763,0.016303446143865585
183,29261,-44.71917080120908,80.56774498149753,240,0,0,0.029166666666666667,0.10143470019102097,0.24819893742290636,0.2562540834164117,0.01635027304291725
184,29501,-14.74217311330195,54.43804447352886,240,0,0,0.0,0.1394936889410019,0.22682518530637025,0.2538954341497985,0.016334019601345062
185,29664,4.699203721113808,72.40477947890759,163,1,0,0.049079754601226995,0.10527370125055313,0.29696183729391157,0.2516018178970647,0.016409313306212425
186,29904,-64.60609543005698,122.14109631627798,240,0,0,0.075,0.056383781135082245,0.28392123465115826,0.2494023430742932,0.016286205500364304
187,30114,11.144206926456281,24.129761150106788,210,1,0,0.0,0.23373816907405853,0.11490362452431804,0.24709529380492246,0.016523461788892746
188,30354,-15.565242390760794,38.63926704786718,240,0,0,0.0,0.1363440603017807,0.16099694603277992,0.24470909547203662,0.01652984693646431
189,30594,-53.31310882195459,76.1784063000232,240,0,0,0.0125,0.1183658018708229,0.27991002625009664,0.24232591206892012,0.016687985509634018
190,30834,-8.523560835007391,27.834738835692406,240,0,0,0.0,0.2273930162191391,0.11597807848205169,0.23984487687520048,0.016449645161628723
191,31017,-28.240359754177003,136.40329363197088,183,0,1,0.12021857923497267,0.0030189095996320248,0.34100160454628897,0.2375855800357897,0.01631290093064308
192,31257,-27.7332158423382,30.46074391156435,240,0,0,0.0,0.22221346199512482,0.1269197662981848,0.23522770792149855,0.01606365479528904
193,31497,-23.5677212190842,122.09568377025425,240,0,0,0.075,0.08016682416200638,0.2837320157093927,0.23296709542077665,0.016227608546614647
194,31737,-35.4243990622722,66.83226726949215,240,0,0,0.016666666666666666,0.11062424629926682,0.22846778028955061,0.23068374743523562,0.01618925668299198
195,31781,19.897667689764308,4.235848754644394,44,1,0,0.0,0.31875476241111755,0.09626928987828168,0.22828770149391078,0.016181115061044693
196,31793,24.730942534069825,4.763308867812157,12,1,0,0.0,0.222243532538414,0.3969424056510131,0.2259349290524777,0.016185691580176353
197,32033,-30.715796938904543,140.98421955294907,240,0,0,0.09583333333333334,0.08843632787466049,0.2999342481372878,0.2237185123571849,0.016180336475372314
198,32273,-29.07421370435509,45.13273158110678,240,0,0,0.0,0.15356232225894928,0.18805304825461158,0.22143194302078406,0.01602933742105961
199,32513,-38.96669667091965,68.57782791182399,240,0,0,0.029166666666666667,0.0667894184589386,0.19824094963259994,0.21912757262601956,0.016293948516249657
200,32580,6.123833569974595,49.28164483606815,67,1,0,0.1044776119402985,0.09449245035648346,0.42211410203086797,0.21703119421991918,0.016201574355363846
201,32610,0.5254550277088299,18.87706644833088,30,0,1,0.0,0.14968104660511017,0.3625688816110293,0.21507925250826265,0.016147324815392494
202,32850,-31.387586947632087,78.74396885558963,240,0,0,0.029166666666666667,0.08787604421377182,0.24059987023162346,0.21311395781730477,0.015804976224899292
203,32904,-15.41192721069493,42.883392572402954,54,0,1,0.1111111111111111,-0.0038829005789011717,0.3126554180074621,0.21136899631063924,0.015897143632173538
204,33144,-65.10110104135569,56.067938681691885,240,0,0,0.0,0.13626126945018768,0.23361641117371618,0.20955309108489384,0.015575725585222244
205,33162,24.263717176922178,5.221635639667511,18,1,0,0.0,0.21476958692073822,0.2900908688704173,0.20769802655487093,0.015563126653432846
206,33402,-32.2985682171825,81.11701748892665,240,0,0,0.0375,0.06175637245178223,0.2254875728705277,0.20582970903778444,0.015761597082018852
207,33566,11.251857024165034,20.146514125168324,164,1,0,0.0,0.2305862456560135,0.1228445983241971,0.20384122969571436,0.01564161479473114
208,33589,-6.572273587535449,60.21054682135582,23,0,1,0.5217391304347826,0.026475736871361732,0.7048063835372096,0.20298609925164682,0.015620002523064613
209,33829,-29.76339348612959,123.32096589915454,240,0,0,0.08333333333333333,0.040698785334825516,0.26383735791314394,0.20215564400873923,0.015412308275699615
210,33843,21.41830729258384,2.039891868829727,14,1,0,0.0,0.4523164927959442,0.14570656205926621,0.20116456480900666,0.0153852803632617
211,34083,-19.740238051401878,73.17134664021432,240,0,0,0.0125,0.10921849310398102,0.267380611000893,0.20010047987476115,0.01541790273040533
212,34199,16.00430199748404,15.476715259253979,116,1,0,0.0,0.23715250194072723,0.13341995913149982,0.19888130916679367,0.015386945568025112
213,34439,-32.7082440092572,124.89408122003078,240,0,0,0.058333333333333334,0.08253960311412811,0.34539200508346163,0.1977082929967663,0.015374132432043552
214,34444,20.60587009581076,1.9489912390708923,5,1,0,0.0,0.2380349487066269,0.3897982478141785,0.1965138267591474,0.015372923575341702
215,34684,-68.86018128921546,24.076158875599504,240,0,0,0.0,0.25317081809043884,0.10031732864833126,0.19515424249773358,0.015054687857627869
216,34924,-32.81342064844248,67.32802761346102,240,0,0,0.0125,0.11229001730680466,0.2430334483894209,0.19372790417358518,0.014897497370839119
217,34997,16.03966665317237,14.764766618609428,73,1,0,0.0,0.20622681081295013,0.20225707696725245,0.19219901130412784,0.0147680239751935
218,35237,-29.35139865985346,39.877497309818864,240,0,0,0.0,0.17643429338932037,0.16615623879091193,0.19055464119753882,0.014593326486647129
219,35477,-52.70552570585069,67.85078918002546,240,0,0,0.0125,0.1115722581744194,0.2452116215834394,0.18885884540707096,0.014465847983956337
220,35717,-56.32002917163387,243.7576515544206,240,0,0,0.20416666666666666,0.07178208976984024,0.40315688147675244,0.18748066784686487,0.014291617088019848
221,35890,-0.8104618537340542,25.879735309630632,173,1,0,0.0,0.20048518478870392,0.1495938457204083,0.1859711960875293,0.014116731472313404
222,36095,8.918955655015404,82.80728019587696,205,1,0,0.06341463414634146,0.0598159097135067,0.21369404973598516,0.18446416689224798,0.014201694168150425
223,36335,-15.53851111108062,27.555773679167032,240,0,0,0.0,0.22731997072696686,0.11481572366319596,0.18281489701856235,0.014092754572629929
224,36575,-32.10793899329315,105.29109629243612,240,0,0,0.058333333333333334,0.11053124815225601,0.26371290121848384,0.18119244708917023,0.014350783079862595
225,36653,22.08091344161048,14.107436630874872,78,1,0,0.0,0.19552068412303925,0.18086457219070348,0.17946655194234307,0.014249053783714771
226,36893,-34.78397502171011,55.52435831911862,240,0,0,0.0,0.1210876926779747,0.23135149299632757,0.17766762729935542,0.01403029728680849
227,37133,-28.30447711379655,209.80064882151783,240,0,0,0.16666666666666666,0.014032742939889431,0.3741693700896576,0.176120733573562,0.013948163017630577
228,37373,-58.74479476384008,119.8801833819598,240,0,0,0.09166666666666666,0.04575785622000694,0.22450076409149916,0.174625934916104,0.01369043905287981
229,37613,-19.989481680009096,83.4053988084197,240,0,0,0.041666666666666664,0.06393234431743622,0.2225224950350821,0.17310463743903645,0.013668163679540157
230,37853,-13.486854269278298,34.1871987413615,240,0,0,0.0,0.19844530522823334,0.14244666142233958,0.17145562816653342,0.01339825801551342
231,37911,21.99162039667613,11.181854993104935,58,1,0,0.0,0.21305175125598907,0.19279060332939543,0.16971046465932027,0.013396289199590683
232,38151,-31.051428409694413,45.184278666973114,240,0,0,0.016666666666666666,0.10359051823616028,0.13826782777905464,0.16787169324135728,0.013464261777698994
233,38391,-18.851571031773805,23.933164224028587,240,0,0,0.0,0.26260700821876526,0.09972151760011912,0.1658997211530925,0.013448387384414673
234,38440,-11.118823894139158,68.59530061483383,49,0,1,0.24489795918367346,0.02352144755423069,0.5019449105068129,0.16445129971633113,0.013462002389132977
235,38680,-70.37978003707822,55.21218115091324,240,0,0,0.0,0.16170428693294525,0.23005075479547182,0.16291532472880554,0.013305945321917534
236,38717,21.279166863241603,5.685329131782055,37,1,0,0.0,0.2623291313648224,0.1536575441022177,0.16125797726270735,0.013249382376670837
237,38957,-34.23799473559514,34.23865499161184,240,0,0,0.0,0.1299849897623062,0.14266106246504934,0.15947982770114658,0.013459139503538609
238,39036,21.518074891029947,14.1202073097229,79,1,0,0.0,0.2115514725446701,0.17873680138889747,0.1576049540183583,0.013479268178343773
239,39121,20.067310609855443,17.36376293748617,85,1,0,0.0,0.19156549870967865,0.20427956397042554,0.15565096380169466,0.013410829938948154
240,39361,-15.7782607374242,27.20345700904727,240,0,0,0.0,0.19448424875736237,0.11334773753769696,0.15357634696463304,0.013270721770823002
241,39551,-13.506432663042503,206.97938861884177,190,1,0,0.22631578947368422,0.049561336636543274,0.4104178348360093,0.15187514357105303,0.013420483097434044
242,39791,-38.144524736235326,62.99020148254931,240,0,0,0.0,0.12168250232934952,0.2624591728439555,0.15011522993357398,0.013507218100130558
243,39935,-27.661902918949885,78.70013059489429,144,0,1,0.0625,-0.004754841793328524,0.30347312913121033,0.1484415763203123,0.013491659425199032
244,40175,-22.993000709339018,52.05384864844382,240,0,0,0.0125,0.11312314122915268,0.17939103603518258,0.14668505090573128,0.013495075516402721
245,40390,-30.435980361049722,163.07279164902866,215,0,1,0.12093023255813953,0.07707841694355011,0.35847810069315655,0.1451205908122259,0.013251707889139652
246,40630,-107.17268349422457,60.32082597538829,240,0,0,0.0,0.12423831969499588,0.2513367748974512,0.1434850221108445,0.013270849362015724
247,40870,-20.824779796747812,126.70962654054165,240,0,0,0.0625,0.10309524089097977,0.34045677725225687,0.1419202102331583,0.013397988863289356
248,41110,-56.1864279209282,48.14443638175726,240,0,0,0.0,0.15640084445476532,0.2006018182573219,0.14025893985848506,0.01347011886537075
249,41268,6.674364585114882,54.339562837034464,158,1,0,0.0189873417721519,0.11475484073162079,0.28695925846224346,0.13857769364443484,0.013616032898426056
250,41310,21.348357916048766,9.200255166739225,42,1,0,0.0,0.15180332958698273,0.21905369444617204,0.1368150365883102,0.013638938777148724
251,41550,-18.36734011244758,17.26841465011239,240,0,0,0.0,0.2944531738758087,0.07195172770880162,0.1349014882488462,0.013587954454123974
252,41608,-0.9012253205533343,20.98110645264387,58,0,1,0.0,0.15094493329524994,0.22381218021799779,0.1329894889337058,0.013558577746152878
253,41848,-45.986770960095335,37.853894939646125,240,0,0,0.0,0.1462245136499405,0.15772456224852552,0.13097695186544667,0.01342181395739317
254,41972,17.373930647460586,54.73206550069153,124,1,0,0.04838709677419355,0.1009751707315445,0.29622633468299625,0.1290107354631033,0.013385893777012825
255,42212,-44.4722372656457,76.88592738285661,240,0,0,0.05,0.08354566246271133,0.17035803076190253,0.12702800889625804,0.013331316411495209
256,42452,-37.52163224239399,112.52610566467047,240,0,0,0.07083333333333333,0.09180043637752533,0.25635877360279363,0.12510384804455643,0.01337527111172676
257,42653,4.629630314240053,223.2013228777796,201,1,0,0.24875621890547264,0.042273908853530884,0.3641856859591025,0.12355612240677767,0.013335373252630234
258,42808,2.9207660762083876,175.44589453935623,155,1,0,0.23870967741935484,0.025113442912697792,0.4157799647700402,0.1223767375494019,0.013301612809300423
259,42810,20.157444032214258,0.15046297758817673,2,1,0,0.0,0.4022848308086395,0.07523148879408836,0.12101893767929196,0.013300896622240543
260,43050,-49.66780135145074,99.16270676255226,240,0,0,0.03333333333333333,0.10017728805541992,0.31317794484396777,0.1196606167751095,0.013280762359499931
261,43290,-43.566397432912474,53.49877497181296,240,0,0,0.0,0.12788516283035278,0.22291156238255402,0.11820666769732745,0.01355353556573391
262,43530,-13.612622934325742,87.87135115079582,240,0,0,0.041666666666666664,0.08264729380607605,0.24113062979498256,0.11673348138833198,0.013458061963319778
263,43552,-4.096721026083433,46.77452063560486,22,0,1,0.36363636363636365,0.035267289727926254,0.6715691198002208,0.11612201168195913,0.01344936341047287
264,43573,24.54278645591864,6.129570938646793,21,1,0,0.0,0.19271887838840485,0.29188433041175205,0.11541205762611079,0.013473767787218094
265,43796,-15.199770704650524,141.757777787745,223,0,1,0.09865470852017937,-0.000626011285930872,0.3038465371647758,0.11478044382414847,0.013189687393605709
266,44036,-54.36003735462256,58.776164976879954,240,0,0,0.016666666666666666,0.11665351688861847,0.19490068740366648,0.1140278610559861,0.013037651777267456
267,44113,22.63684506838797,22.210858643054962,77,1,0,0.0,0.1212778240442276,0.2884527096500644,0.11318213378105688,0.013013049960136414
268,44353,-54.10425005486514,160.8252849187702,240,0,0,0.1,0.05865301936864853,0.37010535382820914,0.11243874554678822,0.013055711053311825
269,44436,10.735009971459537,79.74027034640312,83,1,0,0.1566265060240964,0.08737795799970627,0.4908466306795557,0.11193788979860891,0.013149998150765896
270,44471,22.468053000848045,14.229036301374435,35,1,0,0.0,0.13237547874450684,0.4065438943249839,0.11139034878500106,0.01315743662416935
271,44666,-19.61680036942023,84.5934800170362,195,0,1,0.041025641025641026,0.06279312074184418,0.269710153933519,0.11081209118109166,0.013023888692259789
272,44906,-38.73628593537676,182.96829336509109,240,0,0,0.13333333333333333,0.0714661180973053,0.36236788902121286,0.11036893040188832,0.013012423180043697
273,45146,-57.18323369122421,36.344509767368436,240,0,0,0.0,0.16576318442821503,0.15143545736403516,0.10974864539032717,0.012826417572796345
274,45386,-16.71540681304419,67.89870627224445,240,0,0,0.004166666666666667,0.1165858581662178,0.2704112761343519,0.10902583026741125,0.01296380627900362
275,45525,15.911524658402621,35.24116724729538,139,1,0,0.0,0.16622792184352875,0.2535335773186718,0.10819092268930046,0.012966749258339405
276,45765,-13.207835388115983,23.340029045939445,240,0,0,0.0,0.2002497762441635,0.09725012102474768,0.10717138555060758,0.012785615399479866
277,45893,20.109550606869654,20.669119998812675,128,1,0,0.0,0.20278795063495636,0.16147749999072403,0.10600856401884472,0.012587103992700577
278,45942,22.4569566166765,15.328596234321594,49,1,0,0.0,0.17117081582546234,0.3128284945779917,0.104785297810959,0.012499243021011353
279,45989,21.898269019970716,13.83361829817295,47,1,0,0.0,0.17172099649906158,0.29433230421644574,0.10349536106557577,0.012450755573809147
280,46229,-40.85416149723902,39.838282622396946,240,0,0,0.0,0.15168903768062592,0.16599284425998728,0.10207791757959171,0.01264869049191475
281,46258,-8.333328620788677,26.19411863386631,29,0,1,0.06896551724137931,0.07953130453824997,0.4204868494436659,0.10090796900297351,0.012713481672108173
282,46372,17.302756341007907,17.005173828452826,114,1,0,0.0,0.2235771268606186,0.14916819147765636,0.09959610195092505,0.012815908528864384
283,46612,-15.903146325983231,52.74556972831488,240,0,0,0.0,0.13150006532669067,0.219773207201312,0.09818471485507967,0.012973867356777191
284,46852,-17.314335272051274,97.39771026745439,240,0,0,0.05416666666666667,0.0827755555510521,0.24332379278105995,0.09677180901041708,0.013061783276498318
285,47092,-33.91889086942015,70.42588191479445,240,0,0,0.004166666666666667,0.11948636919260025,0.28094117464497687,0.09530126904531011,0.012946133501827717
286,47332,-42.68280262584223,67.04890252277255,240,0,0,0.0125,0.10897146910429001,0.24187042717821897,0.0937689412920476,0.0127196554094553
287,47572,-24.881732381206927,67.28398912213743,240,0,0,0.008333333333333333,0.11750353872776031,0.2553499546755726,0.09217840490378601,0.01281941682100296
288,47812,-31.61327837462037,87.70328181795776,240,0,0,0.029166666666666667,0.08828014135360718,0.2779303409081573,0.09057511050539158,0.013041401281952858
289,48052,-10.556764069849807,58.240863835439086,240,0,0,0.0,0.12051394581794739,0.2426702659809962,0.08889831595990735,0.012908636592328548
290,48292,-25.09652971273884,166.1710495352745,240,0,0,0.11666666666666667,0.04665067419409752,0.3423793730636438,0.08737655082822916,0.012940597720444202
291,48339,22.07082974105602,16.025867879390717,47,1,0,0.0,0.14908118546009064,0.34097591232746205,0.08582636190929861,0.012864823453128338
292,48383,-9.810729773379823,52.25650580972433,44,0,1,0.1590909090909091,0.05681651458144188,0.5285569502210076,0.08467250636597055,0.012831097468733788
293,48490,-15.428647408108661,155.95624016225338,107,0,1,0.2897196261682243,0.05342770367860794,0.513609721142555,0.08403011107720261,0.012766771949827671
294,48730,-46.918647869011295,38.87324604392052,240,0,0,0.0,0.18146653473377228,0.1619718585163355,0.08322582148213123,0.013072381727397442
295,48773,23.08831196348241,12.90563815832138,43,1,0,0.0,0.1583690196275711,0.30013111996096237,0.08233681192679389,0.013098269701004028
296,49013,-36.00019292558185,63.98482183367014,240,0,0,0.0125,0.10993120074272156,0.2291034243069589,0.0813505545613769,0.013098537921905518
297,49050,21.403295260065434,7.3016688749194145,37,1,0,0.0,0.23355545103549957,0.19734240202484904,0.08023728126524318,0.013035892508924007
298,49290,-23.382054245038944,93.9709448684007,240,0,0,0.05,0.1094527319073677,0.2415456036183362,0.07910044443572532,0.01294804085046053
299,49338,23.35961333664508,9.185272559523582,48,1,0,0.0,0.2323758453130722,0.19135984499007463,0.0778411293701784,0.0129049988463521
300,49382,22.30952342591145,10.436730839312077,44,1,0,0.0,0.2074631303548813,0.23719842816618356,0.0764883792719919,0.012850219383835793
301,49622,-30.754141880657276,38.87663334608078,240,0,0,0.0,0.16098348796367645,0.1619859722753366,0.07500925966485239,0.012887909077107906
302,49704,10.920086228425866,45.099321238696575,82,1,0,0.06097560975609756,0.10626304149627686,0.36706489315483626,0.07360409189928142,0.01275205984711647
303,49918,6.380333723512614,93.4356120545417,214,1,0,0.0514018691588785,0.05963991582393646,0.28240940212402665,0.07221249002678934,0.0129532590508461
304,50158,-35.72067767667362,190.94045869633555,240,0,0,0.15833333333333333,0.04404240474104881,0.3205852445680648,0.07101326087020589,0.012957911007106304
305,50209,19.914432055004312,3.4106749296188354,51,1,0,0.0,0.38895729184150696,0.06687597901213403,0.06963243116095769,0.012973138131201267
306,50326,14.512753096291721,29.059628427028656,117,1,0,0.0,0.14433740079402924,0.24837289253870645,0.06816982938344124,0.013052929192781448
307,50566,-9.123978255071224,44.37182679027319,240,0,0,0.0,0.19533278048038483,0.18488261162613828,0.06659779900061369,0.012977556325495243
308,50806,-18.894151914665237,72.1487246453762,240,0,0,0.03333333333333333,0.08607419580221176,0.20061968602240085,0.06497967997993871,0.01293216459453106
309,50830,22.667937319451326,3.4452828019857407,24,1,0,0.0,0.281216561794281,0.1435534500827392,0.06323924363533885,0.013001823797821999
310,50877,21.442119871930345,58.41626259684563,47,1,0,0.23404255319148937,0.1053021103143692,0.5407715446137368,0.06193227871006309,0.013110585510730743
311,50930,15.783162794271963,65.04737405478954,53,1,0,0.24528301886792453,0.10225412249565125,0.4914598878262178,0.061029316503266116,0.013090402819216251
312,51023,8.735103400751774,39.444248884916306,93,1,0,0.0,0.12256412953138351,0.4241317084399603,0.06010856826102897,0.012978143990039825
313,51115,16.387246312870637,88.27794558554888,92,1,0,0.17391304347826086,0.08928906917572021,0.43780375636466173,0.0594386288743034,0.013036718592047691
314,51137,-0.48166175684843626,19.946786001324654,22,0,1,0.045454545454545456,0.11525119096040726,0.40667209096930246,0.05898052250239876,0.013036121614277363
315,51265,11.62682417687872,28.237820956856012,128,1,0,0.0,0.15244193375110626,0.2206079762254376,0.05838062543720207,0.012993543408811092
316,51505,-35.73373759431037,56.32779360935092,240,0,0,0.0125,0.05082707107067108,0.19719914003896216,0.0576530727952847,0.012982198037207127
317,51745,-36.998103268071745,127.6603572294116,240,0,0,0.1,0.05102607607841492,0.23191815512254835,0.05695285686302447,0.013005469925701618
318,51800,15.899381862619343,28.781764931976795,55,1,0,0.05454545454545454,0.11553691327571869,0.359668453308669,0.05627430413584976,0.013030268251895905
319,51852,21.017747077073388,10.856659136712551,52,1,0,0.0,0.20716224610805511,0.20878190647524136,0.05545906999827141,0.013086782768368721
320,52092,-24.002789835594218,63.0778805334121,240,0,0,0.0125,0.11493061482906342,0.2253245022225504,0.054541009818683255,0.012703762389719486
321,52187,14.614474553496954,50.960542768239975,95,1,0,0.021052631578947368,0.11598117649555206,0.4732688712446313,0.05366206603106524,0.012781725265085697
322,52307,4.975237638258696,21.27750237286091,120,1,0,0.0,0.129856675863266,0.1773125197738409,0.05264072569271505,0.012731590308248997
323,52466,-9.564010105902614,37.27664069831371,159,1,0,0.0,0.13492844998836517,0.2344442811214699,0.051512674511843104,0.012782560661435127
324,52658,3.983081704845194,46.80508695542812,192,1,0,0.0,0.16045789420604706,0.24377649455952147,0.05028791413729451,0.012877116911113262
325,52682,22.924894216655805,2.2653763368725777,24,1,0,0.0,0.38644954562187195,0.09439068070302407,0.04889658712182486,0.012857789173722267
326,52695,24.01283693628738,2.8661844581365585,13,1,0,0.0,0.2219432145357132,0.22047572754896605,0.04741006432090318,0.0128645533695817
327,52843,-11.14188530988839,142.47791581973433,148,0,1,0.16216216216216217,-0.0032121145632117987,0.42214807986306985,0.046204211970229385,0.01295487117022276
328,53083,-36.34427873689762,99.78834440745413,240,0,0,0.07083333333333333,0.08833888918161392,0.20328476836439222,0.04499154462127148,0.01295748446136713
329,53105,0.556133144946791,44.186141431331635,22,0,1,0.3181818181818182,-0.005827874410897493,0.6902791559696198,0.04456874112683719,0.01294059120118618
330,53137,-5.412956765803683,47.23538026213646,32,0,1,0.25,-0.002748830011114478,0.47610563319176435,0.04463013062372049,0.012948472984135151
331,53377,-64.11677023573935,107.9079131539911,240,0,0,0.06666666666666667,0.07120126485824585,0.24961630480829627,0.04463825879816377,0.012893705628812313
332,53617,-31.700408571762,91.82306487299502,240,0,0,0.016666666666666666,0.10755977779626846,0.33259610363747927,0.04456227861570363,0.012973750941455364
333,53838,10.032110701459594,82.24952261336148,221,1,0,0.03619909502262444,0.07108107209205627,0.26357250051294784,0.04440118233515691,0.012953796423971653
334,54078,-10.926844023070316,41.095158368349075,240,0,0,0.0,0.13779021799564362,0.17122982653478783,0.044058755781904914,0.012994689866900444
335,54110,20.078151351599374,6.840631976723671,32,1,0,0.0,0.24395470321178436,0.21376974927261472,0.043565335430951826,0.013066742569208145
336,54194,15.024111398305063,22.18987689167261,84,1,0,0.0,0.14641635119915009,0.2641652010913406,0.042953668698092064,0.0130330640822649
337,54434,-16.477389110040676,28.245093585923314,240,0,0,0.0,0.1888064295053482,0.11768788994134714,0.04215642924684596,0.013175110332667828
338,54593,-8.673345745616711,253.59668451547623,159,1,0,0.36477987421383645,0.07818755507469177,0.500608078713687,0.041921525618839765,0.013186851516366005
339,54626,-3.174632176835387,63.70883309841156,33,0,1,0.36363636363636365,0.005102844908833504,0.5972373666185321,0.04238865252220981,0.013115969486534595
340,54743,19.860158860876275,35.250088319182396,117,1,0,0.0,0.13614962995052338,0.3012828061468581,0.042708064483484784,0.013139337301254272
341,54983,-27.205987785879913,204.77765586227179,240,0,0,0.15833333333333333,0.06773020327091217,0.3782402327594658,0.04316312596307574,0.013027590699493885
342,55042,20.901725836250385,40.0541658103466,59,1,0,0.0847457627118644,0.10935471951961517,0.42464687814146784,0.04365987645182568,0.01291059423238039
343,55282,-18.88790273241748,216.54452292248607,240,0,0,0.18333333333333332,0.012194803915917873,0.3522688455103586,0.0443079238388933,0.013066255487501621
344,55500,-4.578108954591524,152.15790172480047,218,1,0,0.13761467889908258,0.05676718056201935,0.2851279895633049,0.04499755486973782,0.012974864803254604
345,55590,20.81749879980481,62.599475055933,90,1,0,0.1111111111111111,0.04674553871154785,0.36221638951036667,0.04572547921046196,0.012986295856535435
346,55642,15.848888382438938,19.020397663116455,52,1,0,0.0,0.14993302524089813,0.3657768781368549,0.04632489577321832,0.013000750914216042
347,55882,-77.59682330550315,58.34879780188203,240,0,0,0.008333333333333333,0.10727354884147644,0.21811999084117512,0.04674090150325745,0.013088330626487732
348,55906,21.96493824972684,5.64869549870491,24,1,0,0.0,0.22716595232486725,0.23536231244603792,0.046978788103017644,0.013133862987160683
349,56146,-12.284547018500632,80.1721888743341,240,0,0,0.016666666666666666,0.11721325665712357,0.2840507869763921,0.04709680576627802,0.013110273517668247
350,56334,3.4812315188854974,145.12204216234386,188,1,0,0.14361702127659576,0.08261232823133469,0.3410746923528929,0.04731988542446672,0.013281736522912979
351,56574,-12.086246348845828,83.4125293083489,240,0,0,0.025,0.09613943845033646,0.2725522054514537,0.04743058720247171,0.01313748862594366
352,56814,-162.61634631121748,42.44324738532305,240,0,0,0.0,0.14426440000534058,0.1768468641055127,0.047349177323629206,0.012994701974093914
353,56827,23.93541319646078,4.788301736116409,13,1,0,0.0,0.17146794497966766,0.3683309027781853,0.047181003390117916,0.013006312772631645
354,57067,-41.28177619313123,321.5621623508632,240,0,0,0.2875,0.029945045709609985,0.47734234312859675,0.04741615932484649,0.013203814625740051
355,57307,-27.750270811070074,87.71443037129939,240,0,0,0.04583333333333333,0.05081970989704132,0.22797679321374745,0.04754729585944551,0.013226392678916454
356,57547,-14.334832134682957,47.31660873070359,240,0,0,0.0,0.1468801647424698,0.19715253637793165,0.04749545183550354,0.013306161388754845
357,57787,-16.84002667584837,49.80027901381254,240,0,0,0.0,0.13020606338977814,0.20750116255755227,0.047274950594037454,0.013243469409644604
358,58003,-11.05270279368952,30.70962980762124,216,1,0,0.0,0.19584088027477264,0.14217421207232056,0.04686156152068083,0.013320673257112503
359,58124,16.84659187381701,24.874789856374264,121,1,0,0.0,0.19027753174304962,0.2055767756725146,0.04629663028882829,0.013343941420316696
360,58364,-35.43884163606047,51.0003287345171,240,0,0,0.0,0.1592283695936203,0.21250136972715458,0.04559119630343196,0.013369264081120491
361,58400,21.47151328729155,10.266837552189827,36,1,0,0.0,0.19425983726978302,0.285189932005273,0.04478862898330808,0.013396398164331913
362,58485,19.18589548714614,21.843659725040197,85,1,0,0.0,0.14452339708805084,0.25698423205929644,0.04387968214522004,0.01345907524228096
363,58491,21.25376173483837,1.8833774328231812,6,1,0,0.0,0.27619197964668274,0.3138962388038635,0.04289813076843833,0.013456149026751518
364,58731,-45.8077470245027,66.84107217937708,240,0,0,0.0,0.12051820755004883,0.27850446741407114,0.04182990919420275,0.01341379713267088
365,58914,9.541940720221127,11.078482862561941,183,1,0,0.0,0.41882485151290894,0.06053815771891771,0.040570367777538405,0.013563446700572968
366,58937,22.882518228773215,4.904989592730999,23,1,0,0.0,0.2891557216644287,0.21326041707526083,0.039205433640244904,0.013559882529079914
367,59177,-19.595328210239472,68.6556311827153,240,0,0,0.004166666666666667,0.11856241524219513,0.2735651299279804,0.03777677877478007,0.013452460989356041
368,59205,24.062878786809037,5.201287806034088,28,1,0,0.0,0.2665356397628784,0.18576027878693172,0.03623743679198194,0.013452306389808655
369,59233,21.637274554643056,6.7206834852695465,28,1,0,0.0,0.21960890293121338,0.2400244101881981,0.034620074113417824,0.013408125378191471
370,59289,21.40972138961808,17.05964905768633,56,1,0,0.0,0.127974733710289,0.3046365903158273,0.032960897863939825,0.013400391675531864
371,59361,18.852489488568548,113.15604925900698,72,1,0,0.3472222222222222,0.040212731808423996,0.5299451285973191,0.031895486324567714,0.013458787463605404
372,59496,11.224002076980474,73.70977493748069,135,1,0,0.07407407407407407,0.08815324306488037,0.3237761106480051,0.030881344528599326,0.01355801522731781
373,59736,-38.1199103585702,146.96889378502965,240,0,0,0.10833333333333334,0.04440716281533241,0.2873703907709569,0.029949095017814835,0.013707004487514496
374,59962,9.27578815885892,60.35383357293904,226,1,0,0.017699115044247787,0.1109759733080864,0.21395501580946477,0.028921984163040673,0.013440675102174282
375,60202,-27.03698380067519,96.48308311402798,240,0,0,0.04583333333333333,0.1027798280119896,0.2645128463084499,0.02787223527415944,0.01329783909022808
376,60442,-28.342732575576935,191.57776840403676,240,0,0,0.16666666666666666,0.04177073389291763,0.2982407016834865,0.026999094180564013,0.013436549343168736
377,60682,-51.80634320396147,33.96946691535413,240,0,0,0.0,0.19845636188983917,0.1415394454806422,0.02596537986438868,0.013560432940721512
378,60746,19.415368686899065,11.812015198171139,64,1,0,0.0,0.17717604339122772,0.18456273747142404,0.024800632632757825,0.01351600605994463
379,60986,-26.6892125102298,38.90181082859635,240,0,0,0.0,0.18029339611530304,0.1620908784524848,0.023500168201934755,0.013559941202402115
380,61009,-3.022765730203311,36.15500198304653,23,0,1,0.21739130434782608,0.06045075133442879,0.5719566079585449,0.02277570529663211,0.013560982421040535
381,61152,18.981874191052835,17.26043812185526,143,1,0,0.0,0.2753005027770996,0.12070236448849832,0.021872816718838846,0.013708808459341526
382,61392,-41.34072334392544,187.50958453305066,240,0,0,0.15833333333333333,0.09283449500799179,0.3062899355543777,0.021130717537712434,0.013717335648834705
383,61419,-2.0331682353776785,17.848330795764923,27,0,1,0.0,0.1360669583082199,0.3647529924357379,0.02048124796000836,0.013729467988014221
384,61468,-7.953448538960613,114.73148538172245,49,0,1,0.5102040816326531,-0.0003365860611665994,0.6475813343208663,0.020759981303860125,0.01362622994929552
385,61708,-111.28458470096076,36.09765990823507,240,0,0,0.0,0.16810555756092072,0.1504069162843128,0.020824981438661457,0.0136880436912179
386,61807,17.14635199223421,45.90755842998624,99,1,0,0.0707070707070707,0.09711140394210815,0.2515914992927903,0.020843587922429723,0.01365148276090622
387,62047,-25.386457629430716,87.50209305807948,240,0,0,0.0375,0.008841103874146938,0.2520920544086645,0.02076856010921391,0.013528302311897278
388,62287,-32.712801305150506,95.1838073246181,240,0,0,0.05,0.0775286853313446,0.24659919718590875,0.02062058328525184,0.013456881046295166
389,62330,21.31570577060236,16.043072417378426,43,1,0,0.0,0.14739631116390228,0.3730947073808936,0.020391552656178324,0.013453518971800804
390,62570,-59.183398433536944,40.69460013508797,240,0,0,0.0,0.18974624574184418,0.16956083389619986,0.01998375397550658,0.013176901265978813
391,62810,-7.364824600565594,22.917896416038275,240,0,0,0.0,0.25484132766723633,0.09549123506682615,0.01936909084640184,0.012847921811044216
392,62820,21.70709511535092,3.13470621407032,10,1,0,0.0,0.2481968253850937,0.313470621407032,0.018666896184455852,0.01283283531665802
393,62839,23.87389364420567,2.8392990306019783,19,1,0,0.0,0.29437944293022156,0.14943679108431465,0.01779952965114932,0.012795672751963139
394,63079,-22.606631897918827,126.66760129481554,240,0,0,0.075,0.10203342884778976,0.3027816720617314,0.01696442228053898,0.012804241850972176
395,63319,-46.018896050437775,114.40109340660274,240,0,0,0.075,0.0656522586941719,0.2516712225275114,0.016134405889722914,0.013107235543429852
396,63507,2.842308425685861,126.81118137203157,188,1,0,0.13829787234042554,0.05852070450782776,0.259633943468253,0.015408154098692414,0.013233603909611702
397,63556,-5.6228867403651455,82.30807998776436,49,0,1,0.30612244897959184,0.0921323373913765,0.598124081382946,0.015283093264435523,0.013207648880779743
398,63796,-13.06554046025494,25.057371597737074,240,0,0,0.0,0.2725490629673004,0.10440571499057114,0.014941488329386762,0.013213872909545898
399,63821,22.44323058050922,3.3154096603393555,25,1,0,0.0,0.3332708477973938,0.1326163864135742,0.014408271834297225,0.013262739405035973
400,64061,-60.97771711969807,97.67106707021594,240,0,0,0.041666666666666664,0.11213789135217667,0.2819627794592331,0.013830197553691782,0.01339316088706255
401,64105,-1.8489038606075892,81.34365874528885,44,0,1,0.36363636363636365,-0.0019181729294359684,0.5759922442111102,0.013930386745585804,0.013352412730455399
402,64307,10.709068336409777,109.75992728956044,202,1,0,0.07425742574257425,0.029457107186317444,0.3205936994532695,0.014022249466225621,0.013249021954834461
403,64547,-24.262981203113235,127.8493229020387,240,0,0,0.08333333333333333,0.018202900886535645,0.28270551209182787,0.01410087180687936,0.013011530041694641
404,64584,22.315175682526675,4.410696811974049,37,1,0,0.0,0.2810142934322357,0.11920802194524456,0.013960167041473034,0.012957744300365448
405,64824,-28.915278560588447,93.77041095867753,240,0,0,0.07083333333333333,0.03527189418673515,0.17821004566115636,0.013746852537167602,0.013039248995482922
406,64870,12.207349852112685,8.94288581982255,46,1,0,0.0,0.2522824704647064,0.19441056130049023,0.013366409038727687,0.013035643845796585
407,64960,18.78666884547839,26.992749102413654,90,1,0,0.0,0.12539677321910858,0.29991943447126285,0.012879947432445398,0.013013043440878391
408,65004,22.005281749697925,9.18415554612875,44,1,0,0.0,0.19679708778858185,0.2087308078665625,0.012247174310410506,0.012974647805094719
409,65023,21.555890789236596,5.2028892040252686,19,1,0,0.0,0.21381120383739471,0.27383627389606674,0.011507957981425392,0.012967769056558609
410,65142,11.601769685198065,119.32688474282622,119,1,0,0.2184873949579832,0.01178259588778019,0.34728474573803547,0.011032075934195524,0.013042793609201908
411,65260,-8.391274492506845,114.71520099043846,118,0,1,0.1694915254237288,0.028601596131920815,0.3958915338172751,0.010791069349456126,0.01310710422694683
412,65429,17.529146856071264,37.66546082124114,169,1,0,0.0,0.13976557552814484,0.22287254923811325,0.010398549368572754,0.012948356568813324
413,65669,-97.54873040975652,34.16818441450596,240,0,0,0.0,0.1396792083978653,0.1423674350604415,0.009821839104263772,0.012824424542486668
414,65791,16.122764898879932,29.718534192070365,122,1,0,0.0,0.16933615505695343,0.24359454255795382,0.009120761624449214,0.012834089808166027
415,65847,-5.556954121289008,74.60910612344742,56,0,1,0.23214285714285715,0.015931570902466774,0.4930197522044182,0.008845890751870452,0.012899916619062424
416,66005,11.703013514273705,26.099345806986094,158,1,0,0.0,0.14717771112918854,0.16518573295560818,0.00839235628939843,0.01290687546133995
417,66074,20.709081077003024,33.25048768520355,69,1,0,0.043478260869565216,0.11343620717525482,0.3514563432638196,0.007927444112986267,0.01288727018982172
418,66314,-26.980066634413337,131.940600162372,240,0,0,0.09583333333333334,0.07487931847572327,0.26225250067655,0.007485653795732986,0.012637784704566002
419,66339,23.660403786784055,8.685737431049347,25,1,0,0.0,0.18558327853679657,0.34742949724197386,0.006964667742963355,0.012609024532139301
420,66579,-14.068793454240481,116.40214886516333,240,0,0,0.07083333333333333,0.10088048130273819,0.27250895360484717,0.006437235469634629,0.012767319567501545
421,66593,24.190692328544273,5.906435951590538,14,1,0,0.0,0.16170139610767365,0.421888282256467,0.005872118951100573,0.0127670643851161
422,66627,-2.2238513898384666,42.805049046874046,34,0,1,0.17647058823529413,0.05787220224738121,0.49426614843747196,0.005689744273888426,0.012784365564584732
423,66669,20.615025804397014,20.44982187449932,42,1,0,0.023809523809523808,0.11861313879489899,0.415471949392841,0.005484938590947592,0.012772592715919018
424,66909,-20.266863964915082,207.1863176524639,240,0,0,0.16666666666666666,0.07888767868280411,0.36327632355193296,0.005447011353929766,0.012667740695178509
425,67149,-31.52324347659345,97.94134805910289,240,0,0,0.020833333333333332,0.11011715978384018,0.34558895024626207,0.005340024953885961,0.012691337615251541
426,67183,22.417367357686118,3.8475565910339355,34,1,0,0.0,0.30794402956962585,0.11316342914805692,0.005019969588418375,0.012689275667071342
427,67214,-0.7045938555709115,58.845517352223396,31,0,1,0.3548387096774194,-0.007279945537447929,0.5756618500717224,0.0053900382388406744,0.012651381082832813
428,67255,-5.454847922879152,60.49774804711342,41,0,1,0.2682926829268293,-0.005736129358410835,0.47555483041740043,0.006204380871950559,0.012654300779104233
429,67346,16.256353962107838,34.123626159504056,91,1,0,0.02197802197802198,0.11413300037384033,0.30905083691762697,0.006890498824830797,0.012715634889900684
430,67410,21.01351726754874,41.14615033566952,64,1,0,0.078125,0.10881176590919495,0.4085335989948362,0.00758876517956444,0.012690043076872826
431,67496,-9.716382767139113,58.578795716166496,86,0,1,0.05813953488372093,-0.008919941261410713,0.41370692693216854,0.008317692610260044,0.012689843773841858
432,67631,16.911758974486702,92.30520862340927,135,1,0,0.08888888888888889,0.10908769816160202,0.41707561943266125,0.009077044812470531,0.01266595907509327
433,67853,6.891613170443465,49.658767215907574,222,1,0,0.0,0.16156692802906036,0.22368814061219627,0.009635273474876593,0.012691889889538288
434,68093,-21.45209625969188,69.74693189561367,240,0,0,0.0375,0.04571187496185303,0.17811221623172363,0.01003589681227821,0.012504512444138527
435,68333,-17.111143140498008,181.6054190993309,240,0,0,0.14583333333333334,0.0102999871596694,0.31918924624721207,0.010519833605933355,0.012695236131548882
436,68416,19.36135246385213,19.01206490583718,83,1,0,0.0,0.1500147432088852,0.2290610229618937,0.01081910407138669,0.012824301607906818
437,68467,17.190676923149788,18.979412078857422,51,1,0,0.0,0.1385354846715927,0.3721453348795573,0.011014483681007135,0.012846959754824638
438,68707,-57.761335396848736,36.36591084115207,240,0,0,0.0,0.2011563628911972,0.1515246285048003,0.011000856624398958,0.01280805841088295
439,68795,21.38427850752207,10.797649469226599,88,1,0,0.0,0.16962938010692596,0.12270056215030226,0.01077426120169634,0.012841888703405857
440,68881,20.907883656774274,14.433298841118813,86,1,0,0.0,0.23180581629276276,0.16782905629207923,0.010367910078274893,0.01298072375357151
441,69052,0.4954021075534385,40.78607800602913,171,1,0,0.0,0.12021131068468094,0.23851507605864988,0.009826134049053841,0.012827696278691292
442,69101,22.193787766906944,66.87303425371647,49,1,0,0.2857142857142857,0.08847665786743164,0.5076129439533973,0.009718824721841969,0.012838282622396946
443,69341,-24.124317776510036,34.868635011836886,240,0,0,0.0,0.15860192477703094,0.14528597921598702,0.009414523850598685,0.012790584936738014
444,69581,-19.104037596799255,59.26197365857661,240,0,0,0.0125,0.11434183269739151,0.2094248902440692,0.008973900468039598,0.012776387855410576
445,69821,-53.34393661922857,225.2061085216701,240,0,0,0.20833333333333334,0.07725440710783005,0.3133587855069588,0.008749487647361946,0.012698863632977009
446,70061,-23.60881191862986,70.73240063898265,240,0,0,0.008333333333333333,0.11694571375846863,0.26971833599576106,0.008408654635716056,0.012826680205762386
447,70301,-14.40312154043178,57.45004206523299,240,0,0,0.0,0.12778784334659576,0.23937517527180413,0.007929550862288363,0.01261139940470457
448,70541,-147.66347523113768,114.70517912693322,240,0,0,0.0625,0.027600714936852455,0.29043824636222176,0.007438371400713164,0.0127709424123168
449,70763,-31.777796545237724,33.723981169983745,222,1,0,0.0,0.20972414314746857,0.15190982509001688,0.006772705824761733,0.012738003395497799
450,71003,-81.3683177701034,33.88119753077626,240,0,0,0.0,0.19880761206150055,0.14117165637823442,0.005935909355796991,0.012768354266881943
451,71243,-22.948779892713983,216.37298563681543,240,0,0,0.18333333333333332,0.07188501209020615,0.35155410682006427,0.005316729763690518,0.012766655534505844
452,71255,22.825392354486183,1.3753064572811127,12,1,0,0.0,0.3677788972854614,0.11460887144009273,0.004510813586909414,0.012769517488777637
453,71495,-19.668501488289447,28.567462312057614,240,0,0,0.0,0.1829407811164856,0.11903109296690673,0.0035297087654508194,0.012873586267232895
454,71542,22.52119939333438,36.59734299778938,47,1,0,0.10638297872340426,0.09385223686695099,0.45951793612317837,0.0027119926212118496,0.012774803675711155
455,71591,21.12886725567363,61.3851402848959,49,1,0,0.24489795918367346,0.08127786964178085,0.5180640874468551,0.0022865412666837662,0.012736205942928791
456,71831,-19.007639774766606,239.65310360863805,240,0,0,0.20416666666666666,0.06046554073691368,0.3860545983693252,0.0021066397790667495,0.012935668230056763
457,71854,-1.7822084583240996,36.26505193114281,23,0,1,0.21739130434782608,0.028169060125947,0.5767413883105569,0.002449104059985861,0.012904765084385872
458,71922,21.606701509174652,14.456070214509964,68,1,0,0.0,0.1870587319135666,0.21258926786044063,0.002605739760789237,0.012842409312725067
459,71995,19.429704813119805,132.4781243801117,73,1,0,0.410958904109589,0.02226947247982025,0.5818921147960506,0.0033869280901148518,0.012913573533296585
460,72202,10.864218133187574,81.34086912125349,207,1,0,0.05314009661835749,0.0313834547996521,0.2335307687017077,0.004050532532252576,0.013009563088417053
461,72442,-57.334164061136136,30.61119507625699,240,0,0,0.0,0.15209917724132538,0.12754664615107078,0.004469730075358949,0.013054672628641129
462,72498,16.82282838856732,28.93488374352455,56,1,0,0.017857142857142856,0.11917757242918015,0.46312292399150984,0.004851314917591473,0.012997893616557121
463,72544,22.62609376746076,7.407338440418243,46,1,0,0.0,0.24424733221530914,0.1610290965308314,0.005019335065977786,0.012987205758690834
464,72784,-39.24212893993995,75.97082166746259,240,0,0,0.004166666666666667,0.119968943297863,0.3040450902810941,0.005062226752085331,0.013059359975159168
465,72914,19.26708727185434,32.43187880888581,130,1,0,0.0,0.13003304600715637,0.24947599083758318,0.004952711849306289,0.012831305153667927
466,73154,-16.10206881016929,22.181626779958606,240,0,0,0.0,0.2112199068069458,0.0924234449164942,0.004619884414124446,0.012882035225629807
467,73394,-43.81086663072759,237.67517798393965,240,0,0,0.225,0.06148557364940643,0.31531324159974855,0.004523854971501569,0.012936950661242008
468,73634,-29.632626771183155,54.41461437754333,240,0,0,0.025,0.10792981833219528,0.15172755990643055,0.004270990780963051,0.012693268246948719
469,73672,-9.432488859497974,51.28366419672966,38,0,1,0.18421052631578946,-0.0014895850326865911,0.5864122157034121,0.004430554855171584,0.012754717841744423
470,73736,22.72540313681675,15.012435741722584,64,1,0,0.0,0.17202283442020416,0.23456930846441537,0.004424425379901899,0.012820327654480934
471,73775,-1.2846722551337466,101.80919899046421,39,0,1,0.5641025641025641,0.0051232147961854935,0.7130563843708771,0.0054488485192990856,0.012809108011424541
472,73817,16.924702125501902,8.524049647152424,42,1,0,0.0,0.2177516669034958,0.20295356302743867,0.006248527283240133,0.012859714217483997
473,73979,15.252635958547213,41.02870018966496,162,1,0,0.0,0.1337003856897354,0.25326358141768496,0.006859853899692969,0.012859849259257317
474,74118,14.88335579880382,19.517591746523976,139,1,0,0.0,0.22757776081562042,0.14041432911168328,0.007235821349879006,0.012872179970145226
475,74132,-1.7448961638910971,22.377049803733826,14,0,1,0.14285714285714285,0.07402915507555008,0.5983607002667019,0.008117170777689092,0.012888321653008461
476,74372,-34.66048527136429,51.75926736369729,240,0,0,0.0,0.17114566266536713,0.21566361401540537,0.008787284541116375,0.012952073477208614
477,74612,-30.904337337884865,120.38326634652913,240,0,0,0.0875,0.05982807278633118,0.23909694311053803,0.009399691087927563,0.012821917422115803
478,74635,22.545266748602856,7.213553264737129,23,1,0,0.0,0.1857340782880783,0.31363275064074475,0.009863293682718563,0.012784840539097786
479,74823,10.540694149625136,91.65320168808103,188,1,0,0.07446808510638298,0.11196338385343552,0.2641127749366012,0.010272474662897888,0.012856949120759964
480,75063,-9.681291824029737,34.252706261351705,240,0,0,0.0,0.15156584978103638,0.14271960942229878,0.010457556398779395,0.012998179532587528
481,75185,8.089488890850363,81.63552266359329,122,1,0,0.13934426229508196,0.07060778141021729,0.25111084150486307,0.01069295586206188,0.013004929758608341
482,75425,-176.19823489727625,15.095487982034683,240,0,0,0.0,0.4220215082168579,0.06289786659181118,0.010673034285476148,0.013209098018705845
483,75450,22.974424475710187,3.4217638075351715,25,1,0,0.0,0.30804285407066345,0.13687055230140685,0.010447544063870405,0.013249918818473816
484,75479,24.75701628616173,3.230368949472904,29,1,0,0.0,0.2748158872127533,0.11139203274044497,0.010014024369715172,0.013273747637867928
485,75719,-37.15350631322666,61.76743624918163,240,0,0,0.020833333333333332,0.10153436660766602,0.19486431770492346,0.009455862819120161,0.013189511373639107
486,75747,23.229276929952704,1.4676600210368633,28,1,0,0.0,0.3939397633075714,0.052416429322745116,0.008676817560716274,0.0131301861256361
487,75819,18.676445207853703,99.00990706309676,72,1,0,0.3055555555555556,0.07215015590190887,0.4584709314318995,0.008349293364281864,0.013122349977493286
488,75884,20.041225874916485,11.386133529245853,65,1,0,0.0,0.20617501437664032,0.17517128506532081,0.007850731020201835,0.013156603090465069
489,76000,13.357060438337758,6.368388373404741,116,1,0,0.0,0.2889314591884613,0.05489989977073053,0.007129546743211172,0.013170342892408371
490,76093,13.705372822264586,32.7063395306468,93,1,0,0.03225806451612903,0.11325712502002716,0.2549068766736215,0.0063452622151810465,0.013061446137726307
491,76120,-5.766478352973531,46.4455945789814,27,0,1,0.25925925925925924,0.036191340535879135,0.6461331325548666,0.006185295516866898,0.013118152506649494
492,76148,21.790420529921587,4.3167713433504105,28,1,0,0.0,0.27015626430511475,0.15417040511965752,0.005835412356028285,0.013168836012482643
493,76339,12.266545579277125,78.59378575719893,191,1,0,0.04712041884816754,0.0725405290722847,0.2701245327602038,0.005433766247883956,0.013177196495234966
494,76436,18.393319538998504,46.14580752514303,97,1,0,0.05154639175257732,0.11247073113918304,0.32109079922827866,0.0050150674323898485,0.013217944651842117
495,76494,-11.659128015544347,50.93657384812832,58,0,1,0.1206896551724138,-0.004068054724484682,0.37821679048497103,0.004781411952912932,0.013239915482699871
496,76734,-40.46435189937157,14.456112552434206,240,0,0,0.0,0.1734868735074997,0.06023380230180919,0.004314556148560767,0.013194933533668518
497,76830,-25.287523334694384,54.11139738559723,96,0,1,0.020833333333333332,0.11749061197042465,0.4178270560999711,0.003877873329142862,0.013363458216190338
498,76892,23.34818615740987,12.358231168240309,62,1,0,0.0,0.12919306755065918,0.19932630916516628,0.0032876878052784347,0.01334345806390047
499,76920,22.56640750018537,4.596316523849964,28,1,0,0.0,0.24646945297718048,0.16415416156607016,0.0025340886383902637,0.013294288888573647
500,77160,-26.505931287950265,56.233027055859566,240,0,0,0.0,0.13158495724201202,0.23430427939941487,0.001660321569546209,0.013280737213790417
501,77293,19.41014843523116,18.073448192328215,133,1,0,0.0,0.2016083002090454,0.1358905879122422,0.0006231881481004778,0.013186524622142315
502,77379,22.010720319835038,11.16700080409646,86,1,0,0.0,0.2856192886829376,0.12984884655926116,0.0,0.01322663202881813
503,77432,12.188514139909591,66.9497908577323,53,1,0,0.2641509433962264,0.021397456526756287,0.47075077090060935,0.0,0.013145115226507187
504,77513,19.969531654950213,17.916272401809692,81,1,0,0.0,0.2170707732439041,0.22118854817049002,0.0,0.013257022947072983
505,77597,16.970969392725095,22.054634815081954,84,1,0,0.0,0.14925427734851837,0.26255517637002324,0.0,0.013154891319572926
506,77837,-11.599422761192985,37.90181569010019,240,0,0,0.0,0.1425212174654007,0.15792423204208414,0.0,0.013275835663080215
507,77899,20.60282851820428,13.03091225028038,62,1,0,0.0,0.17168955504894257,0.21017600403678033,0.0,0.013267691247165203
508,78139,-12.087844175596363,24.291017156094313,240,0,0,0.0,0.22176535427570343,0.1012125714837263,0.0,0.013330433517694473
509,78181,22.14368262029194,69.02582387626171,42,1,0,0.35714285714285715,0.07469587028026581,0.5720434256252789,0.0,0.013343297876417637
510,78199,23.02222242589268,4.695904076099396,18,1,0,0.0,0.2563360333442688,0.26088355978329975,0.0,0.013316665776073933
511,78228,23.65976272203344,5.895954258739948,29,1,0,0.0,0.25965750217437744,0.20330876754275684,0.0,0.013305019587278366
512,78468,-29.18979767358304,138.83513082563877,240,0,0,0.10416666666666667,0.09556536376476288,0.2659797117734949,0.0,0.013127137906849384
513,78708,-24.14232805646868,63.558012714609504,240,0,0,0.0,0.13809804618358612,0.2648250529775396,0.0,0.013238955289125443
514,78734,22.97528221932145,2.8102888390421867,26,1,0,0.0,0.2702118158340454,0.10808803227085334,0.0,0.013325946405529976
515,78851,14.295597168854332,77.21997496858239,117,1,0,0.09401709401709402,0.10262612253427505,0.3779485040049777,0.0,0.013401145115494728
516,79087,-11.088242592764797,44.844283713027835,236,1,0,0.0,0.18668989837169647,0.19001815132638913,0.0,0.01329423114657402
517,79327,-28.54217900678654,127.58416670933366,240,0,0,0.07083333333333333,0.09541920572519302,0.31910069462222357,0.0,0.013185851275920868
518,79567,-19.29725579106363,52.94131786003709,240,0,0,0.0,0.15347878634929657,0.2205888244168212,0.0,0.013426647521555424
519,79807,-22.530049535400803,28.62513260729611,240,0,0,0.0,0.18330030143260956,0.11927138586373379,0.0,0.013338031247258186
520,80047,-28.158493740729337,59.69411279633641,240,0,0,0.0,0.128546342253685,0.24872546998473505,0.0,0.013318011537194252
521,80189,13.281454427442082,25.974657736718655,142,1,0,0.0,0.14753086864948273,0.1829201249064694,0.0,0.013366217724978924
522,80429,-39.70985468692068,27.445640224963427,240,0,0,0.0,0.24774928390979767,0.11435683427068094,0.0,0.013582086190581322
523,80631,12.524882477764706,29.450628101825714,202,1,0,0.0,0.20213563740253448,0.14579518862289959,0.0,0.013609372079372406
524,80679,21.64348862172634,91.02266192436218,48,1,0,0.4375,0.08968561142683029,0.5838054567575455,0.0,0.013509724289178848
525,80698,23.68179622084549,1.8692732751369476,19,1,0,0.0,0.28542986512184143,0.09838280395457619,0.0,0.013475020416080952
526,80780,19.47788093987798,18.656164214015007,82,1,0,0.0,0.18943609297275543,0.22751419773189033,0.0,0.013499324209988117
527,81020,-17.38417211918819,42.904506063088775,240,0,0,0.0,0.13579896092414856,0.17876877526286988,0.0,0.013444866985082626
528,81260,-8.26178159277564,26.28631624020636,240,0,0,0.0,0.20940318703651428,0.1095263176675265,0.0,0.013749003410339355
529,81287,24.20873321148237,3.194943718612194,27,1,0,0.0,0.3437686860561371,0.11833124883748868,0.0,0.013793045654892921
530,81527,-29.65014479055199,253.33215540647507,240,0,0,0.225,0.06562555581331253,0.3805506475269794,0.0,0.01371473167091608
531,81590,20.71537823546133,13.708342760801315,63,1,0,0.0,0.2080717235803604,0.21759274223494152,0.0,0.013804474845528603
532,81602,24.776190592246504,11.444085955619812,12,1,0,0.16666666666666666,0.1040925532579422,0.4536738296349843,0.0,0.013791387900710106
533,81621,23.561516677818673,2.2624588161706924,19,1,0,0.0,0.3227481544017792,0.1190767797984575,0.0,0.013755783438682556
534,81716,14.549694917405159,80.46982741355896,95,1,0,0.16842105263157894,0.04884982109069824,0.34178765698483116,0.0,0.013702450320124626
535,81956,-18.220886765843062,56.19407408311963,240,0,0,0.0,0.15126945078372955,0.2341419753463318,0.0,0.013574083335697651
536,82169,3.5939829807925534,183.44460134208202,213,1,0,0.15492957746478872,0.04818667471408844,0.39645352742761514,0.0,0.013613649643957615
537,82212,-6.503871325519435,74.35162952542305,43,0,1,0.32558139534883723,-0.010150291956961155,0.5663169657075128,0.0,0.013579553924500942
538,82233,22.503513090478087,6.093911945819855,21,1,0,0.0,0.27970123291015625,0.2901862831342788,0.0,0.013566674664616585
539,82351,-20.63851645631443,183.0970028936863,118,0,1,0.3135593220338983,-0.0008427208522334695,0.5431949397770025,0.0,0.013729441910982132
540,82456,8.310652387627703,10.174273423850536,105,1,0,0.0,0.2973823547363281,0.09689784213190987,0.0,0.013658130541443825
541,82619,17.05406578865827,46.60289820842445,163,1,0,0.0,0.13196931779384613,0.28590735097192915,0.0,0.013734607957303524
542,82695,18.43422496852314,12.563219673931599,76,1,0,0.0,0.2681850790977478,0.16530552202541576,0.0,0.013772021047770977
543,82935,-30.23964493490838,53.00315670669079,240,0,0,0.0,0.14877177774906158,0.22084648627787828,0.0,0.01385918352752924
544,83018,18.735574277555827,27.507885724306107,83,1,0,0.0,0.14907799661159515,0.33142030993139887,0.0,0.013934136368334293
545,83258,-23.42423041239132,167.10799575038254,240,0,0,0.14166666666666666,0.06193863973021507,0.2712833156265939,0.0,0.013732027262449265
546,83315,17.205044265986878,82.10454231500626,57,1,0,0.3157894736842105,0.018284842371940613,0.49306214587730274,0.0,0.013633287511765957
547,83555,-31.613631419268277,75.79663277603686,240,0,0,0.029166666666666667,0.04366951808333397,0.2283193032334869,0.0,0.013381114229559898
548,83795,-19.855218655463297,52.86545996926725,240,0,0,0.0,0.16437755525112152,0.22027274987194687,0.0,0.013319098390638828
549,84035,-22.577774544084058,82.97436766885221,240,0,0,0.058333333333333334,0.060640186071395874,0.17072653195355086,0.0,0.013654060661792755
550,84275,-19.329604781346383,30.06799236498773,240,0,0,0.0,0.1566949486732483,0.1252833015207822,0.0,0.013661133125424385
551,84360,18.567609377872245,22.026075404137373,85,1,0,0.0,0.1749359518289566,0.2591302988722044,0.0,0.013666508719325066
552,84384,-2.8519628304067886,39.9570072889328,24,0,1,0.25,0.010281363502144814,0.5815419703722,0.0,0.013659733347594738
553,84424,21.613631600240645,19.833544701337814,40,1,0,0.0,0.12481656670570374,0.4958386175334454,0.0,0.013569766655564308
554,84664,-13.126530532928777,54.780865497887135,240,0,0,0.008333333333333333,0.11517158150672913,0.2032536062411964,0.0,0.013751056045293808
555,84904,-36.28309902010341,109.0145774744451,240,0,0,0.06666666666666667,0.07198229432106018,0.2542274061435213,0.0,0.013774372637271881
556,84964,-7.454394986197334,58.016802072525024,60,0,1,0.15,0.054352518171072006,0.38361336787541706,0.0,0.01371058076620102
557,85061,8.278756107880213,104.27235241234303,97,1,0,0.1958762886597938,0.08378588408231735,0.4873438393025054,0.0001052474908407508,0.013791303150355816
558,85301,-24.06325205209752,47.529020078480244,240,0,0,0.0,0.1453082114458084,0.19803758366033436,2.9251398969631917e-05,0.013924505561590195
559,85340,-2.9675163672426272,55.024984911084175,39,0,1,0.23076923076923078,-0.0037971348501741886,0.5134611515662609,0.0003875036361931472,0.014038033783435822
560,85580,-12.317277829133205,35.022103410214186,240,0,0,0.0,0.130107119679451,0.14592543087589244,0.000525805976993433,0.013908817432820797
561,85641,20.298459840334015,11.062876768410206,61,1,0,0.0,0.24964375793933868,0.18135863554770829,0.00047287251852755834,0.013819773681461811
562,85881,-23.91718085081221,90.33492262661457,240,0,0,0.05,0.06567689776420593,0.22639551094422738,0.00033578348845709084,0.013963454402983189
563,85910,24.484543691188392,2.371932663023472,29,1,0,0.0,0.285438597202301,0.081790781483568,0.0,0.013983497396111488
564,86150,-37.196710680411606,89.32101827673614,240,0,0,0.058333333333333334,0.038304056972265244,0.1971709094864006,0.0,0.013732519000768661
565,86220,-6.962004968500539,107.133440092206,70,0,1,0.3142857142857143,-0.003756006946787238,0.4733348584600857,7.695392279530422e-05,0.013736873865127563
566,86232,22.046091844560845,4.379870444536209,12,1,0,0.0,0.2172740250825882,0.36498920371135074,5.755475130651777e-05,0.013731627725064754
567,86271,-7.013006506414542,47.67555510997772,39,0,1,0.1794871794871795,0.018726686015725136,0.4788603874353262,0.000375350603904705,0.013675634749233723
568,86511,-22.394799067247828,83.94958801753819,240,0,0,0.03333333333333333,0.03446571156382561,0.24978995007307578,0.000577151638909521,0.013688605278730392
569,86751,-17.875989804790755,37.32416758313775,240,0,0,0.0,0.1976425051689148,0.15551736492974064,0.0005716213046289664,0.013756925240159035
570,86788,22.247883930795034,14.305266216397285,37,1,0,0.0,0.16787759959697723,0.3866288166593861,0.00048468189539213277,0.013877118937671185
571,87028,-33.55690123632638,52.63948864862323,240,0,0,0.0,0.12051647156476974,0.2193312027025968,0.00023675505796843962,0.014054904691874981
572,87093,13.360006429675572,14.94668771699071,65,1,0,0.0,0.17301388084888458,0.22994904179985706,0.0,0.013966638594865799
573,87131,23.831967302850067,6.836523972451687,38,1,0,0.0,0.2618383467197418,0.17990852559083387,0.0,0.013939127326011658
574,87371,-24.474445724281566,135.99540426768363,240,0,0,0.09166666666666666,0.08307359367609024,0.2916475177820151,0.0,0.013870496302843094
575,87372,19.988515763854178,0.2652171552181244,1,1,0,0.0,0.3649410009384155,0.2652171552181244,0.0,0.013869311660528183
576,87470,14.236059342308975,191.8437454253435,98,1,0,0.45918367346938777,0.0365198515355587,0.5800382186259542,9.519855812965438e-05,0.0138279739767313
577,87502,22.23300106801949,6.821420215070248,32,1,0,0.0,0.21751853823661804,0.21316938172094524,1.722187921329832e-05,0.013832510448992252
578,87553,17.64267361998835,3.152881946414709,51,1,0,0.0,0.317295104265213,0.06182121463558253,0.0,0.013860545121133327
579,87702,12.672600340565909,28.66398248448968,149,1,0,0.0,0.14964927732944489,0.19237572137241396,0.0,0.013889458030462265
580,87942,-25.781578788063857,35.25541536323726,240,0,0,0.0,0.1913868933916092,0.14689756401348858,0.0,0.013700665906071663
581,88182,-14.640517238788206,93.08095176145434,240,0,0,0.041666666666666664,0.07028233259916306,0.2628372990060598,0.0,0.01356462948024273
582,88333,14.943811354783824,25.28305925987661,151,1,0,0.0,0.20975790917873383,0.1674374785422292,0.0,0.013442489318549633
583,88373,22.52249171632618,3.2286966666579247,40,1,0,0.0,0.2875290811061859,0.08071741666644812,0.0,0.013450131751596928
584,88420,22.64901950702888,6.164997391402721,47,1,0,0.0,0.15929074585437775,0.1311701572638877,0.0,0.013408783823251724
585,88447,23.965412585312077,3.3707413524389267,27,1,0,0.0,0.27829501032829285,0.12484227231255283,0.0,0.013431539759039879
586,88533,14.85569579700115,32.442445300519466,86,1,0,0.0,0.12175197154283524,0.37723773605255195,0.0,0.01349214930087328
587,88651,20.764893795016278,34.82617758959532,118,1,0,0.0,0.14133094251155853,0.2951370982169095,0.0,0.013640252873301506
588,88891,-19.458463620153275,82.66319473274052,240,0,0,0.020833333333333332,0.10819465667009354,0.2819299780530855,0.0,0.0137112932279706
589,88966,10.174787655447114,12.789478376507759,75,1,0,0.0,0.2465197890996933,0.17052637835343679,0.0,0.013577145524322987
590,88982,23.93221612154631,2.1466999277472496,16,1,0,0.0,0.31879910826683044,0.1341687454842031,0.0,0.013558706268668175
591,89046,17.451298292318267,25.74238509684801,64,1,0,0.015625,0.1156974732875824,0.35534976713825017,0.0,0.013479827903211117
592,89067,22.470120383674775,0.8647524155676365,21,1,0,0.0,0.5859681367874146,0.041178686455601736,0.0,0.013484327122569084
593,89094,21.826016974651264,5.2908950522542,27,1,0,0.0,0.29458853602409363,0.1959590760094148,0.0,0.013499189168214798
594,89111,-1.8478822623964974,34.09590867161751,17,0,1,0.29411764705882354,0.049616869539022446,0.6527005100951475,0.0,0.013502961955964565
595,89128,22.986489352359627,1.3196751922369003,17,1,0,0.0,0.3665868043899536,0.07762795248452355,0.0,0.013555390760302544
596,89185,-10.442316091634718,57.44706738740206,57,0,1,0.14035087719298245,0.00440344400703907,0.4464397787263519,0.0,0.013617298565804958
597,89274,16.157689256314697,60.876844665035605,89,1,0,0.1348314606741573,0.08168146759271622,0.27951510859590567,0.0,0.013519532047212124
598,89331,22.91796062761947,13.130643084645271,57,1,0,0.0,0.18224282562732697,0.2303621593797416,0.0,0.013522105291485786
599,89371,-14.244314792530895,47.51140175759792,40,0,1,0.175,-0.0035073913168162107,0.46278504393994807,0.0,0.01357448473572731
600,89420,-3.7278677788289323,93.3138527572155,49,0,1,0.3877551020408163,0.046289052814245224,0.5778337297390919,6.617115617704062e-05,0.01360927615314722
601,89454,21.309359587758372,36.87010118365288,34,1,0,0.17647058823529413,0.0935254767537117,0.5550029759897905,0.00039624112489306527,0.013595913536846638
602,89534,16.22243511076831,23.873063765466213,80,1,0,0.0,0.16039864718914032,0.29841329706832764,0.0005840142437074524,0.013639030046761036
603,89571,15.114220381476656,37.092058062553406,37,1,0,0.16216216216216217,0.10583814978599548,0.5160015692582002,0.0009886427344534632,0.01367412880063057
604,89679,19.96790707264437,33.22521620616317,108,1,0,0.0,0.1529124230146408,0.3076408907978071,0.001251860246061076,0.013751396909356117
605,89739,13.109115628350775,8.977458488196135,60,1,0,0.0,0.2664072513580322,0.14962430813660224,0.0013017290361566091,0.013861656188964844
606,89775,22.069057738490333,34.51492020487785,36,1,0,0.1388888888888889,0.10785819590091705,0.5420811168021626,0.0015534782784817802,0.013808364979922771
607,90015,-81.326556894558,85.31608331389725,240,0,0,0.041666666666666664,0.0714845210313797,0.23048368047457188,0.0016953818989279778,0.013653097674250603
608,90255,-22.546936319904145,99.45262058451772,240,0,0,0.0625,0.09804072976112366,0.22688591910215716,0.001762383297902944,0.013591855764389038
609,90332,20.524233734772334,80.449393870309,77,1,0,0.23376623376623376,0.06350591033697128,0.3434986216923246,0.002073433288424675,0.013575767166912556
610,90370,21.56480254958137,14.858855336904526,38,1,0,0.0,0.15520812571048737,0.39102250886590856,0.002289442033853274,0.013489967212080956
611,90510,16.879002552210626,39.387066800147295,140,1,0,0.0,0.1467217653989792,0.2813361914296235,0.002360318437725254,0.01358035672456026
612,90676,13.930213416410071,40.80523285642266,166,1,0,0.0,0.14573073387145996,0.24581465576158232,0.0022755583492844256,0.013936528004705906
613,90774,7.801987744209367,121.83405551314354,98,1,0,0.2653061224489796,0.03081202507019043,0.4472862807463627,0.0025416385893122896,0.014005031436681747
614,90910,11.924757495331166,31.9050571937114,136,1,0,0.0,0.1981443613767624,0.2345960087772897,0.002636712821727405,0.014030671678483486
615,91150,-22.33052229850636,34.171906251460314,240,0,0,0.0,0.1787593513727188,0.14238294271441798,0.002523224813878974,0.014271466992795467
616,91390,-16.520508605601293,42.37562556564808,240,0,0,0.0,0.1838030368089676,0.17656510652353366,0.0022286937596847313,0.014073146507143974
617,91480,20.221095817752534,23.66355917789042,90,1,0,0.03333333333333333,0.11090482771396637,0.16292843530989357,0.0018053534758551472,0.013988479971885681
618,91502,-2.1246355613654386,19.29901972413063,22,0,1,0.0,0.12345277518033981,0.5135918056423013,0.0015667942908563748,0.014015994034707546
619,91742,-13.585313339429174,13.770174695178866,240,0,0,0.0,0.326544851064682,0.05737572789657861,0.0010938509290558307,0.014066357165575027
620,91766,-5.29219238521571,54.18393462896347,24,0,1,0.4166666666666667,-0.011669104918837547,0.6743306095401446,0.0014983867067820534,0.014035917818546295
621,91825,-4.091479692363176,79.79214416444302,59,0,1,0.2542372881355932,-0.003291813423857093,0.4541041383803901,0.0022839003071850406,0.013976025395095348
622,92021,13.838918132475762,105.70893284678459,196,1,0,0.09183673469387756,0.08664624392986298,0.2638210859529826,0.0030248038725851855,0.014020124450325966
623,92141,15.266054348519841,37.9418688043952,120,1,0,0.0,0.1390211284160614,0.31618224003662665,0.0036117533797336366,0.013939413242042065
624,92381,-33.389385558551254,41.04799333959818,240,0,0,0.0,0.16219981014728546,0.17103330558165908,0.003979872064315494,0.013721182011067867
625,92525,-12.939579694130584,107.82537199929357,144,0,1,0.09722222222222222,0.03058728016912937,0.40156508332842755,0.004428978467443582,0.013524199835956097
626,92765,-21.4155428838823,129.48358673974872,240,0,0,0.075,0.08235853165388107,0.314514944748953,0.0048503870227897435,0.01381657738238573
627,92801,21.541986701560173,12.75257608294487,36,1,0,0.0,0.14664165675640106,0.35423822452624637,0.005152844262631719,0.013829028233885765
628,92830,-0.4534120860600588,35.10052202641964,29,0,1,0.13793103448275862,0.02342037297785282,0.5207076560834358,0.0057703600547302095,0.013800090178847313
629,93070,-9.160499174601735,30.452030470594764,240,0,0,0.0,0.19638870656490326,0.12688346029414485,0.006145441787370848,0.013919214718043804
630,93118,19.592772228252706,21.6315701007843,48,1,0,0.0,0.12479285150766373,0.4506577104330063,0.006452098288595958,0.013896433636546135
631,93358,-41.227717363552905,116.97768043912947,240,0,0,0.07083333333333333,0.034874897450208664,0.2749070018297061,0.006712125465674666,0.013801638036966324
632,93442,21.171742710643905,26.42879776470363,84,1,0,0.023809523809523808,0.11708320677280426,0.24319997338932894,0.006841465556308389,0.013707396574318409
633,93613,12.038642716178762,94.68505135551095,171,1,0,0.0935672514619883,0.06992785632610321,0.2730119962310582,0.006966195517718937,0.013789553195238113
634,93853,-12.99732951413443,53.07071006111801,240,0,0,0.0,0.13191303610801697,0.2211279585879917,0.006920252960352953,0.01369563676416874
635,94093,-40.2804753704627,257.7906027659774,240,0,0,0.2375,0.02423889935016632,0.36162751152490574,0.007138671286617721,0.013632086105644703
636,94327,-34.897413095015146,214.22121015191078,234,0,1,0.1581196581196581,-0.0007666328456252813,0.40692824851243925,0.007528906325098975,0.013607289642095566
637,94567,-12.629962383905884,27.711152894422412,240,0,0,0.0,0.2316828817129135,0.11546313706009338,0.007682361180186213,0.013710410334169865
638,94697,19.120877942007304,20.807186122983694,130,1,0,0.0,0.2361261397600174,0.16005527786910534,0.0076331709314536415,0.013808753341436386
639,94820,18.90871192788748,21.00774808973074,123,1,0,0.0,0.18953858315944672,0.17079469991651008,0.007396837545115953,0.013694904744625092
640,94846,-1.9288696720791934,30.7387832403183,26,0,1,0.11538461538461539,0.06611283868551254,0.5284147400122422,0.007488451275024347,0.013721718452870846
641,95086,-25.85120350508861,163.03660752251744,240,0,0,0.1125,0.0059534902684390545,0.3418191980104893,0.007640143917442566,0.013578084297478199
642,95163,9.981829637823061,29.154575262218714,77,1,0,0.03896103896103896,0.1032593846321106,0.2617477306781651,0.007698567351520513,0.013703376986086369
643,95403,-10.902869064370952,33.057825319468975,240,0,0,0.0,0.18921850621700287,0.13774093883112073,0.007547940083310124,0.0136714493855834
644,95643,-12.000978651347518,47.552391923964024,240,0,0,0.0,0.1598690003156662,0.1981349663498501,0.007228911661685179,0.013415070250630379
645,95774,-26.43137536163007,141.73295521736145,131,0,1,0.20610687022900764,-0.0008737078169360757,0.4025416428806218,0.007191800139070341,0.013320984318852425
646,95890,9.173383040979065,77.15101519972086,116,1,0,0.09482758620689655,0.09819547086954117,0.3806121999975936,0.007214091671895387,0.013172842562198639
647,95930,21.52642565202875,20.88397841155529,40,1,0,0.0,0.12170982360839844,0.5220994602888822,0.007221318358223623,0.013170355930924416
648,95946,23.45120668463938,8.231832802295685,16,1,0,0.0,0.1422322541475296,0.5144895501434803,0.007210428485307186,0.013191090896725655
649,96186,-31.395378600656837,85.61479472368956,240,0,0,0.04583333333333333,0.07784353196620941,0.2192283113487065,0.007103447261710924,0.013333612121641636
650,96410,-1.5980144598775468,80.52128617838025,224,1,0,0.04017857142857143,0.05581451952457428,0.2389343132963404,0.006906550113085502,0.013565574772655964
651,96442,23.808222270887818,7.601608335971832,32,1,0,0.0,0.2297040969133377,0.23755026049911976,0.006563272952140911,0.013568906113505363
652,96586,12.325584284130182,22.933780359104276,144,1,0,0.0,0.19682909548282623,0.1592623636048908,0.006041790831045993,0.01358800008893013
653,96616,24.351062578293256,12.090578764677048,30,1,0,0.0,0.14684459567070007,0.4030192921559016,0.005472892462083772,0.0136920977383852
654,96856,-28.090684128774882,39.8987434040755,240,0,0,0.0,0.14167623221874237,0.16624476418364792,0.004740561393661487,0.013630141504108906
655,97096,-27.387191582561606,211.20959449745715,240,0,0,0.17083333333333334,0.037278082221746445,0.3675399770727381,0.004209866867196685,0.013551080599427223
656,97267,0.017836741488036267,146.7553286291659,171,1,0,0.17543859649122806,0.08233141899108887,0.3319025066033093,0.0038598162150936194,0.013699437491595745
657,97327,20.51901118396976,47.77141781151295,60,1,0,0.15,0.07961312681436539,0.34619029685854913,0.003650363244024982,0.013627646490931511
658,97353,23.04168127474416,9.675882905721664,26,1,0,0.0,0.15539629757404327,0.37214934252775633,0.003362457592773654,0.013637891039252281
659,97487,14.860859089359137,44.447085089981556,134,1,0,0.0,0.13100972771644592,0.3316946648506086,0.0029797945565101965,0.01359188836067915
660,97627,13.083898527331893,26.928679801523685,140,1,0,0.0,0.12554502487182617,0.19234771286802632,0.0024374385284939245,0.01343940757215023
661,97867,-5.569632045522592,37.39858451113105,240,0,0,0.0,0.16512911021709442,0.15582743546304603,0.0017251140196099892,0.01338848564773798
662,98107,-17.758603519245966,44.29354529827833,240,0,0,0.0,0.16622067987918854,0.18455643874282637,0.0008656839555416636,0.013448099605739117
663,98347,-20.821648196666043,26.680169137194753,240,0,0,0.0,0.24476920068264008,0.11116737140497814,0.0,0.013387598097324371
664,98502,12.47911374297672,33.116085201501846,155,1,0,0.0,0.12486227601766586,0.21365216259033448,0.0,0.013263093307614326
665,98742,-44.454145308865044,100.79746527876705,240,0,0,0.0625,0.05960364639759064,0.23248943866152938,0.0,0.013152036815881729
666,98846,15.592639569420868,119.50668768957257,104,1,0,0.2403846153846154,0.08164575695991516,0.427948920092044,0.0,0.013183273375034332
667,98897,-9.302033009641583,94.29899264872074,51,0,1,0.37254901960784315,0.011738026514649391,0.5744900519357008,0.0,0.013212147168815136
668,98934,-3.763920012639805,54.30981431901455,37,0,1,0.24324324324324326,0.0994657501578331,0.5218868734868797,0.0003520336220953357,0.01318834163248539
669,99126,5.023841485122947,51.736541802063584,192,1,0,0.026041666666666668,0.10067890584468842,0.19133615521908118,0.0005461961406954452,0.013400410301983356
670,99252,7.357495347258988,99.91921803168952,126,1,0,0.14285714285714285,0.08786466717720032,0.36443823834674227,0.0008521553668246352,0.01344352774322033
671,99289,-10.500514260406032,65.14067187905312,37,0,1,0.32432432432432434,-0.0008866915013641119,0.5713695102446789,0.0017480959813642996,0.013386519625782967
672,99523,7.080966714318507,32.23647364042699,234,1,0,0.0,0.15603263676166534,0.1377627078650726,0.0023931209191095162,0.013389616273343563
673,99763,-46.10388115813691,115.64599725790322,240,0,0,0.05,0.10406557470560074,0.3318583219079301,0.002971823770921437,0.013258356600999832
