step,time,reward,cost,goal_error_norm,d_min,risk_global,beta,closest_link,safety_violation,collision,success,qdot_norm,acc_norm,jerk_norm,qdot_requested_norm,risk_speed_scale,risk_speed_h_min_m,recovery_active,recovery_triggered,recovery_success,recovery_command_norm,safety_filter_status,safety_filter_intervention_norm,safety_filter_safe_stop,safety_filter_active_constraints,safety_filter_constraint_count,safety_filter_active_constraint_categories,safety_filter_max_constraint_category,safety_filter_projection_iterations,safety_filter_fallback_used,safety_filter_qp_solver_used,safety_filter_qp_solver_status,safety_filter_fallback_stage,safety_filter_max_constraint_violation,predictive_risk_status,predictive_h_min_m,safety_filter_solve_time_s
0,0.05,-1.0543606196457813,0.2985173761844635,0.6429154872894287,0.24913309514522552,0.2705436646938324,0.35,3,0,0,0,0.3912721276283264,7.825442790985107,156.50885009765625,0.45784792304039,1.0,0.11561910235296297,0,0,0,0.0,filtered,0.07377406186264895,0,0,12,,workspace_z_lower,0,0,1,solved,osqp,0.0,valid,0.11561910235296297,0.00197808351367712
1,0.1,-0.9716725539915049,0.28479287028312683,0.6359325051307678,0.24519051611423492,0.2554984986782074,0.35,3,0,0,0,0.6593815684318542,6.126222610473633,97.20638275146484,0.6593811511993408,1.0,0.11089851989139854,0,0,0,0.0,filtered,6.283692478941264e-07,0,0,12,,predictive_link_3,0,0,1,solved,osqp,0.0,valid,0.11089851989139854,0.0018467828631401062
2,0.15000000000000002,-0.8662671854205576,0.22569027543067932,0.6275569200515747,0.24436981976032257,0.19585540890693665,0.35,3,0,0,0,0.7297645211219788,6.068002223968506,147.99034118652344,0.7259389162063599,1.0,0.10673008072767592,0,0,0,0.0,filtered,0.031157742468952726,0,0,12,joint_5_acceleration_lower,workspace_z_lower,0,0,1,solved,osqp,0.0,valid,0.10673008072767592,0.0018129060044884682
3,0.2,-0.7853271474997408,0.2186373621225357,0.6166786551475525,0.24659810960292816,0.1890350878238678,0.35,3,0,0,0,0.8101781606674194,4.37427282333374,112.44979095458984,0.8101776838302612,1.0,0.1057126332415127,0,0,0,0.0,filtered,7.703068420353845e-07,0,0,12,,workspace_z_lower,0,0,1,solved,osqp,0.0,valid,0.1057126332415127,0.0017858808860182762
4,0.25,-0.7136128551415462,0.20887674391269684,0.6040924191474915,0.2526029050350189,0.18053753674030304,0.35,3,0,0,0,0.8804740905761719,3.785574436187744,78.38290405273438,0.8804740905761719,1.0,0.10775444920836325,0,0,0,0.0,passthrough,4.634650625536142e-12,0,0,12,,workspace_z_lower,0,0,1,solved,osqp,0.0,valid,0.10775444920836325,0.002578827552497387
5,0.30000000000000004,-0.6613353053483915,0.19588635861873627,0.5910739302635193,0.26098203659057617,0.169368714094162,0.35,3,0,0,0,0.9324821829795837,3.232591152191162,68.68124389648438,0.9324814677238464,1.0,0.11364671964749212,0,0,0,0.0,filtered,1.0563080932509367e-06,0,0,12,,workspace_z_lower,0,0,1,solved,osqp,0.0,valid,0.11364671964749212,0.0017887009307742119
6,0.35000000000000003,-0.6066747308515485,0.183761864900589,0.5775037407875061,0.26938340067863464,0.15892648696899414,0.35,3,0,0,0,0.9618663191795349,1.2455331087112427,64.73306274414062,0.9618655443191528,1.0,0.12196632485789272,0,0,0,0.0,filtered,1.0954464391446064e-06,0,0,12,,workspace_z_lower,0,0,1,solved,osqp,0.0,valid,0.12196632485789272,0.0018212972208857536
7,0.4,-0.556960618248636,0.17263148725032806,0.5635578632354736,0.2776605188846588,0.14932939410209656,0.35,3,0,0,0,0.9722990989685059,1.2648972272872925,26.29200553894043,0.9722986221313477,1.0,0.13028892450226565,0,0,0,0.0,filtered,7.72389587767553e-07,0,0,12,,workspace_z_lower,0,0,1,solved,osqp,0.0,valid,0.13028892450226565,0.002785571850836277
8,0.45,-0.5178977016339195,0.16134564578533173,0.5497722625732422,0.2866418957710266,0.13963794708251953,0.35,3,0,0,0,0.9814954996109009,1.3920717239379883,36.375755310058594,0.9814954996109009,1.0,0.13847315930188198,0,0,0,0.0,passthrough,5.593695097728297e-12,0,0,12,,workspace_z_lower,0,0,1,solved,osqp,0.0,valid,0.13847315930188198,0.002814345993101597
9,0.5,-0.4777609084711776,0.1499791294336319,0.5360476970672607,0.2963881492614746,0.1299102008342743,0.35,3,0,0,0,0.9921388626098633,1.138819932937622,15.289932250976562,0.9921388626098633,1.0,0.1473840396625894,0,0,0,0.0,passthrough,5.0368709358003755e-12,0,0,12,,workspace_z_lower,0,0,1,solved,osqp,0.0,valid,0.1473840396625894,0.0018542027100920677
10,0.55,-0.43158129293891334,0.13923154771327972,0.5220053791999817,0.3063856065273285,0.12071962654590607,0.35,3,0,0,0,0.990236759185791,1.1499348878860474,36.73106384277344,0.990236759185791,1.0,0.15708177226714126,0,0,0,0.0,passthrough,5.255082445404602e-12,0,0,12,,workspace_z_lower,0,0,1,solved,osqp,0.0,valid,0.15708177226714126,0.002525591291487217
11,0.6000000000000001,-0.3880426255557225,0.12925098836421967,0.5077336430549622,0.31647592782974243,0.112188421189785,0.35,3,0,0,0,0.9887980818748474,0.9797102212905884,6.74552583694458,0.9887980818748474,1.0,0.16703364894397527,0,0,0,0.0,filtered,7.960502569137513e-08,0,0,12,,workspace_z_lower,0,0,1,solved,osqp,0.0,valid,0.16703364894397527,0.0030064666643738747
12,0.65,-0.3495831910637049,0.11997263133525848,0.49343404173851013,0.3266773223876953,0.10426251590251923,0.35,3,0,0,0,0.9936307072639465,0.7005450129508972,25.488269805908203,0.9936307072639465,1.0,0.17707815936441434,0,0,0,0.0,passthrough,1.0001889847448251e-11,0,0,12,,workspace_z_lower,0,0,1,solved,osqp,0.0,valid,0.17707815936441434,0.0019156439229846
13,0.7000000000000001,-0.3167311144902096,0.11140038818120956,0.479310005903244,0.33693453669548035,0.0969443991780281,0.35,3,0,0,0,0.9970747232437134,0.9338512420654297,10.919825553894043,0.9970739483833313,1.0,0.1872360057366032,0,0,0,0.0,filtered,1.2238486762341902e-06,0,0,12,,workspace_z_lower,0,0,1,solved,osqp,0.0,valid,0.1872360057366032,0.0026471083983778954
14,0.75,-0.28806779572435526,0.10345032811164856,0.46548500657081604,0.34739625453948975,0.09009762853384018,0.35,3,0,0,0,0.999071478843689,1.0717878341674805,12.046669006347656,0.9990713000297546,1.0,0.1974522417818257,0,0,0,0.0,filtered,2.189685402141049e-07,0,0,12,,workspace_x_upper,0,0,1,solved,osqp,0.0,valid,0.1974522417818257,0.0029443390667438507
15,0.8,-0.26386477483197046,0.09621377289295197,0.4520777761936188,0.35779568552970886,0.08385825157165527,0.35,3,0,0,0,1.0075781345367432,1.5248517990112305,14.049551010131836,1.0075781345367432,1.0,0.20777340666380445,0,0,0,0.0,passthrough,7.51165401684574e-12,0,0,12,,workspace_x_upper,0,0,1,solved,osqp,0.0,valid,0.20777340666380445,0.0024380050599575043
16,0.8500000000000001,-0.24379301495001535,0.08984401077032089,0.43918266892433167,0.3677293658256531,0.07838259637355804,0.35,3,0,0,0,1.0241976976394653,1.7265620231628418,10.954676628112793,1.0241978168487549,1.0,0.2180084360692291,0,0,0,0.0,filtered,2.4077568859735944e-07,0,0,12,,workspace_x_upper,0,0,1,solved,osqp,0.0,valid,0.2180084360692291,0.0029030311852693558
17,0.9,-0.22830644975397518,0.08416682481765747,0.42692238092422485,0.3773036599159241,0.07351714372634888,0.35,3,0,0,0,1.0439649820327759,1.7302318811416626,10.08399486541748,1.043965220451355,1.0,0.22780185190190988,0,0,0,0.0,filtered,3.877388731567862e-07,0,0,12,,workspace_x_upper,0,0,1,solved,osqp,0.0,valid,0.22780185190190988,0.0022691795602440834
18,0.9500000000000001,-0.21585229146825013,0.0789896622300148,0.4153401255607605,0.386724054813385,0.069094218313694,0.35,3,0,0,0,1.0653181076049805,1.8121423721313477,10.976299285888672,1.0653181076049805,1.0,0.2372596286246474,0,0,0,0.0,filtered,1.1823206487707746e-07,0,0,12,,workspace_x_upper,0,0,1,solved,osqp,0.0,valid,0.2372596286246474,0.002190695144236088
19,1.0,-0.20203156085684895,0.07427100837230682,0.404266357421875,0.3959771394729614,0.0650750920176506,0.35,3,0,0,0,1.0800138711929321,1.5026758909225464,12.271897315979004,1.0800135135650635,1.0,0.24658666507921845,0,0,0,0.0,filtered,6.283292636367822e-07,0,0,12,,workspace_x_upper,0,0,1,solved,osqp,0.0,valid,0.24658666507921845,0.0029023298993706703
20,1.05,-0.18814243075815312,0.06987333297729492,0.3936079144477844,0.4052659869194031,0.06134038791060448,0.35,3,0,0,0,1.0905086994171143,1.6330666542053223,16.733123779296875,1.0905078649520874,1.0,0.25576926570028163,0,0,0,0.0,filtered,1.297862606496367e-06,0,0,12,,workspace_x_upper,0,0,1,solved,osqp,0.0,valid,0.25576926570028163,0.0018631508573889732
21,1.1,-0.1807933720907352,0.06583798676729202,0.3836285173892975,0.41444647312164307,0.05792267620563507,0.35,3,0,0,0,1.101081371307373,1.5583763122558594,12.819404602050781,1.1010806560516357,1.0,0.265010066371979,0,0,0,0.0,filtered,1.154924372104551e-06,0,0,12,,workspace_x_upper,0,0,1,solved,osqp,0.0,valid,0.265010066371979,0.002782878465950489
22,1.1500000000000001,-0.1791360697078756,0.062262650579214096,0.37452635169029236,0.4231898784637451,0.054901983588933945,0.35,3,0,0,0,1.1106934547424316,1.3131089210510254,10.715058326721191,1.1106925010681152,1.0,0.27416502295119405,0,0,0,0.0,filtered,1.4897067676864999e-06,0,0,12,,workspace_x_upper,0,0,1,solved,osqp,0.0,valid,0.27416502295119405,0.002456437796354294
23,1.2000000000000002,-0.17891944572007512,0.05915955826640129,0.3662686049938202,0.4313119053840637,0.05228646472096443,0.35,3,0,0,0,1.1224333047866821,0.9692572951316833,17.517282485961914,1.122431993484497,1.0,0.28290444888229793,0,0,0,0.0,filtered,1.9212313871737535e-06,0,0,12,,workspace_x_upper,0,0,1,solved,osqp,0.0,valid,0.28290444888229793,0.002971588633954525
24,1.25,-0.186017565774074,0.056601960211992264,0.359122633934021,0.4384276270866394,0.05013606324791908,0.35,3,0,0,0,1.114225149154663,1.0244619846343994,11.337617874145508,1.114225149154663,1.0,0.291042364788061,0,0,0,0.0,passthrough,6.910305520835009e-12,0,0,12,,workspace_y_lower,0,0,1,solved,osqp,0.0,valid,0.291042364788061,0.002458319067955017
25,1.3,-0.20699916930049794,0.054718926548957825,0.3536718487739563,0.4439331293106079,0.04880887642502785,0.35,3,0,0,0,1.0820200443267822,1.506062388420105,14.614657402038574,1.0820200443267822,1.0,0.2981911730946831,0,0,0,0.0,passthrough,7.76195410908522e-12,0,0,12,,workspace_y_lower,0,0,1,solved,osqp,0.0,valid,0.2981911730946831,0.0028633084148168564
26,1.35,-0.2399813071718109,0.0573306605219841,0.3501659333705902,0.44710689783096313,0.052994709461927414,0.35,3,0,0,0,1.031219720840454,2.29076886177063,21.682083129882812,1.031219720840454,1.0,0.3037407600453643,0,0,0,0.0,passthrough,6.883738726691428e-12,0,0,12,,workspace_y_lower,0,0,1,solved,osqp,0.0,valid,0.3037407600453643,0.002071150578558445
27,1.4000000000000001,-0.26695257961079566,0.062141746282577515,0.3480513393878937,0.4481176733970642,0.057699788361787796,0.35,3,0,0,0,0.9747651815414429,2.4373250007629395,13.496728897094727,0.9747635126113892,1.0,0.3069606696162964,0,0,0,0.0,filtered,1.9548563109629496e-06,0,0,12,,workspace_y_lower,0,0,1,solved,osqp,0.0,valid,0.3069606696162964,0.002538655884563923
28,1.4500000000000002,-0.2664754602500079,0.06403469294309616,0.34598278999328613,0.448147714138031,0.05948110297322273,0.35,3,0,0,0,0.9294629096984863,1.6324045658111572,28.065481185913086,0.9294615983963013,1.0,0.3080144933192215,0,0,0,0.0,filtered,1.4863591877816e-06,0,0,12,,workspace_y_lower,0,0,1,solved,osqp,0.0,valid,0.3080144933192215,0.002955998294055462
29,1.5,-0.25411095214267365,0.06410706043243408,0.343423068523407,0.4477773904800415,0.05944884195923805,0.35,3,0,0,0,0.8943917155265808,1.4144617319107056,27.704042434692383,0.8943917155265808,1.0,0.30808870564862667,0,0,0,0.0,passthrough,5.214095829785158e-12,0,0,12,,workspace_y_lower,0,0,1,solved,osqp,0.0,valid,0.30808870564862667,0.002603313885629177
30,1.55,-0.2368230297893536,0.06312089413404465,0.3402058184146881,0.44744324684143066,0.05837146192789078,0.35,3,0,0,0,0.8837970495223999,1.1516938209533691,13.921429634094238,0.8837970495223999,1.0,0.30776699025367404,0,0,0,0.0,passthrough,5.754208050656633e-12,0,0,12,,workspace_y_lower,0,0,1,solved,osqp,0.0,valid,0.30776699025367404,0.0027284128591418266
31,1.6,-0.2206116422701752,0.06151500344276428,0.33646103739738464,0.4474574327468872,0.05669032037258148,0.35,3,0,0,0,0.8881995677947998,0.9520386457443237,12.41109848022461,0.8881995677947998,1.0,0.3074893897466645,0,0,0,0.0,passthrough,5.020819093302648e-12,0,0,12,,workspace_y_lower,0,0,1,solved,osqp,0.0,valid,0.3074893897466645,0.0020557520911097527
32,1.6500000000000001,-0.20841936993091878,0.05993484705686569,0.332427442073822,0.4478597044944763,0.055049456655979156,0.35,3,0,0,0,0.8963155150413513,0.8557465076446533,6.9046196937561035,0.896314263343811,1.0,0.3075714448285305,0,0,0,0.0,filtered,1.5185738542538363e-06,0,0,12,,workspace_y_lower,0,0,1,solved,osqp,0.0,valid,0.3075714448285305,0.0018132729455828667
33,1.7000000000000002,-0.2016746805054948,0.059102993458509445,0.3283659517765045,0.4484201669692993,0.05416616424918175,0.35,3,0,0,0,0.9048395752906799,0.5487788915634155,8.330397605895996,0.9048383831977844,1.0,0.30805428518376976,0,0,0,0.0,filtered,1.4008133579473213e-06,0,0,12,,workspace_y_lower,0,0,1,solved,osqp,0.0,valid,0.30805428518376976,0.0025763409212231636
34,1.75,-0.199177591601021,0.059516653418540955,0.32442858815193176,0.44879186153411865,0.0545295774936676,0.35,3,0,0,0,0.9034168720245361,0.5066143274307251,12.915227890014648,0.9034157395362854,1.0,0.3087071238494147,0,0,0,0.0,filtered,1.406895070519195e-06,0,0,12,,workspace_y_lower,0,0,1,solved,osqp,0.0,valid,0.3087071238494147,0.002930467016994953
35,1.8,-0.19862543684597114,0.06053822487592697,0.32067161798477173,0.44878822565078735,0.055499251931905746,0.35,3,0,0,0,0.8907541632652283,0.7218158841133118,7.571475028991699,0.8907530903816223,1.0,0.3091795917748271,0,0,0,0.0,filtered,1.3210191384658206e-06,0,0,12,,workspace_y_lower,0,0,1,solved,osqp,0.0,valid,0.3091795917748271,0.002265777438879013
36,1.85,-0.19619815901728266,0.06137986108660698,0.3169908821582794,0.448459267616272,0.05629010871052742,0.35,3,0,0,0,0.870399534702301,1.0252026319503784,8.996553421020508,0.8703988194465637,1.0,0.3092833228898114,0,0,0,0.0,filtered,1.2040526385676162e-06,0,0,12,,workspace_y_lower,0,0,1,solved,osqp,0.0,valid,0.3092833228898114,0.003007739782333374
37,1.9000000000000001,-0.20019104811636004,0.06295464932918549,0.31367579102516174,0.447717547416687,0.05780884250998497,0.35,3,0,0,0,0.8360486030578613,1.1092133522033691,10.836308479309082,0.8406020402908325,1.0,0.3090697673508591,0,0,0,0.0,filtered,0.011000561691329451,0,0,12,,workspace_y_lower,0,0,1,solved,osqp,5.737594765131693e-07,valid,0.3090697673508591,0.0027693379670381546
38,1.9500000000000002,-0.22233081325187215,0.06744927167892456,0.31148916482925415,0.44592320919036865,0.062221020460128784,0.35,3,0,0,0,0.8023759126663208,1.3777281045913696,25.156435012817383,0.8185846209526062,1.0,0.30844777440738,0,0,0,0.0,filtered,0.044076977412804794,0,1,12,workspace_y_lower,workspace_y_lower,0,0,1,solved,osqp,9.40903543966698e-09,valid,0.30844777440738,0.0034264633432030678
39,2.0,-0.2327097450554655,0.0712868869304657,0.309783399105072,0.4433797001838684,0.06595394015312195,0.35,3,0,0,0,0.7578339576721191,1.3968980312347412,16.65823745727539,0.7690395712852478,1.0,0.30676144451586185,0,0,0,0.0,filtered,0.03554055208261367,0,1,12,workspace_y_lower,workspace_y_lower,2,0,0,inaccurate_solution,,0.0,valid,0.30676144451586185,0.002349724993109703
40,2.0500000000000003,-0.24271380836466058,0.07492518424987793,0.3085075318813324,0.4401819109916687,0.06946713477373123,0.35,3,0,0,0,0.7008994817733765,2.001098871231079,21.669971466064453,0.7105502486228943,1.0,0.30431646711547156,0,0,0,0.0,filtered,0.034526300067291425,0,0,12,,workspace_y_lower,0,0,1,solved,osqp,8.655106296662218e-07,valid,0.30431646711547156,0.0028906231746077538
41,2.1,-0.24385324478368717,0.07835714519023895,0.307170033454895,0.43630579113960266,0.07275649905204773,0.35,2,0,0,0,0.6507864594459534,2.939748764038086,23.439491271972656,0.6594350337982178,1.0,0.3012073130355686,0,0,0,0.0,filtered,0.03482648915820705,0,0,12,,workspace_y_lower,0,0,1,solved,osqp,7.239901350930555e-07,valid,0.3012073130355686,0.003003382124006748
42,2.15,-0.24521849297647832,0.08203766494989395,0.3058249354362488,0.4321383535861969,0.07574460655450821,0.35,2,0,0,0,0.6270466446876526,1.8297817707061768,25.708282470703125,0.6511450409889221,1.0,0.2975278722509057,0,0,0,0.0,filtered,0.09382485798019548,0,1,12,workspace_y_lower,workspace_y_lower,2,0,0,inaccurate_solution,,0.0,valid,0.2975278722509057,0.0029829302802681923
43,2.2,-0.2589819774011448,0.085797980427742,0.30509424209594727,0.4276924729347229,0.07928600162267685,0.35,3,0,0,0,0.6038442850112915,1.3095189332962036,25.50520133972168,0.6429919004440308,1.0,0.2934214108859168,0,0,0,0.0,filtered,0.14573325451550012,0,1,12,workspace_y_lower,workspace_y_lower,0,0,1,solved,osqp,6.898073043326569e-09,valid,0.2934214108859168,0.002508683130145073
44,2.25,-0.2694129277897494,0.0889638364315033,0.3047930598258972,0.42291074991226196,0.08220875263214111,0.35,3,0,0,0,0.5986170172691345,0.8529571294784546,21.898391723632812,0.645747721195221,1.0,0.28893737009083786,0,0,0,0.0,filtered,0.17761061091269034,0,1,12,workspace_y_lower,workspace_y_lower,0,0,1,solved,osqp,6.463567604753084e-09,valid,0.28893737009083786,0.002746233716607094
45,2.3000000000000003,-0.2647587786776081,0.09175281971693039,0.30412206053733826,0.4179839491844177,0.08473502099514008,0.35,3,0,0,0,0.5838398933410645,1.0173040628433228,23.039592742919922,0.6282898187637329,1.0,0.2842110456153145,0,0,0,0.0,filtered,0.1786292697259471,0,1,12,workspace_y_lower,workspace_y_lower,0,0,1,solved,osqp,5.153087526132971e-09,valid,0.2842110456153145,0.002705615945160389
46,2.35,-0.25608781407063086,0.0962769165635109,0.30280211567878723,0.41291552782058716,0.08897550404071808,0.35,3,0,0,0,0.5676584243774414,1.3844220638275146,12.155473709106445,0.6037957668304443,1.0,0.27933443571602956,0,0,0,0.0,filtered,0.16208042810129766,0,1,12,workspace_y_lower,workspace_y_lower,2,0,0,inaccurate_solution,,3.469446951953614e-18,valid,0.27933443571602956,0.0025877486914396286
47,2.4000000000000004,-0.2553818125966735,0.1014857217669487,0.3012630045413971,0.4077131152153015,0.09387937188148499,0.35,3,0,0,0,0.5541824698448181,0.9016401171684265,17.713308334350586,0.582801103591919,1.0,0.274311183119343,0,0,0,0.0,filtered,0.14482733253256808,0,1,12,workspace_y_lower,workspace_y_lower,2,0,0,inaccurate_solution,,3.469446951953614e-18,valid,0.274311183119343,0.0028906362131237984
48,2.45,-0.26213339168451544,0.10601068288087845,0.29993945360183716,0.40243738889694214,0.09808102250099182,0.35,3,0,0,0,0.5457525253295898,0.43902233242988586,20.610300064086914,0.5798072218894958,1.0,0.26915074825360374,0,0,0,0.0,filtered,0.16622708545022483,0,1,12,workspace_y_lower,workspace_y_lower,2,0,0,inaccurate_solution,,3.469446951953614e-18,valid,0.26915074825360374,0.0028501730412244797
49,2.5,-0.26711916407446124,0.10983742773532867,0.298755943775177,0.3971453309059143,0.1015685647726059,0.35,3,0,0,0,0.5481969118118286,0.8642067909240723,18.054794311523438,0.5849208831787109,1.0,0.2639152062813794,0,0,0,0.0,filtered,0.17967131398316433,0,1,12,workspace_y_lower,workspace_y_lower,2,0,0,inaccurate_solution,,3.469446951953614e-18,valid,0.2639152062813794,0.0031368518248200417
50,2.5500000000000003,-0.2662541972417719,0.11440484970808029,0.29736465215682983,0.3918064832687378,0.10577701032161713,0.35,3,0,0,0,0.5348131060600281,0.6412796378135681,17.560062408447266,0.5729268789291382,1.0,0.25866107513871994,0,0,0,0.0,filtered,0.18556633794844787,0,1,12,workspace_y_lower,workspace_y_lower,2,0,0,inaccurate_solution,,0.0,valid,0.25866107513871994,0.0030200202018022537
51,2.6,-0.2631802816586856,0.11968830227851868,0.295621782541275,0.38639402389526367,0.1106790080666542,0.35,3,0,0,0,0.5337207913398743,0.8896956443786621,16.219968795776367,0.5672822594642639,1.0,0.2533563677093274,0,0,0,0.0,filtered,0.17601782603804267,0,0,12,,workspace_y_lower,0,0,1,solved,osqp,9.393015099057322e-07,valid,0.2533563677093274,0.0030013537034392357
52,2.6500000000000004,-0.2596553156123236,0.12499361485242844,0.29352477192878723,0.3809223175048828,0.11558103561401367,0.35,3,0,0,0,0.5451996326446533,0.9711247086524963,7.016289234161377,0.5753412842750549,1.0,0.24797537723861646,0,0,0,0.0,filtered,0.17057365962114465,0,0,12,,workspace_y_lower,0,0,1,solved,osqp,8.740706565688039e-07,valid,0.24797537723861646,0.002788616344332695
53,2.7,-0.259209183342912,0.12997913360595703,0.2912725806236267,0.3754216134548187,0.12014488130807877,0.35,3,0,0,0,0.558159351348877,0.9490035176277161,10.709969520568848,0.586164653301239,1.0,0.24253450007910476,0,0,0,0.0,filtered,0.16824196341004014,0,0,12,,workspace_y_lower,0,0,1,solved,osqp,8.354125812567309e-07,valid,0.24253450007910476,0.0029037371277809143
54,2.75,-0.2630221541923518,0.13478219509124756,0.2891086935997009,0.36991551518440247,0.1245083436369896,0.35,3,0,0,0,0.55966717004776,0.471721351146698,12.396430969238281,0.5924229621887207,1.0,0.23706811770061703,0,0,0,0.0,filtered,0.18542991904446407,0,0,12,,workspace_y_lower,0,0,1,solved,osqp,8.759119887935193e-07,valid,0.23706811770061703,0.002024291083216667
55,2.8000000000000003,-0.27039584738495825,0.13999907672405243,0.2871879041194916,0.36439797282218933,0.12926353514194489,0.35,3,0,0,0,0.5497642755508423,0.4146897792816162,13.389171600341797,0.5919094085693359,1.0,0.2315986472031723,0,0,0,0.0,filtered,0.21209964093950737,0,0,12,,workspace_y_lower,0,0,1,solved,osqp,9.359802483144622e-07,valid,0.2315986472031723,0.0027754204347729683
56,2.85,-0.2727143415715867,0.14519430696964264,0.2852322459220886,0.35888269543647766,0.13397566974163055,0.35,3,0,0,0,0.5523799061775208,0.26483818888664246,9.715315818786621,0.5973687171936035,1.0,0.22611540983386252,0,0,0,0.0,filtered,0.22148070811981627,0,0,12,,workspace_y_lower,0,0,1,solved,osqp,9.154334707243625e-07,valid,0.22611540983386252,0.002261715941131115
57,2.9000000000000004,-0.2742686048738018,0.15082287788391113,0.2831786572933197,0.35335928201675415,0.1390991359949112,0.35,3,0,0,0,0.5616770386695862,0.5478906631469727,9.975308418273926,0.6053680181503296,1.0,0.22063307178324432,0,0,0,0.0,filtered,0.22091310741823894,0,0,12,,workspace_y_lower,0,0,1,solved,osqp,8.611988327475797e-07,valid,0.22063307178324432,0.0018511153757572174
58,2.95,-0.27949805717079135,0.15749305486679077,0.2811676561832428,0.347791463136673,0.14523698389530182,0.35,3,0,0,0,0.5818579792976379,0.961875855922699,11.042521476745605,0.6272971034049988,1.0,0.2151432719644491,0,0,0,0.0,filtered,0.23035757288402925,0,0,12,,workspace_y_lower,0,0,1,solved,osqp,8.438707482412433e-07,valid,0.2151432719644491,0.0021014967933297157
59,3.0,-0.2916581327479628,0.164224773645401,0.2795480489730835,0.3421889543533325,0.1514129787683487,0.35,3,0,0,0,0.6269726753234863,1.7089923620224,17.97300910949707,0.6687151789665222,1.0,0.2096091365124097,0,0,0,0.0,filtered,0.2292170305715254,0,0,12,,workspace_y_lower,0,0,1,solved,osqp,7.837105509053005e-07,valid,0.2096091365124097,0.0022678030654788017
60,3.0500000000000003,-0.3183661494273685,0.17199823260307312,0.27899429202079773,0.3365183472633362,0.15860304236412048,0.35,3,0,0,0,0.6899054050445557,2.568875312805176,25.153078079223633,0.7300084829330444,1.0,0.2040461120853429,0,0,0,0.0,filtered,0.23582238787177198,0,0,12,,workspace_y_lower,0,0,1,solved,osqp,7.17536124253404e-07,valid,0.2040461120853429,0.002036232501268387
61,3.1,-0.3508532232392966,0.17889374494552612,0.27981024980545044,0.3308386504650116,0.16489312052726746,0.35,3,0,0,0,0.7663301825523376,2.6166510581970215,16.878070831298828,0.8032753467559814,1.0,0.1984213408220455,0,0,0,0.0,filtered,0.23836175102342774,0,0,12,,workspace_y_lower,0,0,1,solved,osqp,5.989623366418895e-07,valid,0.1984213408220455,0.0026232684031128883
62,3.1500000000000004,-0.37403353011782314,0.18427161872386932,0.28152549266815186,0.32523423433303833,0.1696529984474182,0.35,3,0,0,0,0.851140558719635,1.9347707033157349,25.2020320892334,0.8854391574859619,1.0,0.19279403419862068,0,0,0,0.0,filtered,0.24172807004100397,0,0,12,,workspace_y_lower,0,0,1,solved,osqp,4.631021898598986e-07,valid,0.19279403419862068,0.0028057927265763283
63,3.2,-0.3959644386399398,0.19356225430965424,0.283799946308136,0.3195609450340271,0.1782795488834381,0.35,3,0,0,0,0.8834283351898193,1.9421629905700684,35.50350570678711,0.9287353157997131,1.0,0.18724833107961958,0,0,0,0.0,filtered,0.2841675093750704,0,0,12,,workspace_y_lower,0,0,1,solved,osqp,3.8933002823038354e-07,valid,0.18724833107961958,0.0029551461338996887
64,3.25,-0.4138182820337568,0.20352649688720703,0.28635868430137634,0.313810259103775,0.18752886354923248,0.35,3,0,0,0,0.9105242490768433,1.5228562355041504,9.342818260192871,0.9582509994506836,1.0,0.1816226171154881,0,0,0,0.0,filtered,0.2963131478111256,0,0,12,,workspace_y_lower,0,0,1,solved,osqp,2.9762388494697367e-07,valid,0.1816226171154881,0.00257695559412241
65,3.3000000000000003,-0.42315786010432505,0.21232450008392334,0.288798987865448,0.3080500364303589,0.19557279348373413,0.35,3,0,0,0,0.9459564089775085,0.9908838272094727,26.341869354248047,0.9909285306930542,1.0,0.1759086309834612,0,0,0,0.0,filtered,0.29288945736478816,0,0,12,,workspace_y_lower,0,0,1,solved,osqp,2.2219011806129396e-07,valid,0.1759086309834612,0.002898002974689007
66,3.35,-0.4273067227965365,0.22183002531528473,0.2908133864402771,0.30226951837539673,0.20428043603897095,0.35,3,0,0,0,0.9670617580413818,0.8524767756462097,9.215437889099121,1.0130424499511719,1.0,0.17018068806348519,0,0,0,0.0,filtered,0.2995956071093047,0,0,12,,workspace_y_lower,0,0,1,solved,osqp,1.7375882332970605e-07,valid,0.17018068806348519,0.0020859092473983765
67,3.4000000000000004,-0.4342722030745384,0.23255334794521332,0.2925112843513489,0.2964392304420471,0.21415351331233978,0.35,3,0,0,0,0.9716550707817078,0.556684672832489,10.720911026000977,1.0223965644836426,1.0,0.16442737981860883,0,0,0,0.0,filtered,0.3078995136408454,0,1,12,workspace_y_lower|joint_3_velocity_lower,workspace_y_lower,0,0,1,solved,osqp,0.0,valid,0.16442737981860883,0.0018257489427924156
68,3.45,-0.4479496302774516,0.24352721869945526,0.2942464053630829,0.29057177901268005,0.2242252379655838,0.35,3,0,0,0,0.982206404209137,0.5323460102081299,10.94522476196289,1.0334019660949707,1.0,0.15861821102519935,0,0,0,0.0,filtered,0.31125107901102833,0,1,12,workspace_y_lower|joint_3_velocity_lower,workspace_y_lower,0,0,1,solved,osqp,0.0,valid,0.15861821102519935,0.0020348122343420982
69,3.5,-0.4609468715459048,0.2546585202217102,0.29597195982933044,0.28468385338783264,0.2344040721654892,0.35,3,0,0,0,0.9911981821060181,0.5437731146812439,4.791237831115723,1.0400137901306152,1.0,0.1527678248800005,0,0,0,0.0,filtered,0.31313029305324963,0,0,12,,workspace_y_lower,0,0,1,solved,osqp,1.009029890128299e-07,valid,0.1527678248800005,0.002763785421848297
70,3.5500000000000003,-0.4760006272736246,0.2658121585845947,0.2977938652038574,0.27879661321640015,0.24455872178077698,0.35,3,0,0,0,0.9946268796920776,0.5639117360115051,4.6392502784729,1.0430989265441895,1.0,0.14689474326174984,0,0,0,0.0,filtered,0.31260777852144306,0,1,12,workspace_y_lower,workspace_y_lower,0,0,1,solved,osqp,8.461866460307554e-08,valid,0.14689474326174984,0.0028280075639486313
71,3.6,-0.48635666204537553,0.27720019221305847,0.29944854974746704,0.27292272448539734,0.2549020051956177,0.35,3,0,0,0,0.9970085620880127,0.5768895745277405,7.463307857513428,1.0453358888626099,1.0,0.1410226542657796,0,0,0,0.0,filtered,0.3125497211613561,0,1,12,workspace_y_lower,workspace_y_lower,0,0,1,solved,osqp,7.047917275487814e-08,valid,0.1410226542657796,0.0027331477031111717
72,3.6500000000000004,-0.4941795905238036,0.28913408517837524,0.3007855713367462,0.2670627534389496,0.2657427489757538,0.35,3,0,0,0,1.001376986503601,0.5932696461677551,4.057436943054199,1.0500398874282837,1.0,0.13516467310208352,0,0,0,0.0,filtered,0.3143862110817154,0,1,12,workspace_y_lower,workspace_y_lower,0,0,1,solved,osqp,5.905949274076505e-08,valid,0.13516467310208352,0.0028009163215756416
73,3.7,-0.5002018758184479,0.302169531583786,0.3016737103462219,0.26119786500930786,0.2776271402835846,0.35,3,0,0,0,1.00670325756073,0.5637999773025513,4.6811041831970215,1.0565695762634277,1.0,0.12932072982284132,0,0,0,0.0,filtered,0.3192384042004627,0,1,12,workspace_y_lower,workspace_y_lower,0,0,1,solved,osqp,5.033666377468604e-08,valid,0.12932072982284132,0.0028846096247434616
74,3.75,-0.5054441855845337,0.31596535444259644,0.30206042528152466,0.25532472133636475,0.2902083694934845,0.35,3,0,0,0,1.0175634622573853,0.6079577207565308,2.914865255355835,1.0679129362106323,1.0,0.12346964420429934,0,0,0,0.0,filtered,0.32256618252551655,0,1,12,workspace_y_lower,workspace_y_lower,0,0,1,solved,osqp,4.3516431992574045e-08,valid,0.12346964420429934,0.0024067992344498634
75,3.8000000000000003,-0.5133406271663443,0.33017128705978394,0.3020949363708496,0.24945427477359772,0.30313584208488464,0.35,3,0,0,0,1.0321569442749023,0.5043742060661316,4.362371921539307,1.082319974899292,1.0,0.1176070516104536,0,0,0,0.0,filtered,0.3242497769474532,0,1,12,workspace_y_lower,workspace_y_lower,0,0,1,solved,osqp,3.831642241686195e-08,valid,0.1176070516104536,0.002912161871790886
76,3.85,-0.5218588137056057,0.34505146741867065,0.3017963767051697,0.24358786642551422,0.31667062640190125,0.35,3,0,0,0,1.0446217060089111,0.4394802153110504,1.3564352989196777,1.0946705341339111,1.0,0.1117444334261799,0,0,0,0.0,filtered,0.3258111047216923,0,1,12,workspace_y_lower,workspace_y_lower,0,0,1,solved,osqp,3.43550265735626e-08,valid,0.1117444334261799,0.0028195688501000404
77,3.9000000000000004,-0.5295972371697352,0.3606047034263611,0.3011093735694885,0.23772813379764557,0.33080846071243286,0.35,3,0,0,0,1.0578311681747437,0.49880340695381165,1.6788606643676758,1.1075516939163208,1.0,0.10588332743826978,0,0,0,0.0,filtered,0.3267357806748291,0,1,12,workspace_y_lower,workspace_y_lower,0,0,1,solved,osqp,3.128659510631682e-08,valid,0.10588332743826978,0.0027983514592051506
78,3.95,-0.5357880367197391,0.3768693506717682,0.29994019865989685,0.23187734186649323,0.3455842137336731,0.35,3,0,0,0,1.0710200071334839,0.5965641736984253,2.940312385559082,1.1201844215393066,1.0,0.10002626672737674,0,0,0,0.0,filtered,0.3268415567452366,0,1,12,workspace_y_lower,workspace_y_lower,0,0,1,solved,osqp,2.8904556741149445e-08,valid,0.10002626672737674,0.002642598934471607
79,4.0,-0.5427831622078123,0.3931155204772949,0.2983624041080475,0.22606493532657623,0.3602752685546875,0.35,3,0,0,0,1.0861507654190063,0.5262631773948669,2.514512538909912,1.1340069770812988,1.0,0.09417542021785741,0,0,0,0.0,filtered,0.32457329310034244,0,1,12,workspace_y_lower,workspace_y_lower,0,0,1,solved,osqp,2.6999542344918748e-08,valid,0.09417542021785741,0.003025917336344719
80,4.05,-0.5459505348910809,0.4095723032951355,0.2961885333061218,0.22030983865261078,0.3751126825809479,0.35,3,0,0,0,1.1055904626846313,0.7253378629684448,5.654390811920166,1.1519912481307983,1.0,0.08836176737869345,0,0,0,0.0,filtered,0.32225328279085225,0,1,12,workspace_y_lower,workspace_y_lower,0,0,1,solved,osqp,2.542154053236656e-08,valid,0.08836176737869345,0.0028738565742969513
81,4.1000000000000005,-0.5428498449163977,0.42770838737487793,0.2930373251438141,0.21457721292972565,0.3915446698665619,0.35,3,0,0,0,1.1272977590560913,1.1020735502243042,8.894062995910645,1.174283504486084,1.0,0.08260379834136544,0,0,0,0.0,filtered,0.3244591159514241,0,1,12,workspace_y_lower|joint_3_velocity_lower,workspace_y_lower,0,0,1,solved,osqp,0.0,valid,0.08260379834136544,0.0030397549271583557
82,4.15,-0.5378856175846182,0.44666415452957153,0.2888268530368805,0.2088678628206253,0.40870746970176697,0.35,3,0,0,0,1.110849142074585,1.2963752746582031,17.1474609375,1.1539793014526367,0.9607876279209961,0.0768630102336797,0,0,0,0.0,filtered,0.31102556368279954,0,1,12,workspace_y_lower,workspace_y_lower,0,0,1,solved,osqp,2.3715687066938607e-08,valid,0.0768630102336797,0.003058742731809616
83,4.2,-0.5403930285223953,0.4654914140701294,0.2840035855770111,0.20321820676326752,0.4256732165813446,0.35,3,0,0,0,1.0285743474960327,2.010859251022339,27.999263763427734,1.066735863685608,0.8892534694976771,0.07114027755981417,0,0,0,0.0,filtered,0.28115626128406146,0,1,12,workspace_y_lower,workspace_y_lower,0,0,1,solved,osqp,2.2776146024749977e-08,valid,0.07114027755981417,0.0030507752671837807
84,4.25,-0.5507201077983725,0.48240596055984497,0.2791038155555725,0.19772307574748993,0.44071218371391296,0.35,3,0,0,0,0.9091110825538635,2.668572425842285,18.66691017150879,0.9408448338508606,0.8184684269473719,0.06547747415578975,0,0,0,0.0,filtered,0.24059806948973703,0,1,12,workspace_y_lower,workspace_y_lower,0,0,1,solved,osqp,2.1142544794766627e-08,valid,0.06547747415578975,0.002943226136267185
85,4.3,-0.5692139780526875,0.49708420038223267,0.2746787667274475,0.1924697309732437,0.45355919003486633,0.35,3,0,0,0,0.776406466960907,2.972888946533203,12.507258415222168,0.80086350440979,0.7497309865833274,0.05997847892666619,0,0,0,0.0,filtered,0.19469215305571652,0,1,12,workspace_y_lower,workspace_y_lower,0,0,1,solved,osqp,1.82426965131266e-08,valid,0.05997847892666619,0.002321813255548477
86,4.3500000000000005,-0.5957895795249807,0.5150740146636963,0.2709583342075348,0.1873437613248825,0.46971896290779114,0.35,3,0,0,0,0.6447067260742188,2.9094886779785156,9.246564865112305,0.6662538647651672,0.6842278228344711,0.05473822582675769,0,0,0,0.0,filtered,0.16640817712924588,0,1,12,workspace_y_lower,workspace_y_lower,0,0,1,solved,osqp,1.5486731789332575e-08,valid,0.05473822582675769,0.0028012655675411224
87,4.4,-0.6346178823898825,0.5384047627449036,0.2682484984397888,0.1821819394826889,0.4911518394947052,0.35,3,0,0,0,0.507704496383667,3.279709815979004,15.006942749023438,0.5283446907997131,0.6204685628733837,0.0496374850298707,0,0,0,0.0,filtered,0.144682042615089,0,1,12,workspace_y_lower,workspace_y_lower,0,0,1,solved,osqp,1.2622283988850125e-08,valid,0.0496374850298707,0.0028811944648623466
88,4.45,-0.6648034615531754,0.5686731338500977,0.26571738719940186,0.1767859309911728,0.5193188190460205,0.35,3,0,0,0,0.41122621297836304,2.1883106231689453,30.49042320251465,0.4372282922267914,0.5563613416263324,0.044508907330106595,0,0,0,0.0,filtered,0.14713615769231816,0,1,12,workspace_y_lower,workspace_y_lower,0,0,1,solved,osqp,1.1442890494525737e-08,valid,0.044508907330106595,0.0022348836064338684
89,4.5,-0.693828623587524,0.5965745449066162,0.26339951157569885,0.1713077872991562,0.5449746251106262,0.35,3,0,0,0,0.33917897939682007,1.4738878011703491,21.584548950195312,0.36252716183662415,0.4892104624122609,0.03913683699298087,0,0,0,0.0,filtered,0.1267741104554802,0,1,12,workspace_y_lower,workspace_y_lower,0,0,1,solved,osqp,9.29105183240797e-09,valid,0.03913683699298087,0.0021399427205324173
90,4.55,-0.7263801126282897,0.62595134973526,0.26137757301330566,0.16574852168560028,0.5719502568244934,0.35,3,0,0,0,0.27208516001701355,1.368158221244812,6.615802764892578,0.2946069538593292,0.4209702741960586,0.03367762193568469,0,0,0,0.0,filtered,0.11191539184083987,0,1,12,workspace_y_lower,workspace_y_lower,0,0,1,solved,osqp,7.909317480472855e-09,valid,0.03367762193568469,0.0026297317817807198
91,4.6000000000000005,-0.7615331044301156,0.6568021178245544,0.2596941292285919,0.16011212766170502,0.6002379059791565,0.35,3,0,0,0,0.21198207139968872,1.2283859252929688,3.341820240020752,0.23307710886001587,0.3516524005636283,0.028132192045090265,0,0,0,0.0,filtered,0.0959953427552114,0,1,12,workspace_y_lower,workspace_y_lower,0,0,1,solved,osqp,6.685017119728576e-09,valid,0.028132192045090265,0.002427029423415661
92,4.65,-0.798778620415265,0.6882816553115845,0.2584073841571808,0.15444214642047882,0.6290130019187927,0.35,3,0,0,0,0.15995803475379944,1.047014832496643,5.192103385925293,0.17680184543132782,0.28131970323197336,0.02250557625855787,0,0,0,0.0,filtered,0.07456643862946855,0,1,12,workspace_y_lower,workspace_y_lower,0,0,1,solved,osqp,5.210681656986349e-09,valid,0.02250557625855787,0.002773849293589592
93,4.7,-0.8376375373663917,0.7212139368057251,0.25750288367271423,0.1487458497285843,0.6590980291366577,0.35,3,0,0,0,0.11309338361024857,0.9441349506378174,2.3468222618103027,0.1254115104675293,0.21055660207415922,0.016844528165932737,0,0,0,0.0,filtered,0.05358973329223145,0,1,12,workspace_y_lower,workspace_y_lower,0,0,1,solved,osqp,3.76043409215307e-09,valid,0.016844528165932737,0.002599782310426235
94,4.75,-0.8781889109879001,0.7561933994293213,0.25694069266319275,0.1430055946111679,0.6910679340362549,0.35,3,0,0,0,0.06934947520494461,0.882669985294342,1.759300947189331,0.07766450941562653,0.13946504228591963,0.01115720338287357,0,0,0,0.0,filtered,0.034467241389477245,0,1,12,workspace_y_lower,workspace_y_lower,0,0,1,solved,osqp,2.4199872678681844e-09,valid,0.01115720338287357,0.0025951871648430824
95,4.800000000000001,-0.9189293579062855,0.7916277647018433,0.25668856501579285,0.13721521198749542,0.7248054146766663,0.35,3,0,0,0,0.030581170693039894,0.7864606380462646,2.22446870803833,0.03450905904173851,0.06781855663913691,0.005425484531130953,0,0,0,0.0,filtered,0.015595088204589606,0,1,12,workspace_y_lower,workspace_y_lower,0,0,1,solved,osqp,1.0980440233281097e-09,valid,0.005425484531130953,0.001917744055390358
96,4.8500000000000005,-0.9416853443908124,0.791142463684082,0.25764912366867065,0.13238798081874847,0.7421007752418518,0.35,3,0,0,0,0.1132979467511177,2.206089496612549,45.044525146484375,0.25,0.0,-0.00035671316772539763,1,1,0,0.25,filtered,0.22253792049841856,0,1,12,workspace_y_lower,workspace_y_lower,0,0,1,solved,osqp,1.5497110808808043e-08,valid,-0.00035671316772539763,0.001999898813664913
97,4.9,-0.9563101978117812,0.8035988807678223,0.2586970329284668,0.12764453887939453,0.7727400064468384,0.35,3,0,0,0,0.11658232659101486,0.08004221320152283,42.77375030517578,0.25,0.0,-0.005127808506235232,1,1,0,0.25,filtered,0.22083585623661006,0,1,12,workspace_y_lower,workspace_y_lower,0,0,1,solved,osqp,1.231254836563285e-08,valid,-0.005127808506235232,0.002804250456392765
98,4.95,-0.9778168186513712,0.8078626394271851,0.2605802118778229,0.12373185902833939,0.7925525307655334,0.35,3,0,0,0,0.1960335522890091,1.5901713371276855,30.449398040771484,0.25,0.0,-0.009809606552005745,1,1,0,0.25,filtered,0.23175399546566466,0,0,12,,workspace_y_lower,0,0,1,solved,osqp,0.0,valid,-0.009809606552005745,0.0029760897159576416
99,5.0,-1.0021663821930669,0.814487874507904,0.2632950246334076,0.12059556692838669,0.8120124340057373,0.35,3,0,0,0,0.2595732808113098,1.2780379056930542,6.789194583892822,0.25,0.0,-0.013617165172850165,1,1,0,0.25,filtered,0.2540718462366715,0,2,12,predictive_link_3|workspace_y_lower,workspace_y_lower,0,0,1,solved,osqp,0.0,valid,-0.013617165172850165,0.002992338500916958
100,5.050000000000001,-4.017563877605007,3.813654363155365,0.26671552658081055,0.11808788031339645,0.813654363155365,0.35,3,1,0,0,0.2988963723182678,0.8132352232933044,10.025147438049316,0.25,0.0,-0.016604427425294277,1,1,0,0.25,filtered,0.268959550098884,0,2,12,predictive_link_3|workspace_y_lower,workspace_y_lower,0,0,1,solved,osqp,0.0,valid,-0.016604427425294277,0.00250285305082798
101,5.1000000000000005,-4.028995598750314,3.8106293082237244,0.27070337533950806,0.11608918756246567,0.8106293082237244,0.35,3,1,0,0,0.3202056288719177,0.49374112486839294,7.499654769897461,0.25,0.0,-0.01892356329333017,1,1,0,0.25,filtered,0.27295645287839443,0,2,12,predictive_link_3|workspace_y_lower,workspace_y_lower,0,0,1,solved,osqp,0.0,valid,-0.01892356329333017,0.0023375311866402626
102,5.15,-4.039044083726756,3.808198392391205,0.2751176059246063,0.11450283974409103,0.8081983923912048,0.35,3,1,0,0,0.32907968759536743,0.3185376822948456,5.216378688812256,0.25,0.0,-0.02069845339384363,1,1,0,0.25,filtered,0.26791131212024727,0,2,12,predictive_link_3|workspace_y_lower,workspace_y_lower,0,0,1,solved,osqp,0.0,valid,-0.02069845339384363,0.002528662793338299
103,5.2,-4.047653647583487,3.806245803833008,0.27982833981513977,0.113251231610775,0.8062458038330078,0.35,3,1,0,0,0.3298128545284271,0.26142290234565735,3.476918935775757,0.2499999850988388,0.0,-0.022029792235573553,1,1,0,0.2499999850988388,filtered,0.25657225450114746,0,0,12,,predictive_link_3,0,0,1,solved,osqp,5.967859747907367e-07,valid,-0.022029792235573553,0.002956163138151169
104,5.25,-4.054947367106125,3.8046717643737793,0.2847245931625366,0.11227262765169144,0.8046717643737793,0.35,3,1,0,0,0.32545220851898193,0.2618124485015869,2.2681636810302734,0.2499999850988388,0.0,-0.022999259732863098,1,1,0,0.2499999850988388,filtered,0.24130567001881104,0,0,12,,predictive_link_3,0,0,1,solved,osqp,6.018528959650382e-07,valid,-0.022999259732863098,0.002612321637570858
105,5.300000000000001,-4.061135804298435,3.8034002780914307,0.2897166311740875,0.1115172877907753,0.8034002780914307,0.35,3,1,0,0,0.3180299699306488,0.27183157205581665,1.488877296447754,0.2499999850988388,0.0,-0.023672483074435924,1,1,0,0.2499999850988388,filtered,0.2238458240451781,0,0,12,,predictive_link_3,0,0,1,solved,osqp,7.360430351460723e-07,valid,-0.023672483074435924,0.0028581656515598297
106,5.3500000000000005,-4.066417763624827,3.802368640899658,0.29473361372947693,0.11094526201486588,0.8023686408996582,0.35,3,1,0,0,0.30886098742485046,0.2762354910373688,1.0249446630477905,0.25,0.0,-0.0241028014924366,1,1,0,0.25,filtered,0.20537917549775705,0,2,12,predictive_link_3|workspace_y_lower,predictive_link_3,22,0,0,inaccurate_solution,,1.7294681797785927e-09,valid,-0.0241028014924366,0.004082513973116875
107,5.4,-4.07107510819214,3.801529586315155,0.2997261881828308,0.11052418500185013,0.801529586315155,0.35,3,1,0,0,0.2987610101699829,0.27578890323638916,0.7598801255226135,0.25,0.0,-0.024333402747007016,1,1,0,0.25,filtered,0.1866838153260147,0,0,12,,predictive_link_3,0,0,1,solved,osqp,3.459354993434749e-07,valid,-0.024333402747007016,0.00270902831107378
108,5.45,-4.075175746666749,3.800845444202423,0.30465370416641235,0.11022763699293137,0.8008454442024231,0.35,3,1,0,0,0.2882453203201294,0.2693665623664856,0.5999503135681152,0.25,0.0,-0.02439962183444694,1,1,0,0.25,filtered,0.168284389975057,0,0,12,,predictive_link_3,0,0,1,solved,osqp,8.036307930225917e-07,valid,-0.02439962183444694,0.005326045677065849
109,5.5,-4.078876636443933,3.800285756587982,0.30948805809020996,0.11003416031599045,0.8002857565879822,0.35,3,1,0,0,0.2776322662830353,0.2606343626976013,0.4817257821559906,0.2499999850988388,0.0,-0.024330390114379263,1,1,0,0.2499999850988388,filtered,0.15054670163432596,0,0,12,,predictive_link_3,0,0,1,solved,osqp,2.532943105260088e-07,valid,-0.024330390114379263,0.003014194779098034
110,5.550000000000001,-4.0824386923411,3.800000011920929,0.3142090439796448,0.10992593318223953,0.800000011920929,0.35,3,1,0,0,0.26709917187690735,0.25075432658195496,0.4200560450553894,0.25,0.0,-0.024149390654156333,1,1,0,0.25,filtered,0.13373372415443374,0,0,12,,predictive_link_3,0,0,1,solved,osqp,9.467853257089098e-07,valid,-0.024149390654156333,0.002793818712234497
111,5.6000000000000005,-4.085965634757175,3.800000011920929,0.3188028931617737,0.10988833755254745,0.800000011920929,0.35,3,1,0,0,0.25676706433296204,0.24017038941383362,0.37577173113822937,0.2499999850988388,0.0,-0.02387638825522953,1,1,0,0.2499999850988388,filtered,0.11809058851307777,0,0,12,,predictive_link_3,0,0,1,solved,osqp,3.1192698937698715e-07,valid,-0.02387638825522953,0.002910842187702656
112,5.65,-4.0892297491058525,3.800000011920929,0.3232601284980774,0.1099093034863472,0.800000011920929,0.35,3,1,0,0,0.2466898411512375,0.22977767884731293,0.33820754289627075,0.25,0.0,-0.02352758444736547,1,1,0,0.25,filtered,0.10385649014667982,0,2,12,predictive_link_3|workspace_y_lower,predictive_link_3,0,0,1,solved,osqp,8.965686780493254e-08,valid,-0.02352758444736547,0.0027918657287955284
113,5.7,-4.0922769238864,3.800000011920929,0.3275746703147888,0.10997860878705978,0.800000011920929,0.35,3,1,0,0,0.23689739406108856,0.21977263689041138,0.3059904873371124,0.25,0.0,-0.02311654059708801,1,1,0,0.25,filtered,0.09131792124509691,0,0,12,,predictive_link_3,0,0,1,solved,osqp,4.540474464187483e-07,valid,-0.02311654059708801,0.00263143889605999
114,5.75,-4.098221570606199,3.800000011920929,0.33190256357192993,0.11025210469961166,0.800000011920929,0.35,3,1,0,0,0.23598529398441315,0.09255514293909073,3.520989179611206,0.25,0.0,-0.022654556690155314,1,1,0,0.25,filtered,0.08037763889661252,0,0,12,,workspace_y_lower,0,0,1,solved,osqp,1.3917088141678427e-07,valid,-0.022654556690155314,0.002793855033814907
115,5.800000000000001,-4.105764216991169,3.800000011920929,0.3363213837146759,0.1108144000172615,0.800000011920929,0.35,3,1,0,0,0.23957687616348267,0.11385136097669601,1.7680554389953613,0.25,0.0,-0.021978096092363786,1,1,0,0.25,filtered,0.06940251232097082,0,0,12,,workspace_y_lower,0,0,1,solved,osqp,1.4758510339784453e-07,valid,-0.021978096092363786,0.002709578722715378
116,5.8500000000000005,-4.113235968351587,3.800000011920929,0.34081706404685974,0.1116568073630333,0.800000011920929,0.35,3,1,0,0,0.2426583170890808,0.10808146744966507,0.24334809184074402,0.25,0.0,-0.02099920996698662,1,1,0,0.25,filtered,0.058198153916056095,0,0,12,,workspace_y_lower,0,0,1,solved,osqp,1.4863125487123673e-07,valid,-0.02099920996698662,0.002672731876373291
117,5.9,-4.120604205517447,3.800000011920929,0.34537461400032043,0.11276788264513016,0.800000011920929,0.35,3,1,0,0,0.2452041655778885,0.10229577124118805,0.25064730644226074,0.2499999850988388,0.0,-0.019728665537531664,1,1,0,0.2499999850988388,filtered,0.04686032030992273,0,0,12,,workspace_y_lower,0,0,1,solved,osqp,1.397686524616873e-07,valid,-0.019728665537531664,0.0027714986354112625
118,5.95,-4.127849597304429,3.800000011920929,0.3499789535999298,0.11413415521383286,0.800000011920929,0.35,3,1,0,0,0.24720221757888794,0.09678144007921219,0.25355714559555054,0.25,0.0,-0.01818009930471176,1,1,0,0.25,filtered,0.035485242884607915,0,0,12,,workspace_y_lower,0,0,1,solved,osqp,1.1857527879542695e-07,valid,-0.01818009930471176,0.0028157727792859077
119,6.0,-4.134958551800535,3.800000011920929,0.3546152710914612,0.11574064940214157,0.800000011920929,0.35,3,1,0,0,0.24865345656871796,0.09187217056751251,0.2519674003124237,0.25,0.0,-0.01636921765699606,1,1,0,0.25,filtered,0.024160002864679796,0,1,12,workspace_y_lower,workspace_y_lower,0,0,1,solved,osqp,8.295433347074548e-08,valid,-0.01636921765699606,0.002825908362865448
120,6.050000000000001,-4.141920831760865,3.800000011920929,0.35926923155784607,0.1175713911652565,0.800000011920929,0.35,3,1,0,0,0.24957101047039032,0.08774717897176743,0.24597753584384918,0.25,0.0,-0.014313146832946655,1,1,0,0.25,filtered,0.012966425815264141,0,1,12,workspace_y_lower,workspace_y_lower,0,0,1,solved,osqp,3.1366766828876125e-08,valid,-0.014313146832946655,0.0025318777188658714
121,6.1000000000000005,-4.138384557711162,3.800000011920929,0.3633924722671509,0.11885621398687363,0.800000011920929,0.35,3,1,0,0,0.21512044966220856,0.7618085145950317,15.32139778137207,0.25,0.0,-0.012029975146259364,1,1,0,0.25,filtered,0.0379409174080149,0,1,12,workspace_x_lower,workspace_x_lower,0,0,1,solved,osqp,9.809202561328334e-09,valid,-0.012029975146259364,0.0029015270993113518
122,6.15,-4.138063183452989,3.800000011920929,0.3671894371509552,0.11958400160074234,0.800000011920929,0.35,3,1,0,0,0.18305405974388123,0.785099446773529,5.3165507316589355,0.25,0.0,-0.01031462355893159,1,1,0,0.25,filtered,0.07482417730704112,0,1,12,workspace_x_lower,workspace_x_lower,0,0,1,solved,osqp,1.829590562385519e-08,valid,-0.01031462355893159,0.002876310609281063
123,6.2,-4.139246087225196,3.800000011920929,0.3707604706287384,0.119920514523983,0.800000011920929,0.35,3,1,0,0,0.1604151427745819,0.6389017105102539,3.0801098346710205,0.25,0.0,-0.009155377336442283,1,1,0,0.25,filtered,0.1036930710131711,0,1,12,workspace_x_lower,workspace_x_lower,0,0,1,solved,osqp,2.536303776029536e-08,valid,-0.009155377336442283,0.0027877986431121826
124,6.25,-1.0079929007670825,0.6662276983261108,0.37418845295906067,0.12000588327646255,0.6367496848106384,0.35,3,0,0,0,0.14569899439811707,0.5246316194534302,2.454174757003784,0.25,0.0,-0.008378664561420335,1,1,0,0.25,filtered,0.1260481583823036,0,1,12,workspace_x_lower,workspace_x_lower,0,0,1,solved,osqp,3.05542784129198e-08,valid,-0.008378664561420335,0.0028008688241243362
125,6.300000000000001,-4.145444079253561,3.800000011920929,0.3775412440299988,0.11995991319417953,0.800000011920929,0.35,3,1,0,0,0.13742293417453766,0.43641912937164307,1.948752760887146,0.2499999850988388,0.0,-0.007837625791791258,1,1,0,0.2499999850988388,filtered,0.14309801400473837,0,1,12,workspace_x_lower,workspace_x_lower,0,0,1,solved,osqp,3.555349289280363e-08,valid,-0.007837625791791258,0.0026969080790877342
126,6.3500000000000005,-4.150131668204417,3.800000011920929,0.3808739185333252,0.11988665908575058,0.800000011920929,0.35,3,1,0,0,0.13412071764469147,0.36920973658561707,1.5428884029388428,0.25,0.0,-0.00740706538448449,1,1,0,0.25,filtered,0.15581214157795414,0,1,12,workspace_x_lower,workspace_x_lower,0,0,1,solved,osqp,3.888449312886011e-08,valid,-0.00740706538448449,0.0027702003717422485
127,6.4,-4.155697591665409,3.800000011920929,0.3842306435108185,0.1198771670460701,0.800000011920929,0.35,3,1,0,0,0.13443833589553833,0.3186741769313812,1.2166707515716553,0.25,0.0,-0.006978532635846968,1,1,0,0.25,filtered,0.16497228512934362,0,1,12,workspace_x_lower,workspace_x_lower,0,0,1,solved,osqp,4.050946609754358e-08,valid,-0.006978532635846968,0.0025646109133958817
128,6.45,-1.0126470735595103,0.6506200432777405,0.3876461982727051,0.12001226097345352,0.6327136158943176,0.35,3,0,0,0,0.1372397541999817,0.2809714674949646,0.9547985196113586,0.25,0.0,-0.006457594373185438,1,1,0,0.25,filtered,0.17121451918575725,0,1,12,workspace_x_lower,workspace_x_lower,0,0,1,solved,osqp,4.051161963877781e-08,valid,-0.006457594373185438,0.0027152281254529953
129,6.5,-0.8840259497164515,0.5150011777877808,0.3911476135253906,0.12036385387182236,0.5134223699569702,0.35,3,0,0,0,0.14164909720420837,0.2527102530002594,0.7457782626152039,0.25,0.0,-0.005761203603512621,1,1,0,0.25,filtered,0.17506187443136648,0,1,12,workspace_x_lower,workspace_x_lower,0,0,1,solved,osqp,3.905921197588924e-08,valid,-0.005761203603512621,0.002740553580224514
130,6.550000000000001,-0.8915311583230943,0.5149361491203308,0.39475467801094055,0.12099597603082657,0.5108034014701843,0.35,3,0,0,0,0.14702627062797546,0.23101602494716644,0.5804951786994934,0.25,0.0,-0.004816099078750968,1,1,0,0.25,filtered,0.17695281890065176,0,1,12,workspace_x_lower,workspace_x_lower,0,0,1,solved,osqp,3.6376583280317565e-08,valid,-0.004816099078750968,0.002678157761693001
131,6.6000000000000005,-0.8995895278148476,0.5149361491203308,0.3984810411930084,0.12196505814790726,0.5068150162696838,0.35,3,0,0,0,0.15291501581668854,0.21356584131717682,0.4539746940135956,0.25,0.0,-0.003558244739504557,1,1,0,0.25,filtered,0.1772604752471939,0,1,12,workspace_x_lower,workspace_x_lower,0,0,1,solved,osqp,3.226362258260118e-08,valid,-0.003558244739504557,0.0028123892843723297
132,6.65,-0.9076074758660315,0.5144826769828796,0.40233513712882996,0.12332025915384293,0.5012913346290588,0.35,3,0,0,0,0.1589910089969635,0.19866810739040375,0.36217644810676575,0.25,0.0,-0.0019322425349632133,1,1,0,0.25,filtered,0.17630934880596508,0,1,12,workspace_x_lower,workspace_x_lower,0,0,1,solved,osqp,3.027122511337077e-08,valid,-0.0019322425349632133,0.0029010381549596786
133,6.7,-0.9061303711553694,0.5041939616203308,0.4063206911087036,0.1251029521226883,0.4941195845603943,0.35,3,0,0,0,0.16502252221107483,0.1851985603570938,0.3024504780769348,0.2499999850988388,0.0013609558049951231,0.00010887646439960985,1,1,0,0.2499999850988388,filtered,0.17438541094234183,0,1,12,workspace_x_lower,workspace_x_lower,0,0,1,solved,osqp,2.995394414711389e-08,valid,0.00010887646439960985,0.0028830887749791145
134,6.75,-0.9030377930031708,0.4919644594192505,0.41044002771377563,0.12734852731227875,0.48523595929145813,0.35,3,0,0,0,0.17092745006084442,0.1800553798675537,0.3244738280773163,0.25,0.032577697587102966,0.0026062158069682373,1,1,0,0.25,filtered,0.1716649210677507,0,1,12,workspace_x_lower,workspace_x_lower,0,0,1,solved,osqp,2.8611843131721992e-08,valid,0.0026062158069682373,0.0028775110840797424
135,6.800000000000001,-0.8983010948892662,0.47779473662376404,0.4146934449672699,0.13008588552474976,0.4746292233467102,0.35,3,0,0,0,0.17667724192142487,0.18817824125289917,0.6211639642715454,0.25,0.07054824121274506,0.005643859297019604,1,1,0,0.25,filtered,0.16826945021381254,0,1,12,workspace_x_lower,workspace_x_lower,0,0,1,solved,osqp,2.643025612605876e-08,valid,0.005643859297019604,0.0028995461761951447
136,6.8500000000000005,-0.8929245663138909,0.4628918766975403,0.41907063126564026,0.13333772122859955,0.4623394310474396,0.35,3,0,0,0,0.18192026019096375,0.17170517146587372,0.3625093698501587,0.25,0.11577972805906361,0.009262378244725089,1,1,0,0.25,filtered,0.16465482645379062,0,1,12,workspace_x_lower,workspace_x_lower,0,0,1,solved,osqp,2.358251435363029e-08,valid,0.009262378244725089,0.0028442516922950745
137,6.9,-0.885599918197458,0.4487338662147522,0.42342039942741394,0.1370435506105423,0.448733925819397,0.35,3,0,0,0,0.1807829737663269,0.07454986125230789,3.7487642765045166,0.25,0.16487046151242857,0.013189636920994285,1,1,0,0.25,filtered,0.1673195025445143,0,1,12,workspace_x_lower,workspace_x_lower,0,0,1,solved,osqp,2.010721222335532e-08,valid,0.013189636920994285,0.002722974866628647
138,6.95,-0.8783217771171621,0.4338541030883789,0.4277801513671875,0.141231968998909,0.4338540732860565,0.35,3,0,0,0,0.18117649853229523,0.06506192684173584,0.897402286529541,0.25,0.21304445250246856,0.017043556200197485,1,1,0,0.25,filtered,0.16810833287892757,0,1,12,workspace_x_lower,workspace_x_lower,0,0,1,solved,osqp,1.695448528901862e-08,valid,0.017043556200197485,0.001724138855934143
139,7.0,-0.8053064114265001,0.43102124333381653,0.4281051754951477,0.14204619824886322,0.43102121353149414,0.35,3,0,0,0,0.12553156912326813,4.343560218811035,86.93567657470703,0.1325223594903946,0.2653994955461876,0.02123195964369501,0,1,1,0.0,filtered,0.03939278861759361,0,0,12,,workspace_x_lower,0,0,1,solved,osqp,6.038255434661147e-07,valid,0.02123195964369501,0.0018200334161520004
140,7.050000000000001,-0.7880008692987861,0.4299207031726837,0.42767205834388733,0.1423640102148056,0.4299207031726837,0.35,3,0,0,0,0.1579718440771103,0.833641767501831,70.73191833496094,0.16129238903522491,0.2755773828207561,0.02204619062566049,0,1,1,0.0,filtered,0.03044286249257108,0,0,12,,workspace_x_lower,0,0,1,solved,osqp,4.4278424969797225e-07,valid,0.02204619062566049,0.00180906243622303
141,7.1000000000000005,-0.7859567066950524,0.4278492331504822,0.4272810220718384,0.14296449720859528,0.42784929275512695,0.35,3,0,0,0,0.17089472711086273,0.28253844380378723,14.040141105651855,0.17209887504577637,0.27955015848087417,0.022364012678469936,0,1,1,0.0,filtered,0.01865537310180411,0,0,12,,workspace_x_lower,0,0,1,solved,osqp,2.747265037857105e-07,valid,0.022364012678469936,0.0027394546195864677
142,7.15,-0.78358234266968,0.424656480550766,0.426965594291687,0.14389599859714508,0.4246564507484436,0.35,3,0,0,0,0.17972829937934875,0.20796018838882446,1.8615987300872803,0.18033388257026672,0.28705624796703866,0.022964499837363095,0,1,1,0.0,filtered,0.013442263707315914,0,0,12,,workspace_x_lower,0,0,1,solved,osqp,2.022004790399809e-07,valid,0.022964499837363095,0.002322259359061718
143,7.2,-0.7795795832519015,0.42044559121131897,0.4266880452632904,0.14513565599918365,0.42044565081596375,0.35,3,0,0,0,0.18972532451152802,0.21209928393363953,0.8230785131454468,0.19018462300300598,0.2986997804618592,0.023895982436948737,0,1,1,0.0,filtered,0.012151211717445458,0,0,12,,workspace_x_lower,0,0,1,solved,osqp,1.8523591985460108e-07,valid,0.023895982436948737,0.002816184423863888
144,7.25,-0.7744709937765322,0.41522449254989624,0.42644011974334717,0.1466907411813736,0.41522452235221863,0.35,3,0,0,0,0.2023986130952835,0.26094314455986023,1.0545437335968018,0.20266833901405334,0.31419564424638863,0.02513565153971109,0,1,1,0.0,filtered,0.009615342465765392,0,0,12,,workspace_x_lower,0,0,1,solved,osqp,1.4918612807265919e-07,valid,0.02513565153971109,0.002849121578037739
145,7.300000000000001,-0.7684286289862678,0.40895795822143555,0.42622482776641846,0.14858420193195343,0.4089580178260803,0.35,3,0,0,0,0.21844488382339478,0.32739487290382385,1.3381550312042236,0.21854425966739655,0.33363435278826664,0.026690748223061334,0,1,1,0.0,filtered,0.005939509355720443,0,1,12,workspace_x_lower,workspace_x_lower,0,0,1,solved,osqp,9.746875899181023e-08,valid,0.026690748223061334,0.0028241854161024094
146,7.3500000000000005,-0.7613510422838977,0.4016436040401459,0.42603978514671326,0.15083272755146027,0.40164369344711304,0.35,3,0,0,0,0.2389020323753357,0.42904943227767944,2.415189027786255,0.2389020323753357,0.3573025009848539,0.028584200078788313,0,1,1,0.0,passthrough,5.078572440949e-10,0,0,12,,workspace_x_lower,0,0,1,solved,osqp,0.0,valid,0.028584200078788313,0.0028949230909347534
147,7.4,-0.7517735544006836,0.3935941159725189,0.4257924556732178,0.15335695445537567,0.3935941457748413,0.35,3,0,0,0,0.26461276412010193,0.5739192366600037,3.8754189014434814,0.26461276412010193,0.38540932203408385,0.03083274576272671,0,1,1,0.0,passthrough,5.597170600441878e-10,0,0,12,,workspace_x_lower,0,0,1,solved,osqp,0.0,valid,0.03083274576272671,0.002788013778626919
148,7.45,-0.7407433620156372,0.38481342792510986,0.4254516661167145,0.15617240965366364,0.38481345772743225,0.35,3,0,0,0,0.2953023612499237,0.6775375008583069,2.1370420455932617,0.2953023612499237,0.4169618432564352,0.03335694746051482,0,1,1,0.0,passthrough,6.193112571286383e-10,0,0,12,,workspace_x_lower,0,0,1,solved,osqp,0.0,valid,0.03335694746051482,0.0025372598320245743
149,7.5,-0.7284054114018363,0.375221848487854,0.4250001907348633,0.1593252569437027,0.37522193789482117,0.35,3,0,0,0,0.33117231726646423,0.7732757925987244,1.956436276435852,0.33117231726646423,0.452154857070472,0.03617238856563776,0,1,1,0.0,passthrough,6.864449300063876e-10,0,0,12,,workspace_x_lower,0,0,1,solved,osqp,0.0,valid,0.03617238856563776,0.0029378216713666916
150,7.550000000000001,-0.714554252670271,0.36473000049591064,0.42441612482070923,0.16287167370319366,0.3647300601005554,0.35,3,0,0,0,0.372908353805542,0.8907558917999268,2.446322441101074,0.372908353805542,0.4915658900656164,0.03932527120524931,0,1,1,0.0,passthrough,7.608763098840748e-10,0,0,12,,workspace_x_lower,0,0,1,solved,osqp,0.0,valid,0.03932527120524931,0.002892446704208851
151,7.6000000000000005,-0.6992710854339066,0.3531551659107208,0.4236929416656494,0.16690973937511444,0.35315513610839844,0.35,3,0,0,0,0.42047828435897827,1.008953332901001,2.85368013381958,0.42047828435897827,0.5358959075874297,0.04287167260699437,0,1,1,0.0,passthrough,8.393815715914012e-10,0,0,12,,workspace_x_lower,0,0,1,solved,osqp,0.0,valid,0.04287167260699437,0.002765144221484661
152,7.65,-0.6819549171375844,0.34039342403411865,0.4227991998195648,0.17152522504329681,0.34039342403411865,0.35,3,0,0,0,0.47415491938591003,1.1424516439437866,3.554425001144409,0.47415491938591003,0.586371506721657,0.04690972053773257,0,1,1,0.0,passthrough,9.204644048592742e-10,0,0,12,,workspace_x_lower,0,0,1,solved,osqp,0.0,valid,0.04690972053773257,0.002720777876675129
153,7.7,-0.6627974237911531,0.32621535658836365,0.42172661423683167,0.17687012255191803,0.32621538639068604,0.35,3,0,0,0,0.5356104373931885,1.3488268852233887,5.686352729797363,0.5356104373931885,0.6440651471769899,0.051525211774159196,0,1,1,0.0,passthrough,1.0010737689993563e-09,0,0,12,,workspace_x_lower,0,0,1,solved,osqp,0.0,valid,0.051525211774159196,0.0028897803276777267
154,7.75,-0.6410689421995477,0.3104444146156311,0.42043808102607727,0.1831093579530716,0.3104443848133087,0.35,3,0,0,0,0.6087895035743713,1.6785869598388672,8.148881912231445,0.6087895035743713,0.71087652806908,0.0568701222455264,0,1,1,0.0,passthrough,1.0803131637265568e-09,0,0,12,,workspace_x_lower,0,0,1,solved,osqp,0.0,valid,0.0568701222455264,0.002845941111445427
155,7.800000000000001,-0.6146415567421725,0.29321902990341187,0.4187820255756378,0.19031639397144318,0.2932190001010895,0.35,3,0,0,0,0.6928723454475403,2.178887367248535,14.366065979003906,0.6928722858428955,0.7888667828022077,0.06310934262417661,0,1,1,0.0,filtered,3.11286534736323e-08,0,0,12,,workspace_x_lower,0,0,1,solved,osqp,0.0,valid,0.06310934262417661,0.0017650611698627472
156,7.8500000000000005,-0.5753893813782553,0.2761322259902954,0.41613972187042236,0.19792039692401886,0.2761322259902954,0.35,3,0,0,0,0.7834606170654297,2.177351236343384,11.987397193908691,0.7834604382514954,0.8789546569472645,0.07031637255578116,0,1,1,0.0,filtered,2.794182878848468e-07,0,0,12,,workspace_x_lower,0,0,1,solved,osqp,0.0,valid,0.07031637255578116,0.0023988690227270126
157,7.9,-0.5279388037154888,0.25968846678733826,0.41213881969451904,0.20572338998317719,0.2596883773803711,0.35,3,0,0,0,0.8941287994384766,2.3447017669677734,21.549739837646484,0.8941283822059631,0.9740048606501739,0.07792038885201391,0,1,1,0.0,filtered,5.62970753798807e-07,0,0,12,,workspace_x_lower,0,0,1,solved,osqp,0.0,valid,0.07792038885201391,0.0017720526084303856
158,7.95,-0.4983201457809202,0.24208460748195648,0.40785911679267883,0.2146805077791214,0.24208460748195648,0.35,3,0,0,0,0.9737854599952698,2.391803026199341,39.1859016418457,0.9737848043441772,1.0,0.08572334982421043,0,1,1,0.0,filtered,7.477282571435813e-07,0,0,12,,workspace_x_lower,0,0,1,solved,osqp,0.0,valid,0.08572334982421043,0.001760406419634819
159,8.0,-0.47280143912223394,0.22391323745250702,0.403569757938385,0.22468601167201996,0.22391322255134583,0.35,3,0,0,0,1.0064798593521118,1.896212100982666,25.120271682739258,1.006479263305664,1.0,0.0946804957281347,0,1,1,0.0,filtered,6.05906802221264e-07,0,0,12,,workspace_x_lower,0,0,1,solved,osqp,0.0,valid,0.0946804957281347,0.0018051862716674805
160,8.05,-0.4443316482579025,0.2059336006641388,0.3991084396839142,0.23548175394535065,0.2059335857629776,0.35,3,0,0,0,1.0172146558761597,1.1255351305007935,31.441265106201172,1.0172146558761597,1.0,0.10468600168946957,0,1,1,0.0,filtered,2.3003668424548863e-08,0,0,12,,workspace_x_lower,0,0,1,solved,osqp,0.0,valid,0.10468600168946957,0.0029144054278731346
161,8.1,-0.4128302065677958,0.1888260841369629,0.3942752182483673,0.24674223363399506,0.18882611393928528,0.35,3,0,0,0,1.028036117553711,0.9808813333511353,16.171327590942383,1.0280357599258423,1.0,0.11548174470062744,0,1,1,0.0,filtered,4.7178735939581105e-07,0,0,12,,workspace_x_lower,0,0,1,solved,osqp,0.0,valid,0.11548174470062744,0.002796696498990059
162,8.15,-0.38151947609237147,0.17295053601264954,0.38903769850730896,0.25823062658309937,0.17295052111148834,0.35,3,0,0,0,1.0426177978515625,1.1984727382659912,16.215837478637695,1.0426174402236938,1.0,0.12674222907018734,0,1,1,0.0,filtered,4.7080830462871397e-07,0,0,12,,workspace_x_lower,0,0,1,solved,osqp,0.0,valid,0.12674222907018734,0.0028812922537326813
163,8.200000000000001,-0.3557182232707558,0.1580846905708313,0.38365012407302856,0.27008697390556335,0.1580847203731537,0.35,3,0,0,0,1.0631239414215088,1.5330920219421387,9.651898384094238,1.0631238222122192,1.0,0.13823063867148633,0,1,1,0.0,filtered,9.444432586616632e-07,0,0,12,,workspace_x_lower,0,0,1,solved,osqp,0.0,valid,0.13823063867148633,0.0029657119885087013
164,8.25,-0.33724833399432586,0.1439351737499237,0.3784586787223816,0.282576322555542,0.1439352035522461,0.35,3,0,0,0,1.0906612873077393,1.724046230316162,6.816379547119141,1.0906612873077393,1.0,0.15008699461113545,0,1,1,0.0,passthrough,3.621587453565902e-12,0,0,12,,workspace_x_lower,0,0,1,solved,osqp,0.0,valid,0.15008699461113545,0.0028340518474578857
165,8.3,-0.3178892057228348,0.13090959191322327,0.3733395040035248,0.2953495979309082,0.13090957701206207,0.35,3,0,0,0,1.1211670637130737,1.8973355293273926,9.795305252075195,1.1211670637130737,1.0,0.16257634301458357,0,1,1,0.0,passthrough,4.748296093905898e-12,0,0,12,,workspace_x_lower,0,0,1,solved,osqp,0.0,valid,0.16257634301458357,0.0026635508984327316
166,8.35,-0.29025186681237136,0.11956656724214554,0.36777183413505554,0.3077008128166199,0.11956656724214554,0.35,3,0,0,0,1.1410290002822876,1.9776583909988403,10.759368896484375,1.1410290002822876,1.0,0.17534958962094016,0,1,1,0.0,passthrough,4.749668754475601e-12,0,0,12,,workspace_x_lower,0,0,1,solved,osqp,0.0,valid,0.17534958962094016,0.0028854263946413994
167,8.4,-0.25716773943456706,0.10985098034143448,0.36142483353614807,0.3193953335285187,0.10985098034143448,0.35,3,0,0,0,1.155698537826538,1.751996636390686,14.928977012634277,1.1556979417800903,1.0,0.1877008173671313,0,1,1,0.0,filtered,7.528469465960395e-07,0,0,12,,workspace_x_lower,0,0,1,solved,osqp,0.0,valid,0.1877008173671313,0.002772136591374874
168,8.450000000000001,-0.2211692340487616,0.10159413516521454,0.35411620140075684,0.3303166329860687,0.10159412771463394,0.35,3,0,0,0,1.1702830791473389,1.8273181915283203,10.470346450805664,1.1702830791473389,1.0,0.19939533866940035,0,1,1,0.0,passthrough,5.860959067243801e-12,0,0,12,,workspace_x_lower,0,0,1,solved,osqp,0.0,valid,0.19939533866940035,0.002675393596291542
169,8.5,-0.18427101460972636,0.09458954632282257,0.3457949757575989,0.34043076634407043,0.09458953887224197,0.35,3,0,0,0,1.1812654733657837,1.7753854990005493,6.7649383544921875,1.1812654733657837,1.0,0.21031663238089987,0,1,1,0.0,passthrough,7.647652475208405e-12,0,0,12,,workspace_x_lower,0,0,1,solved,osqp,0.0,valid,0.21031663238089987,0.002698914147913456
170,8.55,-0.14352043217274058,0.08877642452716827,0.336256742477417,0.3495244085788727,0.08877641707658768,0.35,3,0,0,0,1.1814974546432495,1.7175941467285156,10.740516662597656,1.1814967393875122,1.0,0.22043077482063178,0,1,1,0.0,filtered,1.0686148293995058e-06,0,0,12,,workspace_x_lower,0,0,1,solved,osqp,0.0,valid,0.22043077482063178,0.002934396266937256
171,8.6,-0.10742806031903405,0.08646225929260254,0.3256230056285858,0.35334542393684387,0.08646224439144135,0.35,5,0,0,0,1.1762871742248535,1.7674294710159302,10.639676094055176,1.1762871742248535,1.0,0.2295244100920963,0,1,1,0.0,passthrough,7.290219045010936e-12,0,0,12,,workspace_x_lower,0,0,1,solved,osqp,0.0,valid,0.2295244100920963,0.0028282254934310913
172,8.65,-0.07154203028873163,0.08684618026018143,0.31380584836006165,0.35306376218795776,0.08684617280960083,0.35,5,0,0,0,1.1692721843719482,2.1364922523498535,9.800028800964355,1.1692721843719482,1.0,0.23334541015636595,0,1,1,0.0,passthrough,5.4577177637124055e-12,0,0,12,,workspace_x_lower,0,0,1,solved,osqp,0.0,valid,0.23334541015636595,0.0017832722514867783
173,8.700000000000001,-0.037533537702442527,0.09453008323907852,0.30057474970817566,0.35158273577690125,0.09453009068965912,0.35,5,0,0,0,1.164939045906067,2.1745569705963135,5.6847453117370605,1.164939045906067,1.0,0.23306377046684373,0,1,1,0.0,passthrough,6.297962519304062e-12,0,0,12,,workspace_x_lower,0,0,1,solved,osqp,0.0,valid,0.23306377046684373,0.0017489781603217125
174,8.75,-0.0028170722560060535,0.10415186733007431,0.28583988547325134,0.3487176299095154,0.10415187478065491,0.35,5,0,0,0,1.1673012971878052,2.1997292041778564,10.615074157714844,1.1673012971878052,1.0,0.23158275663492028,0,1,1,0.0,passthrough,9.584462647538338e-12,0,0,12,,workspace_x_lower,0,0,1,solved,osqp,0.0,valid,0.23158275663492028,0.0017598150297999382
175,8.8,0.028405651258608194,0.11758185923099518,0.2696283459663391,0.3444717228412628,0.11758185178041458,0.35,5,0,0,0,1.1734708547592163,2.0525856018066406,10.857015609741211,1.1734708547592163,1.0,0.22871764576093345,0,1,1,0.0,passthrough,4.954079413910733e-12,0,0,12,,workspace_x_lower,0,0,1,solved,osqp,0.0,valid,0.22871764576093345,0.0018084216862916946
176,8.85,0.04803032058074194,0.1281336545944214,0.25273197889328003,0.3398740887641907,0.12813366949558258,0.35,5,0,0,0,1.1767114400863647,1.4957467317581177,14.761881828308105,1.1767114400863647,1.0,0.2244717223181451,0,1,1,0.0,passthrough,7.166656950069216e-12,0,0,12,,workspace_x_lower,0,0,1,solved,osqp,0.0,valid,0.2244717223181451,0.0017500268295407295
177,8.9,0.06800495160815342,0.11685080081224442,0.23624826967716217,0.3361828029155731,0.11685079336166382,0.35,5,0,0,0,1.1835249662399292,1.4984112977981567,18.697710037231445,1.1835238933563232,1.0,0.21987412249289146,0,1,1,0.0,filtered,1.359758199657538e-06,0,0,12,,workspace_x_lower,0,0,1,solved,osqp,0.0,valid,0.21987412249289146,0.0017786342650651932
178,8.950000000000001,0.08551460844344033,0.13244901597499847,0.21880193054676056,0.331732839345932,0.13244903087615967,0.35,5,0,0,0,1.2068302631378174,1.7941858768463135,30.221364974975586,1.2068294286727905,1.0,0.21618280526106526,0,1,1,0.0,filtered,9.99392812654885e-07,0,0,12,,workspace_x_lower,0,0,1,solved,osqp,0.0,valid,0.21618280526106526,0.00253500510007143
179,9.0,0.09177682987733177,0.11578591167926788,0.20270167291164398,0.32908380031585693,0.11578590422868729,0.35,5,0,0,0,1.2066408395767212,0.8121544122695923,38.2530517578125,1.2066408395767212,1.0,0.21173287471848223,0,1,1,0.0,passthrough,6.691216139307165e-12,0,0,12,,workspace_x_lower,0,0,1,solved,osqp,0.0,valid,0.21173287471848223,0.0028807567432522774
180,9.05,0.10563185919575033,0.12223175168037415,0.18617981672286987,0.3260996639728546,0.12223176658153534,0.35,5,0,0,0,1.221630334854126,1.428118348121643,36.74675369262695,1.221630334854126,1.0,0.20908380225655737,0,1,1,0.0,passthrough,6.781548660551055e-12,0,0,12,,workspace_x_lower,0,0,1,solved,osqp,0.0,valid,0.20908380225655737,0.0029157884418964386
181,9.1,0.10425904757618576,0.11818091571331024,0.17058077454566956,0.32407063245773315,0.11818090081214905,0.35,5,0,0,0,1.1959396600723267,1.2132377624511719,29.138687133789062,1.1959396600723267,1.0,0.20609968440613202,0,1,1,0.0,passthrough,5.448229922598005e-12,0,0,12,,workspace_x_lower,0,0,1,solved,osqp,0.0,valid,0.20609968440613202,0.0030076149851083755
182,9.15,0.10000074229172212,0.11630430817604065,0.15585976839065552,0.32275688648223877,0.11630430072546005,0.35,5,0,0,0,1.1867144107818604,0.9408800005912781,10.45452880859375,1.1867129802703857,1.0,0.2040706631306921,0,1,1,0.0,filtered,1.8664123173804787e-06,0,0,12,,workspace_x_lower,0,0,1,solved,osqp,0.0,valid,0.2040706631306921,0.0029146503657102585
183,9.200000000000001,0.07909993744917046,0.10728943347930908,0.14322131872177124,0.3226783871650696,0.10728941857814789,0.35,5,0,0,0,1.176059365272522,0.883350670337677,18.01723289489746,1.1760578155517578,1.0,0.2027568827285492,0,1,1,0.0,filtered,1.9901110041389646e-06,0,0,12,,workspace_x_lower,0,0,1,solved,osqp,0.0,valid,0.2027568827285492,0.002887168899178505
184,9.25,0.033190280336508365,0.10608547180891037,0.13349904119968414,0.32425305247306824,0.10608545690774918,0.35,5,0,0,0,1.1692492961883545,0.9014169573783875,14.139193534851074,1.1761103868484497,1.0,0.20267838323915555,0,1,1,0.0,filtered,0.023684961329439567,0,0,12,,workspace_x_lower,0,0,1,solved,osqp,1.1548248333992372e-07,valid,0.20267838323915555,0.0026929182931780815
185,9.3,-0.01847502155915691,0.10317196696996689,0.1269804835319519,0.3281513750553131,0.10317195951938629,0.35,5,0,0,0,1.1174780130386353,1.972324013710022,46.56604766845703,1.1563316583633423,1.0,0.20425305870517085,0,1,1,0.0,filtered,0.13394703329361063,0,1,12,workspace_x_lower,workspace_x_lower,0,0,1,solved,osqp,1.382583031395157e-08,valid,0.20425305870517085,0.002771039493381977
186,9.35,-0.057811490575801164,0.09934411942958832,0.12297526746988297,0.33347347378730774,0.09934413433074951,0.35,5,0,0,0,1.0646086931228638,1.7760276794433594,16.23557472229004,1.1043747663497925,1.0,0.2081513740709141,0,1,1,0.0,filtered,0.14668745030778155,0,1,12,workspace_x_lower|joint_4_velocity_upper,workspace_x_lower,0,0,1,solved,osqp,0.0,valid,0.2081513740709141,0.0027696406468749046
187,9.4,-0.0773875080570273,0.09555095434188843,0.12032929807901382,0.3389910161495209,0.09555096924304962,0.35,5,0,0,0,1.0020521879196167,2.2488279342651367,24.48540687561035,1.0417795181274414,1.0,0.21347349135733423,0,1,1,0.0,filtered,0.13862531126187608,0,1,12,workspace_x_lower|joint_4_velocity_upper,workspace_x_lower,0,0,1,solved,osqp,0.0,valid,0.21347349135733423,0.0018544942140579224
188,9.450000000000001,-0.0813581897352613,0.09233183413743973,0.11813865602016449,0.34388116002082825,0.09233185648918152,0.35,5,0,0,0,0.9687182903289795,2.333299160003662,20.00594711303711,0.9965977668762207,1.0,0.2189910389841883,0,1,1,0.0,filtered,0.1126660188760054,0,1,12,workspace_x_lower|joint_4_velocity_upper,workspace_x_lower,0,0,1,solved,osqp,0.0,valid,0.2189910389841883,0.002934281714260578
189,9.5,-0.26848606249063744,0.27975520491600037,0.11598240584135056,0.33619821071624756,0.26690325140953064,0.35,5,0,0,0,0.9634951949119568,2.5288808345794678,14.398906707763672,0.9801830053329468,1.0,0.22388117526897067,0,1,1,0.0,filtered,0.08553932531256733,0,1,12,workspace_x_lower,workspace_x_lower,0,0,1,solved,osqp,4.4800324370403155e-08,valid,0.22388117526897067,0.0028244424611330032
190,9.55,-0.26735464261829467,0.2265414595603943,0.11638326197862625,0.33076781034469604,0.2127228081226349,0.35,5,0,0,0,0.7872369885444641,8.066997528076172,169.7340850830078,0.7762166261672974,1.0,0.19757523992672427,0,1,1,0.0,filtered,0.1898982978660874,0,0,12,joint_1_acceleration_lower|joint_2_acceleration_lower|joint_0_acceleration_upper|joint_5_acceleration_upper,workspace_x_lower,0,0,1,solved,osqp,0.0,valid,0.19757523992672427,0.0027493685483932495
191,9.600000000000001,-0.23392393764694203,0.16058972477912903,0.11861752718687057,0.32842278480529785,0.14627061784267426,0.35,5,0,0,0,0.7908415198326111,7.054929733276367,46.91943359375,0.8024154901504517,1.0,0.19214416550126112,0,1,1,0.0,filtered,0.05839321188310629,0,0,12,joint_0_acceleration_upper,workspace_x_lower,0,0,1,solved,osqp,0.0,valid,0.19214416550126112,0.002659756690263748
192,9.65,-0.2825623269229053,0.11534880846738815,0.1258595734834671,0.33110636472702026,0.10102569311857224,0.35,5,0,0,0,0.8640356063842773,7.194039344787598,182.26751708984375,0.8668020367622375,1.0,0.18988487382473862,0,1,1,0.0,filtered,0.05374859575623409,0,0,12,joint_5_acceleration_lower,workspace_x_lower,0,0,1,solved,osqp,0.0,valid,0.18988487382473862,0.0028916150331497192
193,9.700000000000001,-0.3595830867158331,0.11218149214982986,0.13729332387447357,0.33488738536834717,0.09835543483495712,0.35,4,0,0,0,1.0009480714797974,6.241132736206055,41.861061096191406,1.0024093389511108,1.0,0.19263832973706596,0,1,1,0.0,filtered,0.006623677162098746,0,0,12,joint_5_acceleration_lower,workspace_x_lower,0,0,1,solved,osqp,0.0,valid,0.19263832973706596,0.0028313444927334785
194,9.75,-0.4042948538475423,0.10814445465803146,0.15112006664276123,0.3399864137172699,0.09488504379987717,0.35,4,0,0,0,1.107332468032837,3.9930942058563232,64.19164276123047,1.107332468032837,1.0,0.19648449490732817,0,1,1,0.0,passthrough,6.2659777524233914e-12,0,0,12,,workspace_x_lower,0,0,1,solved,osqp,0.0,valid,0.19648449490732817,0.002799971029162407
195,9.8,-0.39699787636400297,0.10366860777139664,0.16430512070655823,0.3445843458175659,0.09187965840101242,0.35,4,0,0,0,1.1234153509140015,4.47878360748291,87.91923522949219,1.1187630891799927,1.0,0.20157251614056027,0,1,1,0.0,filtered,0.02593612128797006,0,0,12,,workspace_x_lower,0,0,1,solved,osqp,0.0,valid,0.20157251614056027,0.002923022024333477
196,9.850000000000001,-0.3589166349354435,0.10179977864027023,0.1750880777835846,0.3471325635910034,0.09026297181844711,0.35,4,0,0,0,1.115239143371582,4.137582302093506,44.08012771606445,1.1151517629623413,1.0,0.20747783789342156,0,1,1,0.0,filtered,0.015769065552078684,0,0,12,joint_0_acceleration_lower,workspace_x_lower,0,0,1,solved,osqp,0.0,valid,0.20747783789342156,0.0029820408672094345
197,9.9,-0.3248225310585682,0.10108843445777893,0.1837223321199417,0.348076730966568,0.08967262506484985,0.35,4,0,0,0,1.0942299365997314,2.845571756362915,53.33620834350586,1.1132553815841675,1.0,0.21003219481684493,0,1,1,0.0,filtered,0.061798601247260984,0,0,12,,workspace_x_lower,0,0,1,solved,osqp,2.6996640647980463e-07,valid,0.21003219481684493,0.0028556417673826218
198,9.950000000000001,-0.3064928226967486,0.10106688737869263,0.19104863703250885,0.3480474352836609,0.08969087153673172,0.35,4,0,0,0,1.064080834388733,2.3521978855133057,49.51272964477539,1.1299911737442017,1.0,0.21101896179027124,0,1,1,0.0,filtered,0.201494469334679,0,1,12,workspace_x_lower,workspace_x_lower,2,0,0,inaccurate_solution,,0.0,valid,0.21101896179027124,0.0030757104977965355
199,10.0,-0.30050865095778323,0.10378684103488922,0.19761766493320465,0.34759652614593506,0.09242142736911774,0.35,4,0,0,0,1.0243701934814453,1.9334547519683838,28.143268585205078,1.099282145500183,1.0,0.21104897271538475,0,1,1,0.0,filtered,0.23234349036573024,0,1,12,workspace_x_lower|joint_4_velocity_upper,workspace_x_lower,0,0,1,solved,osqp,0.0,valid,0.21104897271538475,0.002675296738743782
200,10.05,-0.29797009614659187,0.1047665998339653,0.20370863378047943,0.34703606367111206,0.09341631829738617,0.35,4,0,0,0,0.9754005670547485,2.3909037113189697,19.19706916809082,1.047478199005127,1.0,0.21067224711206145,0,1,1,0.0,filtered,0.23509166428594686,0,1,12,workspace_x_lower|joint_4_velocity_upper,workspace_x_lower,0,0,1,solved,osqp,0.0,valid,0.21067224711206145,0.0019925441592931747
201,10.100000000000001,-0.2997575583770987,0.10346133261919022,0.2096850574016571,0.34672120213508606,0.0921715646982193,0.35,4,0,0,0,0.9528890252113342,2.8017029762268066,14.712882995605469,0.9981154203414917,1.0,0.21020628931819602,0,1,1,0.0,filtered,0.18506578635466087,0,0,12,,workspace_x_lower,0,0,1,solved,osqp,6.596207373227303e-07,valid,0.21020628931819602,0.001992367208003998
202,10.15,-0.3204312100036626,0.10120205581188202,0.2166183590888977,0.3474191129207611,0.09008331596851349,0.35,4,0,0,0,0.9660518169403076,2.4139113426208496,26.093732833862305,0.9800582528114319,1.0,0.21001613658774848,0,1,1,0.0,filtered,0.08445830278759084,0,0,12,,workspace_x_lower,0,0,1,solved,osqp,2.3276198752447685e-07,valid,0.21001613658774848,0.0017886143177747726
203,10.200000000000001,-0.33998872241055256,0.10018559545278549,0.224335178732872,0.34868451952934265,0.08929504454135895,0.35,4,0,0,0,0.9608556628227234,1.5742570161819458,39.864234924316406,0.9732598066329956,1.0,0.21086080694311055,0,1,1,0.0,filtered,0.08602057303811325,0,0,12,,workspace_x_lower,0,0,1,solved,osqp,1.7812558987181926e-07,valid,0.21086080694311055,0.0019159959629178047
204,10.25,-0.35215892015140754,0.09915077686309814,0.2323797196149826,0.3499898612499237,0.0884905681014061,0.35,4,0,0,0,0.9309495687484741,1.434361219406128,20.46477699279785,0.953227162361145,1.0,0.2122831366558462,0,1,1,0.0,filtered,0.14187683784706656,0,0,12,,workspace_x_lower,0,0,1,solved,osqp,1.9166107347728945e-07,valid,0.2122831366558462,0.0017901565879583359
205,10.3,-0.3605369488161276,0.09827151149511337,0.24051040410995483,0.3510904014110565,0.08781906962394714,0.35,4,0,0,0,0.8909060955047607,1.4920034408569336,15.843467712402344,0.9195217490196228,1.0,0.2137486890300302,0,1,1,0.0,filtered,0.17516282000021446,0,0,12,,workspace_x_lower,0,0,1,solved,osqp,1.2247432007103654e-07,valid,0.2137486890300302,0.0018370766192674637
206,10.350000000000001,-0.3681511202588095,0.09757644683122635,0.24866025149822235,0.3519410490989685,0.0873042494058609,0.35,4,0,0,0,0.8537054657936096,1.4614344835281372,9.344532012939453,0.8837671279907227,1.0,0.21500817282576012,0,1,1,0.0,filtered,0.18708898317560152,0,1,12,workspace_x_lower,workspace_x_lower,0,0,1,solved,osqp,5.26759314717698e-08,valid,0.21500817282576012,0.001872987486422062
207,10.4,-0.37387235542428354,0.097111277282238,0.2567027807235718,0.35246825218200684,0.08698700368404388,0.35,4,0,0,0,0.820950448513031,1.4244887828826904,9.235213279724121,0.8473156094551086,1.0,0.21601322931130723,0,1,1,0.0,filtered,0.17849643240685728,0,1,12,workspace_x_lower,workspace_x_lower,0,0,1,solved,osqp,1.44599589836647e-08,valid,0.21601322931130723,0.0020147282630205154
208,10.450000000000001,-0.3737320891537781,0.09703551232814789,0.26430150866508484,0.35243022441864014,0.08700983971357346,0.35,4,0,0,0,0.7953855991363525,1.4453336000442505,12.159086227416992,0.8195897340774536,1.0,0.21669061586478533,0,1,1,0.0,filtered,0.17528439363158033,0,1,12,workspace_x_lower,workspace_x_lower,0,0,1,solved,osqp,2.5681816413075653e-09,valid,0.21669061586478533,0.002788376994431019
209,10.5,-0.3746347378644175,0.10096646100282669,0.2713157832622528,0.35176411271095276,0.09098724275827408,0.35,4,0,0,0,0.7707545757293701,1.3668416738510132,4.676731109619141,0.7929919362068176,1.0,0.2168012767650197,0,1,1,0.0,filtered,0.17138946353305742,0,1,12,workspace_x_lower,workspace_x_lower,0,0,1,solved,osqp,1.5439042041348605e-09,valid,0.2168012767650197,0.0022422829642891884
210,10.55,-0.3795694400462379,0.10338690876960754,0.27806171774864197,0.35077789425849915,0.09342681616544724,0.35,4,0,0,0,0.7511144876480103,1.0912047624588013,11.445562362670898,0.7694931626319885,1.0,0.21628391046996698,0,1,1,0.0,filtered,0.1579602892827744,0,1,12,workspace_x_lower,workspace_x_lower,0,0,1,solved,osqp,7.898986877780123e-09,valid,0.21628391046996698,0.0021169818937778473
211,10.600000000000001,-0.38302003005794183,0.10630004107952118,0.28444138169288635,0.34942859411239624,0.09633056819438934,0.35,4,0,0,0,0.7375592589378357,0.8499338030815125,9.068594932556152,0.7522023916244507,1.0,0.2154442841893746,0,1,1,0.0,filtered,0.14315951872559834,0,1,12,workspace_x_lower,workspace_x_lower,0,0,1,solved,osqp,2.6476431966987457e-08,valid,0.2154442841893746,0.0022450946271419525
212,10.65,-0.3849014270030014,0.1096201092004776,0.29036110639572144,0.34768661856651306,0.09961893409490585,0.35,4,0,0,0,0.725598931312561,1.0350310802459717,9.652482032775879,0.7370650172233582,1.0,0.214242598085424,0,1,1,0.0,filtered,0.12852621197553804,0,1,12,workspace_x_lower,workspace_x_lower,0,0,1,solved,osqp,6.412314169923494e-08,valid,0.214242598085424,0.0021682176738977432
213,10.700000000000001,-0.3887474768540586,0.11204967647790909,0.29599204659461975,0.3457299470901489,0.10201454162597656,0.35,4,0,0,0,0.7166749835014343,1.0876281261444092,5.156612396240234,0.7274107336997986,1.0,0.2126616113040451,0,1,1,0.0,filtered,0.12611893427914425,0,0,12,,workspace_x_lower,0,0,1,solved,osqp,1.3181530674269415e-07,valid,0.2126616113040451,0.002768285572528839
214,10.75,-0.39251607015132384,0.11436042934656143,0.30134889483451843,0.34360116720199585,0.1042938232421875,0.35,4,0,0,0,0.7063422799110413,1.049093246459961,2.7224559783935547,0.7190314531326294,1.0,0.21088629889854077,0,1,1,0.0,filtered,0.1379334487956289,0,0,12,,workspace_x_lower,0,0,1,solved,osqp,2.515745463858854e-07,valid,0.21088629889854077,0.0020609013736248016
215,10.8,-0.39590917931341557,0.11663689464330673,0.30642589926719666,0.3413269817829132,0.10654392093420029,0.35,4,0,0,0,0.6945011019706726,0.961984395980835,3.6823835372924805,0.7100600600242615,1.0,0.2089601809638818,0,1,1,0.0,filtered,0.15247793773630838,0,0,12,,workspace_x_lower,0,0,1,solved,osqp,4.2370241792877295e-07,valid,0.2089601809638818,0.002591102384030819
216,10.850000000000001,-0.39814267804149495,0.11913879960775375,0.31116342544555664,0.33889228105545044,0.10902361571788788,0.35,4,0,0,0,0.6806273460388184,0.9113317131996155,4.755667209625244,0.6998399496078491,1.0,0.2069095262042559,0,1,1,0.0,filtered,0.1681830414793567,0,0,12,,workspace_x_lower,0,0,1,solved,osqp,6.406546683504488e-07,valid,0.2069095262042559,0.00209779292345047
217,10.9,-0.39804796343676574,0.12241989374160767,0.3154172897338867,0.33620065450668335,0.11227819323539734,0.35,4,0,0,0,0.6656596660614014,0.9076297879219055,5.24302339553833,0.6871103644371033,1.0,0.20471862384044304,0,1,1,0.0,filtered,0.17592913937914387,0,0,12,,workspace_x_lower,0,0,1,solved,osqp,8.436037265760477e-07,valid,0.20471862384044304,0.0019402625039219856
218,10.950000000000001,-0.3973446551356574,0.12598323822021484,0.31917038559913635,0.33324599266052246,0.11580918729305267,0.35,4,0,0,0,0.6521275043487549,0.8137644529342651,5.053145408630371,0.6753854155540466,1.0,0.20228953850279324,0,1,1,0.0,filtered,0.18122012101829738,0,1,12,workspace_x_lower,workspace_x_lower,2,0,0,inaccurate_solution,,0.0,valid,0.20228953850279324,0.001901158131659031
219,11.0,-0.39572156744899983,0.1299598067998886,0.32238292694091797,0.33000415563583374,0.11974558234214783,0.35,4,0,0,0,0.6427257061004639,0.8632110357284546,6.48532772064209,0.6679730415344238,1.0,0.19961378271658037,0,1,1,0.0,filtered,0.18711844715495857,0,1,12,workspace_x_lower,workspace_x_lower,2,0,0,inaccurate_solution,,0.0,valid,0.19961378271658037,0.0021229898557066917
220,11.05,-0.39367728015111036,0.13442499935626984,0.3250425159931183,0.3264577388763428,0.12415517866611481,0.35,4,0,0,0,0.632235586643219,0.8625743389129639,7.846969127655029,0.6617631912231445,1.0,0.19666624118915416,0,1,1,0.0,filtered,0.20025799601552818,0,1,12,workspace_x_lower,workspace_x_lower,2,0,0,inaccurate_solution,,0.0,valid,0.19666624118915416,0.002156231552362442
221,11.100000000000001,-0.39669682806912254,0.14621788263320923,0.32706740498542786,0.3225257992744446,0.13586290180683136,0.35,4,0,0,0,0.6198808550834656,0.9206995368003845,6.552143573760986,0.6543708443641663,1.0,0.1934211079962067,0,1,1,0.0,filtered,0.21394333444145205,0,1,12,workspace_x_lower,workspace_x_lower,0,0,1,solved,osqp,7.524309831447029e-09,valid,0.1934211079962067,0.002530946396291256
222,11.15,-0.4012285139695644,0.15713509917259216,0.3286234140396118,0.31831276416778564,0.14666366577148438,0.35,4,0,0,0,0.6027146577835083,0.9927502870559692,10.709349632263184,0.6428277492523193,1.0,0.18978863139346291,0,1,1,0.0,filtered,0.22731616568166876,0,1,12,workspace_x_lower,workspace_x_lower,0,0,1,solved,osqp,7.7975037676703e-09,valid,0.18978863139346291,0.001840507611632347
223,11.200000000000001,-0.4070885630303408,0.16375161707401276,0.3300308585166931,0.3140464425086975,0.15313975512981415,0.35,4,0,0,0,0.5849685072898865,1.2736177444458008,12.082793235778809,0.6295202970504761,1.0,0.18586161058959405,0,1,1,0.0,filtered,0.23590519684234892,0,1,12,workspace_x_lower,workspace_x_lower,0,0,1,solved,osqp,7.817730501152864e-09,valid,0.18586161058959405,0.0018524518236517906
224,11.25,-0.4126545554089091,0.17120952904224396,0.3312491178512573,0.3096991777420044,0.16043902933597565,0.35,4,0,0,0,0.5790384411811829,0.8025097846984863,9.675737380981445,0.627851128578186,1.0,0.1818556178000859,0,1,1,0.0,filtered,0.24554297764319288,0,1,12,workspace_x_lower,workspace_x_lower,0,0,1,solved,osqp,7.995077981604037e-09,valid,0.1818556178000859,0.0018166080117225647
225,11.3,-0.417957519004454,0.17824424803256989,0.3322961628437042,0.30530065298080444,0.16730721294879913,0.35,4,0,0,0,0.5785835385322571,0.4998142123222351,6.706174850463867,0.6312716007232666,1.0,0.17775390044607509,0,1,1,0.0,filtered,0.2548928271250643,0,1,12,workspace_x_lower,workspace_x_lower,0,0,1,solved,osqp,8.211686868681012e-09,valid,0.17775390044607509,0.0018757209181785583
226,11.350000000000001,-0.42279324408911356,0.1845206618309021,0.33319762349128723,0.3008922040462494,0.17341996729373932,0.35,4,0,0,0,0.5754551887512207,0.22311434149742126,6.493662357330322,0.6308711171150208,1.0,0.17359535162020567,0,1,1,0.0,filtered,0.2606183661330233,0,1,12,workspace_x_lower,workspace_x_lower,0,0,1,solved,osqp,8.320821164031766e-09,valid,0.17359535162020567,0.0025702062994241714
227,11.4,-0.427104011257027,0.19131061434745789,0.3339086174964905,0.29646098613739014,0.18005669116973877,0.35,4,0,0,0,0.570774495601654,0.23611731827259064,4.969166278839111,0.6293718814849854,1.0,0.16942855486856367,0,1,1,0.0,filtered,0.2669565019345761,0,1,12,workspace_x_lower,workspace_x_lower,0,0,1,solved,osqp,8.42301193723638e-09,valid,0.16942855486856367,0.0028031757101416588
228,11.450000000000001,-0.4309670985263609,0.19746388494968414,0.334451824426651,0.29204103350639343,0.18607640266418457,0.35,4,0,0,0,0.5665591359138489,0.30729642510414124,2.4216222763061523,0.6278288960456848,1.0,0.1652485236236591,0,1,1,0.0,filtered,0.27203027145701286,0,1,12,workspace_x_lower,workspace_x_lower,0,0,1,solved,osqp,8.400918041079342e-09,valid,0.1652485236236591,0.002508925274014473
229,11.5,-0.43449737748742684,0.20352056622505188,0.33482661843299866,0.28764328360557556,0.1920246183872223,0.35,4,0,0,0,0.5620319247245789,0.3576356768608093,1.148269534111023,0.6256589293479919,1.0,0.16109352773866942,0,1,1,0.0,filtered,0.2761965623157266,0,1,12,workspace_x_lower,workspace_x_lower,0,0,1,solved,osqp,8.256037409282158e-09,valid,0.16109352773866942,0.0027097342535853386
230,11.55,-0.4377836474946707,0.20926803350448608,0.33504819869995117,0.28328603506088257,0.1976929008960724,0.35,4,0,0,0,0.5566821098327637,0.35465872287750244,0.8884519338607788,0.6223217248916626,1.0,0.1569765259891091,0,1,1,0.0,filtered,0.279311155280309,0,1,12,workspace_x_lower,workspace_x_lower,0,0,1,solved,osqp,7.984643175806827e-09,valid,0.1569765259891091,0.00235865730792284
231,11.600000000000001,-0.44098390240789176,0.21536293625831604,0.3351047933101654,0.278962641954422,0.20373833179473877,0.35,4,0,0,0,0.5496054291725159,0.34377560019493103,1.3655608892440796,0.6168950200080872,1.0,0.15291581309480595,0,1,1,0.0,filtered,0.2811443176070874,0,1,12,workspace_x_lower,workspace_x_lower,0,0,1,solved,osqp,7.600739117957778e-09,valid,0.15291581309480595,0.00182326789945364
232,11.65,-0.4440016714428606,0.22172808647155762,0.33498433232307434,0.2746693193912506,0.21008631587028503,0.35,4,0,0,0,0.5417207479476929,0.35884445905685425,0.6977244019508362,0.6110289096832275,1.0,0.1489034381359884,0,1,1,0.0,filtered,0.2835187429925678,0,1,12,workspace_x_lower,workspace_x_lower,0,0,1,solved,osqp,7.17230052432738e-09,valid,0.1489034381359884,0.0018878355622291565
233,11.700000000000001,-0.4467596933606467,0.22811496257781982,0.33468449115753174,0.27041134238243103,0.21649211645126343,0.35,4,0,0,0,0.5335073471069336,0.38019099831581116,0.5175510048866272,0.6050274968147278,1.0,0.14493590978985976,0,1,1,0.0,filtered,0.2861266876341582,0,1,12,workspace_x_lower,workspace_x_lower,0,0,1,solved,osqp,6.694909990972997e-09,valid,0.14493590978985976,0.0023588091135025024
234,11.75,-0.4493414587465515,0.23465561866760254,0.33420059084892273,0.26618924736976624,0.2230905145406723,0.35,4,0,0,0,0.5252816677093506,0.3996972143650055,0.8554222583770752,0.5989793539047241,1.0,0.14101903372557134,0,1,1,0.0,filtered,0.28854944526062976,0,1,12,workspace_x_lower,workspace_x_lower,0,0,1,solved,osqp,6.1696018814616504e-09,valid,0.14101903372557134,0.0018483251333236694
235,11.8,-0.4518962316686702,0.2417980581521988,0.3335127830505371,0.2619889974594116,0.23033004999160767,0.35,4,0,0,0,0.5151002407073975,0.41425803303718567,1.2713308334350586,0.5913059115409851,1.0,0.1371531251952962,0,1,1,0.0,filtered,0.291026318181265,0,1,12,workspace_x_lower,workspace_x_lower,0,0,1,solved,osqp,5.610921009063796e-09,valid,0.1371531251952962,0.0018279748037457466
236,11.850000000000001,-0.4539439782260343,0.2485901564359665,0.3326268196105957,0.25782835483551025,0.23726551234722137,0.35,4,0,0,0,0.5040535926818848,0.44678249955177307,0.9636104702949524,0.5829524397850037,1.0,0.13332341712427875,0,1,1,0.0,filtered,0.2934841773752956,0,1,12,workspace_x_lower,workspace_x_lower,0,0,1,solved,osqp,5.028692282027514e-09,valid,0.13332341712427875,0.002245408482849598
237,11.9,-0.4550575027306971,0.2535214424133301,0.3316041827201843,0.253771036863327,0.24239671230316162,0.35,4,0,0,0,0.4925719201564789,0.4566875100135803,1.3900785446166992,0.5733159780502319,1.0,0.12954920625489957,0,1,1,0.0,filtered,0.293988472600601,0,1,12,workspace_x_lower,workspace_x_lower,0,0,1,solved,osqp,4.405447198013723e-09,valid,0.12954920625489957,0.0020564962178468704
238,11.950000000000001,-0.45704286334061206,0.26016902923583984,0.33041077852249146,0.24976342916488647,0.2492925524711609,0.35,4,0,0,0,0.4798993468284607,0.3541826605796814,4.699481964111328,0.5623345375061035,1.0,0.12589504036688215,0,1,1,0.0,filtered,0.293741226605378,0,1,12,workspace_x_lower,workspace_x_lower,0,0,1,solved,osqp,3.790450474328022e-09,valid,0.12589504036688215,0.0018631434068083763
239,12.0,-0.45863142566434617,0.2649953365325928,0.329131543636322,0.2458648383617401,0.2544219493865967,0.35,4,0,0,0,0.4683336317539215,0.2677881717681885,3.3190720081329346,0.5523112416267395,1.0,0.12230308049667432,0,1,1,0.0,filtered,0.2933989860472479,0,0,12,,workspace_x_lower,0,0,1,solved,osqp,9.532882730561854e-07,valid,0.12230308049667432,0.0019648708403110504
